timestamp,Temp_5cm,SM_5cm,EC_5cm,Temp_50cm,SM_50cm,EC_50cm,Precipitation
2020-10-12 10:45:00,27.2,20.8,0.27,27.2,31.3,0.52,0.0
2020-10-12 11:00:00,27.5,19.8,0.24,27.2,32.2,0.53,0.0
2020-10-12 11:15:00,26.4,20.0,0.25,26.7,32.0,0.55,0.0
2020-10-12 11:30:00,26.2,19.8,0.26,26.2,31.8,0.56,0.0
2020-10-12 11:45:00,25.9,20.1,0.26,26.2,31.8,0.56,0.0
2020-10-12 12:00:00,25.9,20.1,0.26,26.2,32.4,0.55,0.0
2020-10-12 12:15:00,26.2,20.5,0.25,25.9,32.2,0.55,0.0
2020-10-12 12:30:00,26.2,20.3,0.26,25.9,32.2,0.56,0.0
2020-10-12 12:45:00,26.4,20.6,0.26,25.9,32.2,0.56,0.0
2020-10-12 13:00:00,26.4,20.6,0.26,25.9,32.2,0.56,0.0
2020-10-12 13:15:00,26.7,20.4,0.26,25.9,32.0,0.56,0.0
2020-10-12 13:30:00,26.7,20.9,0.25,25.9,32.0,0.56,0.0
2020-10-12 13:45:00,26.7,20.8,0.26,25.9,32.7,0.55,0.0
2020-10-12 14:00:00,26.7,20.8,0.26,25.9,32.7,0.55,0.0
2020-10-12 14:15:00,26.7,20.8,0.26,25.9,32.3,0.56,0.0
2020-10-12 14:30:00,26.7,20.8,0.26,25.9,32.3,0.56,0.3
2020-10-12 14:45:00,26.7,20.8,0.26,25.9,32.7,0.55,0.3
2020-10-12 15:00:00,26.7,20.8,0.26,25.9,32.3,0.56,0.2
2020-10-12 15:15:00,26.4,20.5,0.26,25.9,32.3,0.56,0.0
2020-10-12 15:30:00,26.4,20.5,0.26,25.9,32.8,0.56,0.0
2020-10-12 15:45:00,26.4,20.5,0.26,25.9,32.1,0.57,0.0
2020-10-12 16:00:00,26.2,20.5,0.26,25.9,32.8,0.56,0.0
2020-10-12 16:15:00,26.2,20.5,0.26,25.9,32.8,0.56,0.0
2020-10-12 16:30:00,26.2,20.5,0.26,25.1,31.7,0.56,0.0
2020-10-12 16:45:00,25.9,21.0,0.26,25.9,32.8,0.56,0.0
2020-10-12 17:00:00,25.9,20.5,0.26,25.9,32.8,0.56,0.0
2020-10-12 17:15:00,25.9,20.5,0.26,25.6,32.6,0.56,0.0
2020-10-12 17:30:00,25.6,21.0,0.26,25.6,32.8,0.56,0.2
2020-10-12 17:45:00,25.6,21.0,0.26,25.9,32.8,0.56,0.2
2020-10-12 18:00:00,25.6,21.0,0.26,25.6,32.6,0.56,0.0
2020-10-12 18:15:00,25.4,21.0,0.26,25.9,32.6,0.56,0.2
2020-10-12 18:30:00,25.4,20.7,0.26,25.6,32.6,0.56,0.0
2020-10-12 18:45:00,25.1,20.7,0.26,25.6,32.6,0.56,0.0
2020-10-12 19:00:00,25.1,20.7,0.26,25.6,32.6,0.56,0.0
2020-10-12 19:15:00,24.9,20.7,0.26,25.6,32.6,0.56,0.0
2020-10-12 19:30:00,24.9,20.8,0.26,25.6,32.6,0.56,0.3
2020-10-12 19:45:00,24.9,20.8,0.26,25.6,32.6,0.56,0.5
2020-10-12 20:00:00,24.7,20.8,0.26,25.6,32.6,0.56,0.6
2020-10-12 20:15:00,24.7,20.8,0.26,25.6,32.6,0.56,0.3
2020-10-12 20:30:00,24.7,20.8,0.26,25.6,32.6,0.56,0.2
2020-10-12 20:45:00,24.4,20.8,0.26,25.6,32.6,0.56,0.0
2020-10-12 21:00:00,24.4,20.8,0.26,25.9,32.6,0.56,0.0
2020-10-12 21:15:00,24.2,20.8,0.26,25.6,32.6,0.56,0.2
2020-10-12 21:30:00,24.2,21.0,0.26,25.6,32.6,0.56,0.0
2020-10-12 21:45:00,24.2,20.7,0.26,25.6,32.6,0.56,0.0
2020-10-12 22:00:00,23.9,21.0,0.26,25.6,32.6,0.56,0.0
2020-10-12 22:15:00,23.9,20.7,0.26,25.6,33.2,0.55,0.9
2020-10-12 22:30:00,23.9,20.7,0.26,25.9,32.6,0.56,1.8
2020-10-12 22:45:00,23.9,20.7,0.26,25.6,32.6,0.56,2.1
2020-10-12 23:00:00,23.7,20.2,0.27,25.6,33.2,0.55,0.9
2020-10-12 23:15:00,23.7,20.2,0.27,25.6,33.2,0.55,0.5
2020-10-12 23:30:00,23.5,20.7,0.26,25.6,33.2,0.55,0.2
2020-10-12 23:45:00,23.3,21.4,0.28,25.6,32.6,0.56,0.0
2020-10-13 00:00:00,23.3,23.7,0.31,25.6,33.2,0.55,0.2
2020-10-13 00:15:00,23.3,25.0,0.33,25.6,32.7,0.57,0.0
2020-10-13 00:30:00,23.0,25.4,0.34,25.6,33.0,0.56,0.0
2020-10-13 00:45:00,23.0,25.3,0.35,25.6,33.0,0.56,0.0
2020-10-13 01:00:00,22.8,25.8,0.36,25.6,32.7,0.57,0.0
2020-10-13 01:15:00,22.8,26.0,0.36,25.6,33.0,0.56,0.0
2020-10-13 01:30:00,22.8,26.0,0.36,25.6,33.0,0.56,0.0
2020-10-13 01:45:00,22.6,26.0,0.36,25.6,33.0,0.56,0.0
2020-10-13 02:00:00,22.6,26.2,0.35,25.6,32.7,0.57,0.0
2020-10-13 02:15:00,22.4,26.2,0.36,25.6,33.0,0.56,0.0
2020-10-13 02:30:00,22.4,26.2,0.36,25.6,33.0,0.56,0.2
2020-10-13 02:45:00,22.4,26.2,0.36,25.6,32.7,0.57,0.0
2020-10-13 03:00:00,22.1,26.3,0.35,25.6,32.7,0.57,0.0
2020-10-13 03:15:00,22.1,25.8,0.36,25.6,32.7,0.57,0.0
2020-10-13 03:30:00,22.1,26.0,0.35,25.6,32.7,0.57,0.2
2020-10-13 03:45:00,21.9,26.0,0.35,25.6,33.0,0.56,0.0
2020-10-13 04:00:00,21.9,26.0,0.35,25.6,32.7,0.57,0.0
2020-10-13 04:15:00,21.9,26.0,0.35,25.6,32.6,0.57,0.0
2020-10-13 04:30:00,21.9,26.0,0.35,25.6,32.6,0.57,0.0
2020-10-13 04:45:00,21.9,25.6,0.36,25.6,32.6,0.57,0.0
2020-10-13 05:00:00,21.7,25.6,0.36,25.6,32.6,0.57,0.0
2020-10-13 05:15:00,21.7,25.6,0.36,25.6,33.0,0.56,0.0
2020-10-13 05:30:00,21.7,25.8,0.35,25.6,32.6,0.57,0.0
2020-10-13 05:45:00,21.7,25.8,0.35,25.6,32.6,0.57,0.0
2020-10-13 06:00:00,21.7,25.8,0.35,25.6,32.6,0.57,0.0
2020-10-13 06:15:00,21.7,25.8,0.35,25.6,32.6,0.57,0.2
2020-10-13 06:30:00,21.7,25.4,0.35,25.6,32.6,0.57,0.0
2020-10-13 06:45:00,21.7,25.4,0.35,25.6,32.6,0.57,0.0
2020-10-13 07:00:00,21.5,25.4,0.35,25.6,32.6,0.57,0.0
2020-10-13 07:15:00,21.7,25.4,0.35,25.6,32.6,0.57,0.0
2020-10-13 07:30:00,21.7,25.4,0.35,25.6,32.6,0.57,0.0
2020-10-13 07:45:00,21.7,25.4,0.35,25.6,32.6,0.57,0.0
2020-10-13 08:00:00,21.7,25.4,0.35,25.6,32.6,0.57,0.0
2020-10-13 08:15:00,21.7,25.6,0.35,25.6,32.6,0.57,0.0
2020-10-13 08:30:00,21.9,25.6,0.35,25.6,32.6,0.57,0.0
2020-10-13 08:45:00,21.9,25.4,0.35,25.6,32.6,0.57,0.0
2020-10-13 09:00:00,22.1,25.7,0.35,25.6,32.6,0.57,0.0
2020-10-13 09:15:00,22.4,25.2,0.36,25.6,32.6,0.57,0.0
2020-10-13 09:30:00,22.4,25.2,0.36,25.6,32.6,0.57,0.0
2020-10-13 09:45:00,22.6,25.2,0.35,25.4,32.6,0.57,0.0
2020-10-13 10:00:00,22.8,25.2,0.35,25.4,32.6,0.57,0.0
2020-10-13 10:15:00,22.8,25.5,0.35,25.4,32.6,0.57,0.0
2020-10-13 10:30:00,23.0,25.2,0.35,25.4,32.6,0.57,0.0
2020-10-13 10:45:00,23.0,25.4,0.35,25.4,32.6,0.57,0.0
2020-10-13 11:00:00,23.3,25.7,0.34,25.4,32.6,0.57,0.0
2020-10-13 11:15:00,23.3,25.2,0.35,25.4,32.6,0.57,0.0
2020-10-13 11:30:00,23.5,25.2,0.35,25.4,32.6,0.57,0.0
2020-10-13 11:45:00,23.5,25.2,0.35,25.4,32.6,0.57,0.0
2020-10-13 12:00:00,23.7,25.2,0.35,25.4,33.3,0.56,0.0
2020-10-13 12:15:00,23.9,25.0,0.35,25.4,33.1,0.57,0.0
2020-10-13 12:30:00,24.2,25.0,0.35,25.4,32.6,0.57,0.0
2020-10-13 12:45:00,24.4,25.3,0.35,25.4,33.3,0.56,0.0
2020-10-13 13:00:00,24.7,25.4,0.35,25.4,32.4,0.58,0.0
2020-10-13 13:15:00,24.9,25.4,0.35,25.4,32.6,0.57,0.0
2020-10-13 13:30:00,25.1,25.2,0.35,25.4,33.3,0.56,0.0
2020-10-13 13:45:00,25.4,25.2,0.35,25.4,32.6,0.57,0.0
2020-10-13 14:00:00,25.6,25.2,0.35,25.4,32.4,0.58,0.0
2020-10-13 14:15:00,25.6,25.0,0.35,25.4,32.6,0.57,0.0
2020-10-13 14:30:00,25.6,25.2,0.35,25.4,33.1,0.57,0.0
2020-10-13 14:45:00,25.6,25.2,0.35,25.4,33.3,0.56,0.0
2020-10-13 15:00:00,25.6,25.2,0.35,25.4,32.4,0.58,0.0
2020-10-13 15:15:00,25.6,25.2,0.35,25.4,32.6,0.57,0.0
2020-10-13 15:30:00,25.6,25.3,0.34,25.4,32.4,0.58,0.0
2020-10-13 15:45:00,25.6,24.8,0.35,25.4,32.6,0.57,0.0
2020-10-13 16:00:00,25.6,24.8,0.35,25.4,33.1,0.57,0.0
2020-10-13 16:15:00,25.6,25.0,0.34,25.4,33.1,0.57,0.0
2020-10-13 16:30:00,25.4,25.0,0.35,25.4,33.1,0.57,0.0
2020-10-13 16:45:00,25.4,25.0,0.35,25.4,32.4,0.58,0.0
2020-10-13 17:00:00,25.1,25.1,0.34,25.1,33.1,0.57,0.0
2020-10-13 17:15:00,25.1,25.1,0.34,25.1,33.1,0.57,0.0
2020-10-13 17:30:00,24.9,25.3,0.34,25.1,33.1,0.57,0.2
2020-10-13 17:45:00,24.9,24.5,0.35,25.1,33.1,0.57,0.0
2020-10-13 18:00:00,24.7,24.6,0.34,25.1,33.1,0.57,0.0
2020-10-13 18:15:00,24.4,24.6,0.34,25.1,33.1,0.57,0.0
2020-10-13 18:30:00,24.2,24.8,0.34,25.1,33.1,0.57,0.0
2020-10-13 18:45:00,23.9,24.8,0.34,25.1,33.1,0.57,0.0
2020-10-13 19:00:00,23.9,24.4,0.34,25.1,33.1,0.57,0.0
2020-10-13 19:15:00,23.7,24.4,0.34,25.1,33.1,0.57,0.0
2020-10-13 19:30:00,23.5,24.6,0.34,25.1,32.4,0.58,0.0
2020-10-13 19:45:00,23.5,24.6,0.34,25.1,33.1,0.57,0.0
2020-10-13 20:00:00,23.3,24.8,0.33,25.1,33.1,0.57,0.0
2020-10-13 20:15:00,23.3,24.8,0.33,25.4,33.1,0.57,0.0
2020-10-13 20:30:00,23.0,24.4,0.34,25.4,33.1,0.57,0.0
2020-10-13 20:45:00,23.0,24.4,0.34,25.1,33.1,0.57,0.0
2020-10-13 21:00:00,22.8,24.4,0.34,25.4,33.1,0.57,0.0
2020-10-13 21:15:00,22.8,24.6,0.33,25.4,32.4,0.58,0.0
2020-10-13 21:30:00,22.6,24.6,0.33,25.4,33.1,0.57,0.0
2020-10-13 21:45:00,22.6,24.6,0.33,25.1,33.1,0.57,0.0
2020-10-13 22:00:00,22.6,24.6,0.33,25.4,33.1,0.57,0.0
2020-10-13 22:15:00,22.4,24.2,0.33,25.1,32.4,0.58,0.0
2020-10-13 22:30:00,22.4,24.2,0.33,25.4,33.1,0.57,0.0
2020-10-13 22:45:00,22.4,24.2,0.34,25.4,33.1,0.57,0.0
2020-10-13 23:00:00,22.4,24.4,0.33,25.4,33.1,0.57,0.0
2020-10-13 23:15:00,22.4,24.4,0.33,25.4,33.1,0.57,0.0
2020-10-13 23:30:00,22.1,24.4,0.33,25.4,33.1,0.57,0.0
2020-10-13 23:45:00,22.1,24.4,0.33,25.1,33.1,0.57,0.0
2020-10-14 00:00:00,22.1,24.4,0.33,25.4,33.1,0.57,0.0
2020-10-14 00:15:00,21.9,24.4,0.33,25.4,33.1,0.57,0.0
2020-10-14 00:30:00,21.9,24.6,0.33,25.4,33.1,0.57,0.0
2020-10-14 00:45:00,21.9,24.0,0.33,25.4,33.1,0.57,0.0
2020-10-14 01:00:00,21.9,24.0,0.33,25.4,33.1,0.57,0.0
2020-10-14 01:15:00,21.7,24.2,0.33,25.4,33.1,0.57,0.0
2020-10-14 01:30:00,21.7,24.2,0.33,25.1,33.1,0.57,0.0
2020-10-14 01:45:00,21.7,24.2,0.33,25.4,33.1,0.57,0.0
2020-10-14 02:00:00,21.7,24.2,0.33,25.4,33.1,0.57,0.0
2020-10-14 02:15:00,21.5,24.2,0.33,25.1,33.1,0.57,0.0
2020-10-14 02:30:00,21.5,24.4,0.32,25.1,33.1,0.57,0.0
2020-10-14 02:45:00,21.5,24.4,0.32,25.1,33.1,0.57,0.0
2020-10-14 03:00:00,21.5,24.4,0.32,25.1,33.1,0.57,0.0
2020-10-14 03:15:00,21.3,24.4,0.32,25.1,33.1,0.57,0.0
2020-10-14 03:30:00,21.3,24.4,0.32,25.1,33.1,0.57,0.0
2020-10-14 03:45:00,21.3,24.4,0.33,25.1,33.1,0.57,0.0
2020-10-14 04:00:00,21.1,24.0,0.33,25.1,33.1,0.57,0.0
2020-10-14 04:15:00,21.1,24.0,0.33,25.1,33.1,0.57,0.0
2020-10-14 04:30:00,21.1,24.0,0.33,25.1,33.1,0.57,0.0
2020-10-14 04:45:00,21.1,24.0,0.33,25.1,33.1,0.57,0.0
2020-10-14 05:00:00,21.1,24.0,0.33,25.1,33.1,0.57,0.0
2020-10-14 05:15:00,20.9,24.2,0.32,25.1,33.1,0.57,0.0
2020-10-14 05:30:00,20.9,24.2,0.32,25.1,33.1,0.57,0.0
2020-10-14 05:45:00,20.9,24.2,0.32,25.1,33.1,0.57,0.0
2020-10-14 06:00:00,20.9,24.2,0.32,25.1,33.1,0.57,0.0
2020-10-14 06:15:00,20.9,24.2,0.32,25.1,33.1,0.57,0.0
2020-10-14 06:30:00,20.7,24.3,0.32,25.1,33.1,0.57,0.0
2020-10-14 06:45:00,20.7,24.3,0.32,25.1,33.1,0.57,0.0
2020-10-14 07:00:00,20.7,24.3,0.32,25.1,33.1,0.57,0.0
2020-10-14 07:15:00,20.7,23.8,0.33,25.1,33.1,0.57,0.0
2020-10-14 07:30:00,20.7,23.8,0.33,25.1,33.1,0.57,0.0
2020-10-14 07:45:00,20.7,23.8,0.33,25.1,33.1,0.57,0.0
2020-10-14 08:00:00,20.7,23.8,0.33,25.1,33.1,0.57,0.0
2020-10-14 08:15:00,20.9,23.8,0.33,25.1,33.1,0.57,0.0
2020-10-14 08:30:00,21.1,23.8,0.32,25.1,33.1,0.57,0.0
2020-10-14 08:45:00,21.1,23.7,0.33,25.1,33.1,0.57,0.0
2020-10-14 09:00:00,21.3,23.7,0.33,25.1,33.1,0.57,0.0
2020-10-14 09:15:00,21.5,23.7,0.33,24.9,33.1,0.57,0.0
2020-10-14 09:30:00,21.5,23.7,0.33,25.1,33.1,0.57,0.0
2020-10-14 09:45:00,21.7,24.0,0.32,24.9,33.1,0.57,0.0
2020-10-14 10:00:00,22.1,23.8,0.33,24.9,33.1,0.57,0.0
2020-10-14 10:15:00,22.6,24.2,0.33,24.9,33.1,0.57,0.0
2020-10-14 10:30:00,23.0,24.0,0.33,24.9,33.1,0.57,0.0
2020-10-14 10:45:00,23.5,24.0,0.33,24.9,33.1,0.57,0.0
2020-10-14 11:00:00,23.7,23.9,0.33,24.9,33.1,0.57,0.0
2020-10-14 11:15:00,23.9,24.2,0.33,24.9,33.1,0.57,0.0
2020-10-14 11:30:00,24.2,24.5,0.33,24.9,33.1,0.57,0.0
2020-10-14 11:45:00,24.4,24.5,0.32,24.9,33.1,0.57,0.0
2020-10-14 12:00:00,24.7,24.5,0.32,24.9,33.1,0.57,0.0
2020-10-14 12:15:00,24.9,24.4,0.33,24.9,33.1,0.57,0.0
2020-10-14 12:30:00,24.9,24.4,0.33,24.9,33.1,0.57,0.0
2020-10-14 12:45:00,25.1,24.2,0.33,24.9,33.1,0.57,0.0
2020-10-14 13:00:00,25.4,24.2,0.33,24.9,33.1,0.57,0.0
2020-10-14 13:15:00,25.6,24.2,0.33,24.9,33.1,0.57,0.0
2020-10-14 13:30:00,25.9,24.5,0.33,24.9,33.1,0.57,0.0
2020-10-14 13:45:00,26.2,24.3,0.33,24.9,33.1,0.57,0.0
2020-10-14 14:00:00,26.2,24.4,0.33,24.9,33.1,0.57,0.0
2020-10-14 14:15:00,26.4,24.4,0.33,24.9,33.1,0.57,0.0
2020-10-14 14:30:00,26.4,24.4,0.33,24.9,33.1,0.57,0.0
2020-10-14 14:45:00,26.7,24.4,0.33,24.9,33.1,0.57,0.0
2020-10-14 15:00:00,26.7,24.4,0.33,24.9,33.1,0.57,0.0
2020-10-14 15:15:00,26.7,24.7,0.33,24.9,33.0,0.57,0.0
2020-10-14 15:30:00,26.7,24.4,0.33,24.7,33.0,0.57,0.0
2020-10-14 15:45:00,26.7,24.7,0.33,24.9,33.0,0.57,0.0
2020-10-14 16:00:00,26.7,24.7,0.33,24.9,33.0,0.57,0.0
2020-10-14 16:15:00,26.7,24.7,0.33,24.9,33.0,0.57,0.0
2020-10-14 16:30:00,26.4,24.4,0.33,24.9,33.0,0.57,0.0
2020-10-14 16:45:00,26.2,24.0,0.33,24.9,33.0,0.57,0.0
2020-10-14 17:00:00,26.2,24.0,0.33,24.9,33.0,0.57,0.0
2020-10-14 17:15:00,25.9,24.2,0.33,24.9,33.0,0.57,0.0
2020-10-14 17:30:00,25.6,24.2,0.33,24.9,33.0,0.57,0.0
2020-10-14 17:45:00,25.6,24.2,0.33,24.9,33.2,0.56,0.0
2020-10-14 18:00:00,25.4,24.3,0.32,24.9,33.0,0.57,0.0
2020-10-14 18:15:00,25.1,24.0,0.33,24.9,33.1,0.57,0.0
2020-10-14 18:30:00,25.1,24.0,0.33,24.9,33.1,0.57,0.0
2020-10-14 18:45:00,24.9,24.0,0.33,24.9,33.3,0.56,0.0
2020-10-14 19:00:00,24.7,24.2,0.32,24.9,33.1,0.57,0.0
2020-10-14 19:15:00,24.7,24.2,0.32,24.9,33.1,0.57,0.0
2020-10-14 19:30:00,24.4,23.8,0.33,24.9,33.1,0.57,0.0
2020-10-14 19:45:00,24.2,23.8,0.33,24.9,33.1,0.57,0.0
2020-10-14 20:00:00,24.2,23.8,0.33,24.9,33.1,0.57,0.0
2020-10-14 20:15:00,23.9,24.0,0.32,24.9,33.1,0.57,0.0
2020-10-14 20:30:00,23.9,24.0,0.32,24.7,31.6,0.58,0.0
2020-10-14 20:45:00,23.7,24.0,0.32,24.9,33.1,0.57,0.0
2020-10-14 21:00:00,23.7,24.2,0.32,24.9,33.1,0.57,0.0
2020-10-14 21:15:00,23.5,24.2,0.32,24.9,33.1,0.57,0.0
2020-10-14 21:30:00,23.5,24.2,0.32,24.9,33.3,0.56,0.0
2020-10-14 21:45:00,23.3,23.8,0.32,24.9,33.1,0.57,0.0
2020-10-14 22:00:00,23.3,23.5,0.33,24.9,33.1,0.57,0.0
2020-10-14 22:15:00,23.0,23.8,0.32,24.9,33.1,0.57,0.0
2020-10-14 22:30:00,23.0,23.8,0.32,24.9,33.1,0.57,0.0
2020-10-14 22:45:00,23.0,24.0,0.32,24.9,33.3,0.56,0.0
2020-10-14 23:00:00,22.8,23.7,0.32,24.9,33.1,0.57,0.0
2020-10-14 23:15:00,22.8,24.0,0.32,24.9,33.1,0.57,0.0
2020-10-14 23:30:00,22.8,24.0,0.32,24.9,33.1,0.57,0.0
2020-10-14 23:45:00,22.6,23.7,0.32,24.9,33.1,0.57,0.0
2020-10-15 00:00:00,22.6,23.3,0.32,24.9,33.1,0.57,0.0
2020-10-15 00:15:00,22.6,23.3,0.32,24.9,33.1,0.57,0.0
2020-10-15 00:30:00,22.4,23.3,0.33,24.9,33.1,0.57,0.0
2020-10-15 00:45:00,22.4,23.3,0.33,24.9,33.1,0.57,0.0
2020-10-15 01:00:00,22.4,23.5,0.32,24.9,33.1,0.57,0.0
2020-10-15 01:15:00,22.4,23.5,0.32,24.9,33.1,0.57,0.0
2020-10-15 01:30:00,22.4,23.5,0.32,24.9,33.1,0.57,0.0
2020-10-15 01:45:00,22.1,23.5,0.32,24.9,33.1,0.57,0.0
2020-10-15 02:00:00,22.1,23.5,0.32,24.9,33.1,0.57,0.0
2020-10-15 02:15:00,22.1,23.5,0.32,24.9,33.1,0.57,0.0
2020-10-15 02:30:00,22.1,23.5,0.32,24.9,33.1,0.57,0.0
2020-10-15 02:45:00,22.1,23.5,0.32,24.9,33.1,0.57,0.0
2020-10-15 03:00:00,21.9,23.7,0.32,24.9,33.1,0.57,0.0
2020-10-15 03:15:00,21.9,23.7,0.32,24.9,33.1,0.57,0.0
2020-10-15 03:30:00,21.9,23.7,0.32,24.9,33.1,0.57,0.0
2020-10-15 03:45:00,21.9,23.7,0.32,24.9,33.1,0.57,0.0
2020-10-15 04:00:00,21.9,23.1,0.32,24.9,33.1,0.57,0.0
2020-10-15 04:15:00,21.7,23.1,0.32,24.9,33.1,0.57,0.0
2020-10-15 04:30:00,21.7,23.3,0.32,24.9,33.1,0.57,0.0
2020-10-15 04:45:00,21.7,23.3,0.32,24.9,33.1,0.57,0.0
2020-10-15 05:00:00,21.7,23.3,0.32,24.9,33.1,0.57,0.0
2020-10-15 05:15:00,21.7,23.3,0.32,24.9,33.1,0.57,0.0
2020-10-15 05:30:00,21.5,23.3,0.32,24.9,33.1,0.57,0.0
2020-10-15 05:45:00,21.5,23.3,0.32,24.9,33.1,0.57,0.0
2020-10-15 06:00:00,21.5,23.3,0.32,24.9,32.9,0.58,0.0
2020-10-15 06:15:00,21.5,23.3,0.32,24.9,33.1,0.57,0.0
2020-10-15 06:30:00,21.5,23.5,0.32,24.9,33.1,0.57,0.0
2020-10-15 06:45:00,21.5,23.5,0.32,24.9,33.1,0.57,0.0
2020-10-15 07:00:00,21.3,23.5,0.32,24.9,33.1,0.57,0.0
2020-10-15 07:15:00,21.3,23.5,0.32,24.9,33.1,0.57,0.0
2020-10-15 07:30:00,21.5,23.5,0.32,24.9,33.1,0.57,0.0
2020-10-15 07:45:00,21.5,23.5,0.32,24.9,33.1,0.57,0.0
2020-10-15 08:00:00,21.5,23.5,0.31,24.9,33.1,0.57,0.0
2020-10-15 08:15:00,21.7,23.8,0.31,24.9,33.3,0.56,0.0
2020-10-15 08:30:00,21.9,23.6,0.32,24.9,33.1,0.57,0.0
2020-10-15 08:45:00,22.1,23.6,0.32,24.9,33.3,0.56,0.0
2020-10-15 09:00:00,22.4,23.6,0.31,24.9,33.1,0.57,0.0
2020-10-15 09:15:00,22.6,23.4,0.32,24.9,33.3,0.56,0.0
2020-10-15 09:30:00,23.0,23.3,0.32,24.9,33.1,0.57,0.0
2020-10-15 09:45:00,23.5,23.3,0.32,24.9,33.1,0.57,0.0
2020-10-15 10:00:00,23.7,23.6,0.32,24.9,33.1,0.57,0.0
2020-10-15 10:15:00,24.2,23.8,0.32,24.9,33.3,0.56,0.0
2020-10-15 10:30:00,24.7,23.6,0.32,24.9,33.3,0.56,0.0
2020-10-15 10:45:00,25.1,23.4,0.33,24.9,33.1,0.57,0.0
2020-10-15 11:00:00,25.4,23.7,0.32,24.9,33.1,0.57,0.0
2020-10-15 11:15:00,25.6,24.1,0.32,24.9,33.2,0.56,0.0
2020-10-15 11:30:00,25.9,23.6,0.33,24.9,33.3,0.56,0.0
2020-10-15 11:45:00,26.2,23.9,0.32,24.9,33.2,0.56,0.0
2020-10-15 12:00:00,26.4,24.0,0.32,24.7,33.2,0.56,0.0
2020-10-15 12:15:00,26.7,24.0,0.32,24.9,33.2,0.56,0.0
2020-10-15 12:30:00,26.7,23.8,0.33,24.9,33.2,0.56,0.0
2020-10-15 12:45:00,26.9,24.1,0.32,24.7,33.2,0.56,0.0
2020-10-15 13:00:00,26.9,24.1,0.32,24.7,33.2,0.56,0.0
2020-10-15 13:15:00,26.9,24.1,0.32,24.9,33.2,0.56,0.0
2020-10-15 13:30:00,26.9,24.1,0.32,24.7,33.2,0.56,0.0
2020-10-15 13:45:00,26.9,24.1,0.32,24.7,33.2,0.56,0.0
2020-10-15 14:00:00,27.2,24.1,0.32,24.7,33.2,0.56,0.0
2020-10-15 14:15:00,27.2,24.1,0.32,24.7,33.2,0.56,0.0
2020-10-15 14:30:00,27.2,23.9,0.33,24.7,33.2,0.56,0.0
2020-10-15 14:45:00,27.5,23.9,0.33,24.7,33.2,0.56,0.0
2020-10-15 15:00:00,27.5,23.9,0.33,24.7,33.2,0.56,0.0
2020-10-15 15:15:00,27.5,23.9,0.33,24.7,33.2,0.56,0.0
2020-10-15 15:30:00,27.5,23.9,0.33,24.7,33.2,0.56,0.0
2020-10-15 15:45:00,27.5,23.9,0.33,24.7,33.2,0.56,0.0
2020-10-15 16:00:00,27.5,24.1,0.32,24.7,33.2,0.56,0.0
2020-10-15 16:15:00,27.5,24.1,0.32,24.7,33.2,0.56,0.0
2020-10-15 16:30:00,27.2,24.1,0.32,24.7,33.2,0.56,0.0
2020-10-15 16:45:00,27.2,24.1,0.32,24.9,33.2,0.56,0.0
2020-10-15 17:00:00,26.9,23.7,0.32,24.9,33.2,0.56,0.0
2020-10-15 17:15:00,26.9,23.7,0.32,24.9,33.2,0.56,0.0
2020-10-15 17:30:00,26.7,23.4,0.33,24.9,33.2,0.56,0.0
2020-10-15 17:45:00,26.4,23.6,0.32,24.9,33.2,0.56,0.0
2020-10-15 18:00:00,26.4,23.6,0.32,24.9,33.3,0.56,0.0
2020-10-15 18:15:00,26.2,23.6,0.32,24.9,33.2,0.56,0.0
2020-10-15 18:30:00,25.9,23.8,0.32,24.9,33.3,0.56,0.0
2020-10-15 18:45:00,25.9,23.8,0.32,24.9,33.1,0.57,0.0
2020-10-15 19:00:00,25.6,23.8,0.32,24.9,33.1,0.57,0.0
2020-10-15 19:15:00,25.4,23.9,0.32,24.9,33.1,0.57,0.0
2020-10-15 19:30:00,25.4,23.6,0.32,24.9,33.1,0.57,0.0
2020-10-15 19:45:00,25.1,23.6,0.32,24.9,33.1,0.57,0.0
2020-10-15 20:00:00,25.1,23.6,0.32,24.9,33.1,0.57,0.0
2020-10-15 20:15:00,24.9,23.8,0.32,24.9,33.1,0.57,0.0
2020-10-15 20:30:00,24.9,23.3,0.32,24.9,33.1,0.57,0.0
2020-10-15 20:45:00,24.9,23.3,0.32,24.9,33.1,0.57,0.0
2020-10-15 21:00:00,24.7,23.3,0.32,24.9,33.1,0.57,0.0
2020-10-15 21:15:00,24.7,23.3,0.32,24.9,33.1,0.57,0.0
2020-10-15 21:30:00,24.7,23.4,0.32,24.9,33.1,0.57,0.0
2020-10-15 21:45:00,24.4,23.4,0.32,24.9,33.1,0.57,0.0
2020-10-15 22:00:00,24.4,23.4,0.32,24.9,33.1,0.57,0.0
2020-10-15 22:15:00,24.4,23.4,0.32,24.9,33.1,0.57,0.0
2020-10-15 22:30:00,24.2,23.6,0.31,24.9,33.1,0.57,0.0
2020-10-15 22:45:00,24.2,23.6,0.31,24.9,33.1,0.57,0.0
2020-10-15 23:00:00,24.2,23.6,0.32,24.9,33.1,0.57,0.0
2020-10-15 23:15:00,23.9,23.6,0.32,25.1,33.1,0.57,0.0
2020-10-15 23:30:00,23.9,23.6,0.32,25.1,33.1,0.57,0.0
2020-10-15 23:45:00,23.9,23.1,0.32,25.1,33.1,0.57,0.0
2020-10-16 00:00:00,23.7,23.8,0.31,25.1,33.1,0.57,0.0
2020-10-16 00:15:00,23.7,23.3,0.32,25.1,33.1,0.57,0.0
2020-10-16 00:30:00,23.7,23.3,0.32,25.1,33.1,0.57,0.0
2020-10-16 00:45:00,23.5,23.2,0.32,25.1,33.1,0.57,0.0
2020-10-16 01:00:00,23.5,23.1,0.32,25.1,33.1,0.57,0.0
2020-10-16 01:15:00,23.3,23.4,0.31,25.1,33.1,0.57,0.0
2020-10-16 01:30:00,23.3,23.4,0.32,25.1,33.1,0.57,0.0
2020-10-16 01:45:00,23.3,23.4,0.32,25.1,33.1,0.57,0.0
2020-10-16 02:00:00,23.0,23.6,0.31,25.1,33.1,0.57,0.0
2020-10-16 02:15:00,23.0,23.6,0.31,25.1,33.1,0.57,0.0
2020-10-16 02:30:00,22.8,23.6,0.31,25.1,33.1,0.57,0.0
2020-10-16 02:45:00,22.8,23.2,0.31,25.1,33.1,0.57,0.0
2020-10-16 03:00:00,22.8,23.2,0.31,25.1,33.1,0.57,0.0
2020-10-16 03:15:00,22.6,23.2,0.31,25.1,33.1,0.57,0.0
2020-10-16 03:30:00,22.6,23.2,0.31,25.1,33.1,0.57,0.0
2020-10-16 03:45:00,22.6,23.2,0.31,25.1,33.1,0.57,0.0
2020-10-16 04:00:00,22.4,23.2,0.31,25.1,33.1,0.57,0.0
2020-10-16 04:15:00,22.4,23.4,0.31,25.1,33.1,0.57,0.0
2020-10-16 04:30:00,22.4,23.4,0.31,25.1,33.1,0.57,0.0
2020-10-16 04:45:00,22.4,23.1,0.31,25.1,33.1,0.57,0.0
2020-10-16 05:00:00,22.4,23.1,0.31,25.1,33.1,0.57,0.0
2020-10-16 05:15:00,22.1,23.1,0.31,25.1,33.1,0.57,0.0
2020-10-16 05:30:00,22.1,23.1,0.31,25.1,33.1,0.57,0.0
2020-10-16 05:45:00,22.1,23.3,0.31,25.1,33.1,0.57,0.0
2020-10-16 06:00:00,21.9,22.8,0.32,25.1,33.1,0.57,0.0
2020-10-16 06:15:00,21.9,22.8,0.32,25.1,33.1,0.57,0.0
2020-10-16 06:30:00,21.9,22.8,0.32,25.1,33.1,0.57,0.0
2020-10-16 06:45:00,21.9,22.8,0.32,25.1,33.1,0.57,0.0
2020-10-16 07:00:00,21.9,22.8,0.32,25.1,33.1,0.57,0.0
2020-10-16 07:15:00,21.9,22.7,0.32,25.1,33.1,0.57,0.0
2020-10-16 07:30:00,21.9,22.8,0.32,25.1,33.1,0.57,0.0
2020-10-16 07:45:00,21.9,22.8,0.32,25.1,33.1,0.57,0.0
2020-10-16 08:00:00,22.1,23.0,0.31,25.1,33.1,0.57,0.0
2020-10-16 08:15:00,22.1,23.0,0.31,25.1,33.1,0.57,0.0
2020-10-16 08:30:00,22.4,23.1,0.31,25.1,33.1,0.57,0.0
2020-10-16 08:45:00,22.6,22.9,0.32,25.1,33.1,0.57,0.0
2020-10-16 09:00:00,23.0,23.2,0.31,25.1,33.1,0.57,0.0
2020-10-16 09:15:00,23.3,23.2,0.31,25.1,33.1,0.57,0.0
2020-10-16 09:30:00,23.7,23.1,0.32,25.1,33.1,0.57,0.0
2020-10-16 09:45:00,24.2,22.9,0.32,24.9,33.1,0.57,0.0
2020-10-16 10:00:00,24.7,23.0,0.32,25.1,33.1,0.57,0.0
2020-10-16 10:15:00,25.1,23.4,0.32,25.1,33.1,0.57,0.0
2020-10-16 10:30:00,25.4,23.4,0.32,24.9,33.1,0.57,0.0
2020-10-16 10:45:00,25.9,23.5,0.32,25.1,33.1,0.57,0.0
2020-10-16 11:00:00,26.4,23.4,0.32,25.1,33.1,0.57,0.0
2020-10-16 11:15:00,26.4,23.4,0.32,24.9,33.1,0.57,0.0
2020-10-16 11:30:00,26.7,23.4,0.32,24.9,33.1,0.57,0.0
2020-10-16 11:45:00,26.9,23.5,0.32,24.9,33.1,0.57,0.0
2020-10-16 12:00:00,27.2,23.5,0.32,24.9,33.1,0.57,0.0
2020-10-16 12:15:00,27.5,23.3,0.32,24.9,33.1,0.57,0.0
2020-10-16 12:30:00,27.5,23.3,0.32,24.9,33.1,0.57,0.0
2020-10-16 12:45:00,27.8,23.9,0.32,24.9,33.1,0.57,0.0
2020-10-16 13:00:00,28.0,23.7,0.32,24.9,33.1,0.57,0.0
2020-10-16 13:15:00,28.0,23.7,0.32,24.9,33.1,0.57,0.0
2020-10-16 13:30:00,28.3,23.7,0.32,24.9,33.1,0.57,0.0
2020-10-16 13:45:00,28.3,23.7,0.32,24.9,33.1,0.57,0.0
2020-10-16 14:00:00,28.6,23.5,0.32,24.9,33.1,0.57,0.0
2020-10-16 14:15:00,28.6,23.5,0.32,24.9,33.1,0.57,0.0
2020-10-16 14:30:00,28.6,23.5,0.32,24.9,33.1,0.57,0.0
2020-10-16 14:45:00,28.6,23.6,0.32,24.9,33.1,0.57,0.0
2020-10-16 15:00:00,28.9,23.6,0.32,24.9,33.1,0.57,0.0
2020-10-16 15:15:00,28.9,23.6,0.32,24.9,33.1,0.57,0.0
2020-10-16 15:30:00,28.9,23.6,0.32,24.9,33.1,0.57,0.0
2020-10-16 15:45:00,28.9,23.6,0.32,24.9,33.1,0.57,0.0
2020-10-16 16:00:00,28.9,23.6,0.32,24.9,33.1,0.57,0.0
2020-10-16 16:15:00,28.6,23.6,0.32,24.9,33.1,0.57,0.0
2020-10-16 16:30:00,28.6,23.5,0.32,24.9,33.1,0.57,0.0
2020-10-16 16:45:00,28.3,23.7,0.32,24.9,33.1,0.57,0.0
2020-10-16 17:00:00,28.3,23.7,0.32,24.9,33.1,0.57,0.0
2020-10-16 17:15:00,28.0,23.7,0.32,24.9,33.1,0.57,0.0
2020-10-16 17:30:00,28.0,23.9,0.31,24.9,33.1,0.57,0.0
2020-10-16 17:45:00,27.8,23.4,0.32,25.1,33.1,0.57,0.0
2020-10-16 18:00:00,27.5,23.4,0.32,24.9,33.1,0.57,0.0
2020-10-16 18:15:00,27.5,23.5,0.32,25.1,33.1,0.57,0.0
2020-10-16 18:30:00,27.2,23.5,0.32,25.1,33.1,0.57,0.0
2020-10-16 18:45:00,26.9,23.5,0.32,25.1,33.1,0.57,0.0
2020-10-16 19:00:00,26.9,23.7,0.31,25.1,33.1,0.57,0.0
2020-10-16 19:15:00,26.7,23.7,0.31,25.1,33.1,0.57,0.0
2020-10-16 19:30:00,26.7,23.4,0.32,25.1,33.1,0.57,0.0
2020-10-16 19:45:00,26.4,23.6,0.31,25.1,33.1,0.57,0.0
2020-10-16 20:00:00,26.4,23.0,0.32,25.1,33.1,0.57,0.0
2020-10-16 20:15:00,26.2,23.0,0.32,25.1,33.1,0.57,0.0
2020-10-16 20:30:00,26.2,23.2,0.32,25.1,33.1,0.57,0.0
2020-10-16 20:45:00,25.9,23.2,0.32,25.1,33.1,0.57,0.0
2020-10-16 21:00:00,25.9,23.2,0.32,25.1,33.1,0.57,0.0
2020-10-16 21:15:00,25.6,23.2,0.32,25.1,33.1,0.57,0.0
2020-10-16 21:30:00,25.6,23.4,0.31,25.1,33.1,0.57,0.0
2020-10-16 21:45:00,25.4,23.4,0.31,25.1,33.1,0.57,0.0
2020-10-16 22:00:00,25.4,23.4,0.31,25.1,33.1,0.57,0.0
2020-10-16 22:15:00,25.4,23.1,0.32,25.4,33.1,0.57,0.0
2020-10-16 22:30:00,25.1,23.1,0.32,25.4,32.9,0.58,0.0
2020-10-16 22:45:00,25.1,23.3,0.31,25.4,33.1,0.57,0.0
2020-10-16 23:00:00,25.1,23.2,0.31,25.4,32.9,0.58,0.0
2020-10-16 23:15:00,24.9,23.2,0.31,25.4,32.9,0.58,0.0
2020-10-16 23:30:00,24.9,23.2,0.31,25.4,32.9,0.58,0.0
2020-10-16 23:45:00,24.7,22.9,0.32,25.4,32.9,0.58,0.0
2020-10-17 00:00:00,24.7,22.9,0.32,25.4,32.9,0.58,0.0
2020-10-17 00:15:00,24.4,22.9,0.32,25.4,32.9,0.57,0.0
2020-10-17 00:30:00,24.4,22.9,0.32,25.4,32.9,0.57,0.0
2020-10-17 00:45:00,24.4,23.1,0.31,25.4,32.9,0.57,0.0
2020-10-17 01:00:00,24.2,23.1,0.31,25.4,32.9,0.57,0.0
2020-10-17 01:15:00,24.2,23.0,0.31,25.4,32.9,0.57,0.0
2020-10-17 01:30:00,23.9,23.0,0.31,25.4,32.9,0.57,0.0
2020-10-17 01:45:00,23.9,23.2,0.31,25.4,32.9,0.57,0.0
2020-10-17 02:00:00,23.7,23.2,0.31,25.4,32.9,0.57,0.0
2020-10-17 02:15:00,23.7,23.2,0.31,25.4,32.9,0.57,0.0
2020-10-17 02:30:00,23.7,23.2,0.31,25.4,32.9,0.57,0.0
2020-10-17 02:45:00,23.5,23.4,0.3,25.4,32.9,0.57,0.0
2020-10-17 03:00:00,23.5,23.1,0.31,25.4,32.9,0.57,0.0
2020-10-17 03:15:00,23.3,22.9,0.31,25.4,32.9,0.57,0.0
2020-10-17 03:30:00,23.3,22.9,0.31,25.4,32.9,0.57,0.0
2020-10-17 03:45:00,23.3,23.0,0.31,25.4,32.9,0.57,0.0
2020-10-17 04:00:00,23.0,23.0,0.31,25.4,32.9,0.57,0.0
2020-10-17 04:15:00,23.0,23.0,0.31,25.4,32.9,0.57,0.0
2020-10-17 04:30:00,23.0,23.0,0.31,25.4,32.9,0.57,0.0
2020-10-17 04:45:00,22.8,23.0,0.31,25.4,32.9,0.57,0.0
2020-10-17 05:00:00,22.8,23.2,0.3,25.4,32.9,0.57,0.0
2020-10-17 05:15:00,22.8,22.9,0.31,25.4,32.9,0.57,0.0
2020-10-17 05:30:00,22.6,22.7,0.31,25.4,32.9,0.57,0.0
2020-10-17 05:45:00,22.6,22.4,0.31,25.4,32.9,0.57,0.0
2020-10-17 06:00:00,22.6,22.4,0.31,25.4,32.9,0.57,0.0
2020-10-17 06:15:00,22.4,22.6,0.31,25.4,32.9,0.57,0.0
2020-10-17 06:30:00,22.4,22.6,0.31,25.4,32.9,0.57,0.0
2020-10-17 06:45:00,22.4,22.6,0.31,25.4,32.9,0.57,0.0
2020-10-17 07:00:00,22.4,22.6,0.31,25.4,32.9,0.57,0.0
2020-10-17 07:15:00,22.1,22.6,0.31,25.4,32.9,0.57,0.0
2020-10-17 07:30:00,22.1,22.6,0.31,25.4,32.9,0.57,0.0
2020-10-17 07:45:00,22.1,22.7,0.31,25.4,32.9,0.57,0.0
2020-10-17 08:00:00,22.4,23.0,0.3,25.4,32.9,0.57,0.0
2020-10-17 08:15:00,22.4,22.6,0.31,25.4,32.9,0.57,0.0
2020-10-17 08:30:00,22.6,22.8,0.31,25.4,32.9,0.57,0.0
2020-10-17 08:45:00,22.8,22.7,0.31,25.4,32.9,0.57,0.0
2020-10-17 09:00:00,23.0,22.7,0.31,25.4,32.9,0.57,0.0
2020-10-17 09:15:00,23.5,23.0,0.31,25.4,32.9,0.57,0.0
2020-10-17 09:30:00,23.9,22.9,0.31,25.4,32.9,0.57,0.0
2020-10-17 09:45:00,24.4,22.9,0.31,25.4,32.9,0.57,0.0
2020-10-17 10:00:00,24.7,23.0,0.31,25.4,32.9,0.57,0.0
2020-10-17 10:15:00,25.1,22.8,0.31,25.4,32.9,0.57,0.0
2020-10-17 10:30:00,25.6,23.2,0.31,25.4,32.9,0.57,0.0
2020-10-17 10:45:00,26.2,23.3,0.31,25.4,32.9,0.58,0.0
2020-10-17 11:00:00,26.4,23.3,0.31,25.4,32.9,0.58,0.0
2020-10-17 11:15:00,26.7,23.2,0.31,25.4,32.9,0.58,0.0
2020-10-17 11:30:00,26.9,23.2,0.31,25.4,32.9,0.58,0.0
2020-10-17 11:45:00,27.2,23.0,0.32,25.4,32.9,0.58,0.0
2020-10-17 12:00:00,27.5,23.0,0.32,25.4,32.9,0.58,0.0
2020-10-17 12:15:00,27.5,23.0,0.32,25.4,32.9,0.58,0.0
2020-10-17 12:30:00,27.8,23.1,0.32,25.4,32.9,0.58,0.0
2020-10-17 12:45:00,28.0,23.7,0.31,25.4,32.9,0.58,0.0
2020-10-17 13:00:00,28.3,23.5,0.31,25.4,32.9,0.58,0.0
2020-10-17 13:15:00,28.6,23.5,0.31,25.4,32.9,0.58,0.0
2020-10-17 13:30:00,28.9,23.3,0.32,25.1,32.9,0.58,0.0
2020-10-17 13:45:00,28.9,23.3,0.32,25.4,32.9,0.58,0.0
2020-10-17 14:00:00,29.2,23.3,0.32,25.1,32.9,0.58,0.0
2020-10-17 14:15:00,29.2,23.1,0.32,25.4,32.9,0.58,0.0
2020-10-17 14:30:00,29.5,23.2,0.32,25.4,32.9,0.58,0.0
2020-10-17 14:45:00,29.5,23.2,0.32,25.4,32.9,0.58,0.0
2020-10-17 15:00:00,29.5,23.5,0.32,25.1,32.9,0.58,0.0
2020-10-17 15:15:00,29.8,23.5,0.32,25.1,32.9,0.58,0.3
2020-10-17 15:30:00,29.8,23.5,0.32,25.4,32.9,0.58,0.2
2020-10-17 15:45:00,29.8,23.5,0.32,25.1,32.9,0.58,0.9
2020-10-17 16:00:00,29.8,23.5,0.32,25.4,32.9,0.58,0.0
2020-10-17 16:15:00,29.8,23.5,0.32,25.4,32.9,0.58,0.0
2020-10-17 16:30:00,29.5,23.5,0.32,25.4,32.9,0.58,0.0
2020-10-17 16:45:00,29.5,23.2,0.32,25.4,32.9,0.58,0.0
2020-10-17 17:00:00,29.2,23.4,0.32,25.4,32.9,0.58,0.0
2020-10-17 17:15:00,29.2,23.3,0.32,25.4,32.9,0.58,0.0
2020-10-17 17:30:00,28.9,23.3,0.32,25.4,32.9,0.58,0.0
2020-10-17 17:45:00,28.6,23.5,0.31,25.4,32.9,0.58,0.0
2020-10-17 18:00:00,28.6,23.5,0.31,25.4,32.9,0.58,0.0
2020-10-17 18:15:00,28.3,23.0,0.32,25.4,32.9,0.57,0.0
2020-10-17 18:30:00,28.0,23.1,0.32,25.4,32.9,0.57,0.0
2020-10-17 18:45:00,28.0,23.1,0.32,25.4,32.9,0.57,0.0
2020-10-17 19:00:00,27.8,23.3,0.31,25.4,32.9,0.57,0.0
2020-10-17 19:15:00,27.5,23.3,0.31,25.4,32.9,0.57,0.0
2020-10-17 19:30:00,27.5,23.0,0.32,25.4,32.9,0.57,0.0
2020-10-17 19:45:00,27.2,23.5,0.31,25.4,32.9,0.57,0.0
2020-10-17 20:00:00,27.2,23.2,0.31,25.4,32.9,0.57,0.0
2020-10-17 20:15:00,26.9,23.2,0.31,25.4,32.9,0.57,0.0
2020-10-17 20:30:00,26.9,22.8,0.31,25.4,32.9,0.57,0.0
2020-10-17 20:45:00,26.7,22.8,0.32,25.4,32.9,0.57,0.0
2020-10-17 21:00:00,26.7,22.8,0.32,25.4,32.9,0.57,0.0
2020-10-17 21:15:00,26.4,22.8,0.32,25.6,32.9,0.57,0.0
2020-10-17 21:30:00,26.4,23.0,0.31,25.6,32.9,0.57,0.0
2020-10-17 21:45:00,26.2,23.0,0.31,25.6,32.9,0.57,0.0
2020-10-17 22:00:00,26.2,23.0,0.31,25.6,32.9,0.57,0.0
2020-10-17 22:15:00,26.2,23.2,0.31,25.6,32.9,0.57,0.0
2020-10-17 22:30:00,25.9,23.2,0.31,25.6,33.6,0.56,0.0
2020-10-17 22:45:00,25.9,22.6,0.31,25.6,32.9,0.57,0.0
2020-10-17 23:00:00,25.6,23.2,0.31,25.6,32.9,0.57,0.0
2020-10-17 23:15:00,25.6,22.6,0.32,25.6,32.9,0.57,0.0
2020-10-17 23:30:00,25.6,22.8,0.31,25.6,32.9,0.57,0.0
2020-10-17 23:45:00,25.4,22.8,0.31,25.6,32.7,0.58,0.0
2020-10-18 00:00:00,25.4,22.8,0.31,25.6,32.7,0.58,0.0
2020-10-18 00:15:00,25.4,22.5,0.31,25.6,32.7,0.58,0.0
2020-10-18 00:30:00,25.4,22.5,0.31,25.6,32.7,0.58,0.0
2020-10-18 00:45:00,25.1,22.7,0.31,25.6,32.7,0.58,0.0
2020-10-18 01:00:00,25.1,22.7,0.31,25.6,32.7,0.58,0.0
2020-10-18 01:15:00,25.1,22.7,0.31,25.6,32.7,0.58,0.0
2020-10-18 01:30:00,24.9,22.7,0.31,25.6,33.4,0.57,0.0
2020-10-18 01:45:00,24.9,22.7,0.31,25.6,33.4,0.57,0.0
2020-10-18 02:00:00,24.9,22.9,0.31,25.6,33.1,0.58,0.0
2020-10-18 02:15:00,24.7,22.9,0.31,25.6,33.1,0.58,0.0
2020-10-18 02:30:00,24.7,22.9,0.31,25.6,33.4,0.57,0.0
2020-10-18 02:45:00,24.7,22.9,0.31,25.6,33.0,0.58,0.0
2020-10-18 03:00:00,24.4,22.8,0.31,25.9,32.7,0.58,0.0
2020-10-18 03:15:00,24.4,23.0,0.3,25.6,33.1,0.58,0.0
2020-10-18 03:30:00,24.4,22.5,0.31,25.9,33.1,0.58,0.0
2020-10-18 03:45:00,24.2,22.5,0.31,25.6,33.4,0.57,0.0
2020-10-18 04:00:00,24.2,22.5,0.31,25.6,33.4,0.57,0.0
2020-10-18 04:15:00,24.2,22.5,0.31,25.6,33.1,0.58,0.0
2020-10-18 04:30:00,24.2,22.5,0.31,25.9,33.1,0.58,0.0
2020-10-18 04:45:00,24.2,22.5,0.31,25.6,33.1,0.58,0.0
2020-10-18 05:00:00,23.9,22.7,0.31,25.9,33.1,0.58,0.0
2020-10-18 05:15:00,23.9,22.7,0.31,25.9,32.7,0.58,0.0
2020-10-18 05:30:00,23.9,22.7,0.31,25.9,33.1,0.58,0.0
2020-10-18 05:45:00,23.9,22.7,0.31,25.9,33.4,0.57,0.0
2020-10-18 06:00:00,23.7,22.7,0.31,25.6,33.1,0.58,0.0
2020-10-18 06:15:00,23.7,22.8,0.3,25.9,33.1,0.58,0.0
2020-10-18 06:30:00,23.7,22.8,0.3,25.6,33.1,0.58,0.0
2020-10-18 06:45:00,23.7,22.8,0.3,25.6,33.1,0.58,0.0
2020-10-18 07:00:00,23.7,22.8,0.3,25.6,32.7,0.58,0.0
2020-10-18 07:15:00,23.7,22.8,0.3,25.6,33.4,0.57,0.0
2020-10-18 07:30:00,23.7,22.3,0.31,25.6,33.1,0.58,0.0
2020-10-18 07:45:00,23.7,22.3,0.31,25.6,32.7,0.58,0.0
2020-10-18 08:00:00,23.7,22.3,0.31,25.6,33.1,0.58,0.0
2020-10-18 08:15:00,23.7,22.3,0.31,25.6,32.7,0.58,0.0
2020-10-18 08:30:00,23.9,22.3,0.31,25.6,32.7,0.58,0.0
2020-10-18 08:45:00,23.9,22.3,0.31,25.6,33.4,0.57,0.0
2020-10-18 09:00:00,23.9,22.3,0.31,25.6,33.1,0.58,0.0
2020-10-18 09:15:00,24.2,22.3,0.31,25.6,33.1,0.58,0.0
2020-10-18 09:30:00,24.4,22.1,0.31,25.6,32.7,0.58,0.0
2020-10-18 09:45:00,24.7,22.7,0.3,25.6,33.1,0.58,0.0
2020-10-18 10:00:00,24.9,22.5,0.31,25.6,33.1,0.58,0.0
2020-10-18 10:15:00,25.1,22.8,0.3,25.6,33.1,0.58,0.0
2020-10-18 10:30:00,25.6,22.6,0.31,25.6,32.7,0.58,0.0
2020-10-18 10:45:00,25.9,22.5,0.31,25.6,33.1,0.58,0.0
2020-10-18 11:00:00,26.4,22.6,0.31,25.6,33.4,0.57,0.0
2020-10-18 11:15:00,26.7,23.1,0.31,25.6,33.1,0.58,0.0
2020-10-18 11:30:00,26.9,23.0,0.31,25.6,32.7,0.58,0.0
2020-10-18 11:45:00,27.2,23.0,0.31,25.6,32.7,0.58,0.0
2020-10-18 12:00:00,27.5,22.8,0.31,25.6,32.7,0.58,0.0
2020-10-18 12:15:00,27.8,22.8,0.31,25.6,33.4,0.57,0.0
2020-10-18 12:30:00,28.0,22.9,0.31,25.6,32.7,0.58,0.0
2020-10-18 12:45:00,28.3,22.9,0.31,25.6,32.7,0.58,0.0
2020-10-18 13:00:00,28.6,23.3,0.31,25.6,33.4,0.57,0.0
2020-10-18 13:15:00,28.9,23.1,0.31,25.6,32.7,0.58,0.0
2020-10-18 13:30:00,29.2,23.1,0.31,25.6,32.7,0.58,0.0
2020-10-18 13:45:00,29.5,22.9,0.32,25.6,32.7,0.58,0.0
2020-10-18 14:00:00,29.8,22.9,0.32,25.6,32.7,0.58,0.0
2020-10-18 14:15:00,29.8,22.9,0.31,25.6,32.7,0.58,0.0
2020-10-18 14:30:00,30.1,22.7,0.32,25.6,32.7,0.58,0.0
2020-10-18 14:45:00,30.1,22.7,0.32,25.6,32.7,0.58,0.0
2020-10-18 15:00:00,30.1,23.1,0.32,25.6,32.7,0.58,0.0
2020-10-18 15:15:00,30.1,23.1,0.32,25.6,32.7,0.58,0.0
2020-10-18 15:30:00,30.1,23.1,0.32,25.6,32.7,0.58,0.0
2020-10-18 15:45:00,30.1,23.1,0.32,25.6,32.7,0.58,0.0
2020-10-18 16:00:00,30.1,23.1,0.32,25.6,32.7,0.58,0.0
2020-10-18 16:15:00,30.1,22.7,0.32,25.6,32.7,0.58,0.0
2020-10-18 16:30:00,30.1,23.0,0.31,25.6,32.7,0.58,0.0
2020-10-18 16:45:00,29.8,23.0,0.31,25.6,32.7,0.58,0.0
2020-10-18 17:00:00,29.8,22.9,0.31,25.6,32.7,0.58,0.0
2020-10-18 17:15:00,29.8,22.9,0.31,25.6,32.7,0.58,0.0
2020-10-18 17:30:00,29.5,23.1,0.31,25.6,32.7,0.58,0.0
2020-10-18 17:45:00,29.2,23.1,0.31,25.6,33.4,0.57,0.0
2020-10-18 18:00:00,29.2,23.1,0.31,25.6,32.7,0.58,0.0
2020-10-18 18:15:00,28.9,23.3,0.31,25.6,32.7,0.58,0.0
2020-10-18 18:30:00,28.6,22.7,0.31,25.6,33.4,0.57,0.0
2020-10-18 18:45:00,28.6,22.9,0.31,25.6,33.1,0.58,0.0
2020-10-18 19:00:00,28.3,22.9,0.31,25.6,33.4,0.57,0.0
2020-10-18 19:15:00,28.0,23.1,0.31,25.9,32.7,0.58,0.0
2020-10-18 19:30:00,28.0,23.1,0.31,25.6,33.4,0.57,0.0
2020-10-18 19:45:00,27.8,23.1,0.31,25.9,33.1,0.58,0.0
2020-10-18 20:00:00,27.8,23.3,0.3,25.9,33.1,0.58,0.0
2020-10-18 20:15:00,27.5,22.4,0.31,25.9,33.4,0.57,0.0
2020-10-18 20:30:00,27.5,22.7,0.31,25.9,33.1,0.58,0.0
2020-10-18 20:45:00,27.2,22.4,0.31,25.9,33.1,0.58,0.0
2020-10-18 21:00:00,27.2,22.6,0.31,25.9,33.1,0.58,0.0
2020-10-18 21:15:00,26.9,22.6,0.31,25.9,33.1,0.58,0.0
2020-10-18 21:30:00,26.9,22.8,0.31,25.9,33.1,0.58,0.0
2020-10-18 21:45:00,26.7,22.8,0.31,25.9,33.1,0.58,0.0
2020-10-18 22:00:00,26.7,22.8,0.31,25.9,33.1,0.58,0.0
2020-10-18 22:15:00,26.4,23.0,0.3,25.9,33.1,0.58,0.0
2020-10-18 22:30:00,26.4,22.4,0.31,25.9,33.1,0.58,0.0
2020-10-18 22:45:00,26.2,22.4,0.31,25.9,33.1,0.58,0.0
2020-10-18 23:00:00,26.2,22.4,0.31,25.9,33.1,0.57,0.0
2020-10-18 23:15:00,26.2,22.6,0.3,25.9,33.1,0.57,0.0
2020-10-18 23:30:00,25.9,22.6,0.31,25.9,33.1,0.57,0.0
2020-10-18 23:45:00,25.9,22.6,0.31,25.9,33.1,0.57,0.0
2020-10-19 00:00:00,25.9,22.6,0.31,25.9,33.1,0.57,0.0
2020-10-19 00:15:00,25.6,22.8,0.3,25.9,33.1,0.57,0.0
2020-10-19 00:30:00,25.6,22.8,0.3,26.2,33.1,0.57,0.0
2020-10-19 00:45:00,25.6,22.2,0.31,26.2,33.1,0.57,0.0
2020-10-19 01:00:00,25.4,22.4,0.3,26.2,33.1,0.57,0.0
2020-10-19 01:15:00,25.4,22.4,0.3,26.2,33.1,0.57,0.0
2020-10-19 01:30:00,25.4,22.1,0.31,26.2,33.1,0.57,0.0
2020-10-19 01:45:00,25.1,22.1,0.31,26.2,33.7,0.56,0.0
2020-10-19 02:00:00,25.1,22.1,0.31,26.2,33.1,0.57,0.0
2020-10-19 02:15:00,25.1,22.3,0.3,26.2,33.1,0.57,0.0
2020-10-19 02:30:00,24.9,22.3,0.3,26.2,33.1,0.57,0.0
2020-10-19 02:45:00,24.9,22.3,0.3,26.2,33.1,0.57,0.0
2020-10-19 03:00:00,24.9,22.3,0.3,26.2,33.1,0.57,0.0
2020-10-19 03:15:00,24.7,22.3,0.3,26.2,33.1,0.57,0.0
2020-10-19 03:30:00,24.7,22.5,0.3,26.2,33.1,0.57,0.0
2020-10-19 03:45:00,24.7,22.5,0.3,26.2,33.1,0.57,0.0
2020-10-19 04:00:00,24.7,22.5,0.3,26.2,33.1,0.57,0.0
2020-10-19 04:15:00,24.7,22.5,0.3,26.2,33.1,0.57,0.0
2020-10-19 04:30:00,24.7,22.5,0.3,26.2,33.1,0.57,0.0
2020-10-19 04:45:00,24.4,21.9,0.31,26.2,33.1,0.57,0.0
2020-10-19 05:00:00,24.4,21.9,0.31,26.2,33.7,0.56,0.0
2020-10-19 05:15:00,24.4,22.1,0.3,26.2,33.1,0.57,0.0
2020-10-19 05:30:00,24.4,22.1,0.3,26.2,33.7,0.56,0.0
2020-10-19 05:45:00,24.4,22.1,0.3,26.2,33.1,0.57,0.0
2020-10-19 06:00:00,24.2,22.1,0.3,26.2,33.7,0.56,0.0
2020-10-19 06:15:00,24.2,22.1,0.3,26.2,33.7,0.56,0.0
2020-10-19 06:30:00,24.2,22.1,0.3,26.2,33.7,0.56,0.0
2020-10-19 06:45:00,24.2,22.3,0.3,26.2,33.7,0.56,0.0
2020-10-19 07:00:00,24.2,22.3,0.3,26.2,33.1,0.57,0.0
2020-10-19 07:15:00,24.2,22.3,0.3,26.2,33.7,0.56,0.0
2020-10-19 07:30:00,24.2,22.3,0.3,26.2,33.1,0.57,0.0
2020-10-19 07:45:00,24.2,22.3,0.3,26.2,33.7,0.56,0.0
2020-10-19 08:00:00,24.2,22.3,0.3,26.2,33.1,0.57,0.0
2020-10-19 08:15:00,24.4,22.3,0.3,26.2,33.1,0.57,0.0
2020-10-19 08:30:00,24.4,22.3,0.3,26.2,33.1,0.57,0.0
2020-10-19 08:45:00,24.4,22.1,0.3,26.2,33.1,0.57,0.0
2020-10-19 09:00:00,24.7,22.1,0.3,26.2,33.1,0.57,0.0
2020-10-19 09:15:00,24.9,22.1,0.3,26.2,33.1,0.57,0.0
2020-10-19 09:30:00,25.1,22.2,0.3,26.2,33.1,0.57,0.0
2020-10-19 09:45:00,25.6,22.1,0.31,26.2,33.1,0.57,0.0
2020-10-19 10:00:00,25.9,22.1,0.3,26.2,33.1,0.57,0.0
2020-10-19 10:15:00,26.4,22.7,0.3,26.2,33.1,0.57,0.0
2020-10-19 10:30:00,26.9,22.6,0.3,26.2,33.1,0.57,0.0
2020-10-19 10:45:00,27.2,22.4,0.31,26.2,33.7,0.56,0.0
2020-10-19 11:00:00,27.5,22.2,0.31,26.2,33.1,0.57,0.0
2020-10-19 11:15:00,27.8,22.8,0.3,26.2,33.1,0.57,0.0
2020-10-19 11:30:00,28.0,22.6,0.31,25.9,33.1,0.57,0.0
2020-10-19 11:45:00,28.3,22.6,0.31,25.9,33.7,0.56,0.0
2020-10-19 12:00:00,27.8,21.7,0.31,25.9,33.1,0.57,0.0
2020-10-19 12:15:00,28.9,22.7,0.31,25.9,33.1,0.57,0.0
2020-10-19 12:30:00,28.9,22.5,0.31,25.9,33.1,0.57,0.0
2020-10-19 12:45:00,29.2,22.5,0.31,25.9,33.1,0.57,0.0
2020-10-19 13:00:00,29.2,22.5,0.31,25.9,33.1,0.57,0.0
2020-10-19 13:15:00,29.5,22.5,0.31,25.9,33.1,0.57,0.0
2020-10-19 13:30:00,29.5,22.5,0.31,25.9,33.1,0.57,0.0
2020-10-19 13:45:00,29.5,22.3,0.31,25.9,33.1,0.57,0.0
2020-10-19 14:00:00,29.5,22.9,0.31,25.9,33.1,0.57,0.0
2020-10-19 14:15:00,29.5,22.9,0.31,25.9,33.1,0.57,0.0
2020-10-19 14:30:00,29.8,22.9,0.31,25.9,33.1,0.57,0.0
2020-10-19 14:45:00,30.1,22.7,0.31,25.9,33.1,0.57,0.0
2020-10-19 15:00:00,30.1,22.7,0.31,25.9,33.1,0.57,0.0
2020-10-19 15:15:00,30.1,22.7,0.31,25.9,33.1,0.57,0.0
2020-10-19 15:30:00,30.4,23.1,0.31,25.9,33.1,0.57,0.0
2020-10-19 15:45:00,30.4,22.7,0.31,25.9,33.1,0.57,0.0
2020-10-19 16:00:00,30.4,23.1,0.31,25.9,33.1,0.57,0.0
2020-10-19 16:15:00,30.1,23.0,0.31,25.9,33.1,0.57,0.0
2020-10-19 16:30:00,30.1,22.7,0.31,25.9,33.1,0.57,0.0
2020-10-19 16:45:00,30.1,22.7,0.31,25.9,33.1,0.57,0.0
2020-10-19 17:00:00,29.8,22.9,0.31,25.9,33.1,0.57,0.0
2020-10-19 17:15:00,29.8,22.9,0.31,25.9,33.1,0.57,0.0
2020-10-19 17:30:00,29.5,22.6,0.31,25.9,33.1,0.57,0.0
2020-10-19 17:45:00,29.2,22.5,0.31,25.9,33.1,0.57,0.0
2020-10-19 18:00:00,29.2,22.5,0.31,25.9,33.1,0.57,0.0
2020-10-19 18:15:00,28.9,22.7,0.3,25.9,33.1,0.57,0.0
2020-10-19 18:30:00,28.9,22.7,0.31,26.2,33.1,0.57,0.0
2020-10-19 18:45:00,28.6,22.9,0.3,26.2,33.1,0.57,0.0
2020-10-19 19:00:00,28.3,22.6,0.3,26.2,33.1,0.57,0.0
2020-10-19 19:15:00,28.3,22.2,0.31,26.2,33.1,0.57,0.0
2020-10-19 19:30:00,28.0,22.2,0.31,26.2,33.1,0.57,0.0
2020-10-19 19:45:00,28.0,22.2,0.31,26.2,33.1,0.57,0.0
2020-10-19 20:00:00,27.8,22.4,0.3,26.2,33.1,0.57,0.0
2020-10-19 20:15:00,27.8,22.4,0.3,26.2,33.1,0.57,0.0
2020-10-19 20:30:00,27.5,22.4,0.3,26.2,33.1,0.57,0.0
2020-10-19 20:45:00,27.5,22.0,0.31,26.2,33.1,0.57,0.0
2020-10-19 21:00:00,27.2,22.0,0.31,26.2,33.8,0.56,0.0
2020-10-19 21:15:00,27.2,22.0,0.31,26.2,33.1,0.57,0.0
2020-10-19 21:30:00,26.9,22.2,0.3,26.2,33.1,0.57,0.0
2020-10-19 21:45:00,26.9,22.2,0.3,26.2,33.1,0.57,0.0
2020-10-19 22:00:00,26.9,22.2,0.3,26.2,33.1,0.57,0.0
2020-10-19 22:15:00,26.9,22.2,0.3,26.2,32.9,0.58,0.0
2020-10-19 22:30:00,26.7,22.4,0.3,26.2,33.6,0.57,0.0
2020-10-19 22:45:00,26.7,22.4,0.3,26.4,33.6,0.57,0.0
2020-10-19 23:00:00,26.7,22.4,0.3,26.4,33.8,0.56,0.0
2020-10-19 23:15:00,26.4,21.9,0.31,26.4,32.9,0.58,0.0
2020-10-19 23:30:00,26.4,22.1,0.3,26.4,33.6,0.57,0.0
2020-10-19 23:45:00,26.4,22.1,0.3,26.4,33.6,0.57,0.0
2020-10-20 00:00:00,26.4,22.0,0.3,26.4,33.6,0.57,0.0
2020-10-20 00:15:00,26.2,22.0,0.3,26.4,33.6,0.57,0.0
2020-10-20 00:30:00,26.2,22.2,0.3,26.4,33.6,0.57,0.0
2020-10-20 00:45:00,26.2,22.2,0.3,26.4,32.9,0.58,0.0
2020-10-20 01:00:00,25.9,22.2,0.3,26.4,33.6,0.57,0.0
2020-10-20 01:15:00,25.9,22.2,0.3,26.4,33.6,0.57,0.0
2020-10-20 01:30:00,25.9,22.4,0.29,26.4,32.9,0.58,0.0
2020-10-20 01:45:00,25.9,22.4,0.29,26.4,33.6,0.57,0.0
2020-10-20 02:00:00,25.6,22.4,0.29,26.4,33.6,0.57,0.0
2020-10-20 02:15:00,25.6,22.2,0.3,26.4,33.6,0.57,0.0
2020-10-20 02:30:00,25.1,32.0,0.46,26.4,33.6,0.57,0.0
2020-10-20 02:45:00,24.7,31.3,0.46,26.4,33.6,0.57,0.9
2020-10-20 03:00:00,24.7,31.5,0.45,26.4,33.6,0.57,0.6
2020-10-20 03:15:00,24.4,31.6,0.44,26.4,33.6,0.57,0.5
2020-10-20 03:30:00,24.4,31.5,0.44,26.4,33.6,0.57,0.2
2020-10-20 03:45:00,24.4,31.1,0.44,26.4,33.6,0.57,0.0
2020-10-20 04:00:00,24.2,31.4,0.43,26.4,33.6,0.57,0.0
2020-10-20 04:15:00,24.2,31.5,0.42,26.4,33.6,0.57,0.0
2020-10-20 04:30:00,24.2,31.5,0.42,26.4,33.6,0.57,0.0
2020-10-20 04:45:00,24.2,30.9,0.43,26.4,33.6,0.57,0.0
2020-10-20 05:00:00,23.9,31.0,0.42,26.4,33.4,0.58,0.0
2020-10-20 05:15:00,23.9,31.2,0.42,26.4,33.4,0.58,0.0
2020-10-20 05:30:00,23.9,30.8,0.42,26.4,33.4,0.58,0.0
2020-10-20 05:45:00,23.9,30.7,0.41,26.4,33.4,0.58,0.0
2020-10-20 06:00:00,23.7,30.3,0.41,26.4,33.4,0.58,0.0
2020-10-20 06:15:00,23.7,30.5,0.4,26.4,33.4,0.58,0.0
2020-10-20 06:30:00,23.7,30.6,0.4,26.4,33.4,0.58,0.0
2020-10-20 06:45:00,23.7,30.3,0.4,26.4,33.4,0.58,0.0
2020-10-20 07:00:00,23.5,30.4,0.39,26.4,33.1,0.59,0.0
2020-10-20 07:15:00,23.5,30.5,0.39,26.4,33.8,0.58,0.0
2020-10-20 07:30:00,23.5,30.0,0.4,26.4,33.8,0.58,0.0
2020-10-20 07:45:00,23.5,30.2,0.39,26.4,33.6,0.58,0.0
2020-10-20 08:00:00,23.5,30.2,0.39,26.4,33.2,0.59,0.0
2020-10-20 08:15:00,23.5,30.1,0.39,26.4,33.2,0.59,0.0
2020-10-20 08:30:00,23.5,29.8,0.39,26.4,33.9,0.58,0.0
2020-10-20 08:45:00,23.5,30.2,0.38,26.4,33.9,0.58,0.0
2020-10-20 09:00:00,23.5,30.2,0.38,26.4,34.3,0.57,0.0
2020-10-20 09:15:00,23.7,29.9,0.38,26.4,33.7,0.59,0.0
2020-10-20 09:30:00,23.7,29.9,0.38,26.4,33.7,0.59,0.0
2020-10-20 09:45:00,23.9,29.9,0.38,26.4,33.7,0.59,0.0
2020-10-20 10:00:00,23.9,29.6,0.38,26.4,33.7,0.59,0.0
2020-10-20 10:15:00,24.2,29.7,0.38,26.4,33.7,0.59,0.0
2020-10-20 10:30:00,24.2,30.0,0.37,26.4,33.5,0.6,0.0
2020-10-20 10:45:00,24.4,29.7,0.38,26.4,34.2,0.58,0.0
2020-10-20 11:00:00,24.7,29.7,0.38,26.4,34.2,0.58,0.0
2020-10-20 11:15:00,24.9,29.7,0.37,26.2,34.2,0.58,0.0
2020-10-20 11:30:00,24.9,29.6,0.37,26.2,34.2,0.58,0.0
2020-10-20 11:45:00,25.1,29.6,0.37,26.2,34.2,0.58,0.0
2020-10-20 12:00:00,25.4,29.6,0.37,26.2,34.2,0.58,0.0
2020-10-20 12:15:00,25.6,29.6,0.37,26.2,34.0,0.59,0.0
2020-10-20 12:30:00,25.9,29.6,0.37,26.2,34.0,0.59,0.0
2020-10-20 12:45:00,25.9,29.2,0.37,26.2,34.0,0.59,0.0
2020-10-20 13:00:00,25.9,29.2,0.37,26.2,34.0,0.59,0.0
2020-10-20 13:15:00,26.2,28.9,0.37,26.2,34.0,0.59,0.0
2020-10-20 13:30:00,26.2,28.9,0.37,26.2,34.0,0.59,0.0
2020-10-20 13:45:00,26.2,29.2,0.37,26.2,34.0,0.59,0.0
2020-10-20 14:00:00,26.2,29.3,0.36,26.2,33.8,0.6,0.0
2020-10-20 14:15:00,26.4,28.8,0.37,26.2,34.4,0.59,0.0
2020-10-20 14:30:00,26.4,28.8,0.37,26.2,34.4,0.59,0.0
2020-10-20 14:45:00,26.4,28.8,0.37,26.2,34.4,0.59,0.0
2020-10-20 15:00:00,26.4,29.0,0.36,26.2,34.4,0.59,0.0
2020-10-20 15:15:00,26.4,28.5,0.37,26.2,34.4,0.59,0.0
2020-10-20 15:30:00,26.4,28.6,0.36,26.2,34.4,0.59,0.0
2020-10-20 15:45:00,26.4,29.1,0.36,26.2,34.4,0.59,0.0
2020-10-20 16:00:00,26.4,28.6,0.36,26.2,34.4,0.59,0.0
2020-10-20 16:15:00,26.2,28.7,0.36,26.2,34.4,0.59,0.0
2020-10-20 16:30:00,26.2,28.7,0.36,26.2,34.4,0.59,0.0
2020-10-20 16:45:00,25.9,28.7,0.36,26.2,34.4,0.59,0.0
2020-10-20 17:00:00,25.9,28.8,0.35,26.2,34.4,0.59,0.0
2020-10-20 17:15:00,25.6,28.6,0.36,26.2,34.4,0.59,0.0
2020-10-20 17:30:00,25.6,28.3,0.36,26.2,34.2,0.6,0.0
2020-10-20 17:45:00,25.6,28.2,0.36,26.2,34.2,0.6,0.0
2020-10-20 18:00:00,25.4,28.2,0.36,26.2,34.2,0.6,0.0
2020-10-20 18:15:00,25.1,28.2,0.36,26.2,34.2,0.6,0.0
2020-10-20 18:30:00,25.1,28.3,0.36,26.2,34.2,0.6,0.0
2020-10-20 18:45:00,24.9,28.3,0.36,26.2,34.2,0.6,0.0
2020-10-20 19:00:00,24.9,28.3,0.36,26.2,34.2,0.6,0.0
2020-10-20 19:15:00,24.7,28.5,0.35,26.2,34.2,0.6,0.0
2020-10-20 19:30:00,24.4,28.4,0.35,26.2,34.2,0.6,0.0
2020-10-20 19:45:00,24.4,28.0,0.36,26.2,34.2,0.6,0.0
2020-10-20 20:00:00,24.2,28.0,0.36,26.2,33.9,0.61,0.0
2020-10-20 20:15:00,24.2,28.1,0.36,26.2,33.9,0.61,0.0
2020-10-20 20:30:00,24.2,28.1,0.36,26.2,34.2,0.6,0.0
2020-10-20 20:45:00,23.9,27.8,0.36,26.2,33.9,0.61,0.0
2020-10-20 21:00:00,23.9,28.0,0.35,26.2,34.2,0.6,0.0
2020-10-20 21:15:00,23.7,28.0,0.35,26.2,34.9,0.59,0.0
2020-10-20 21:30:00,23.7,27.9,0.36,26.2,34.2,0.6,0.0
2020-10-20 21:45:00,23.7,27.9,0.36,26.2,34.9,0.59,0.0
2020-10-20 22:00:00,23.5,27.9,0.36,26.2,34.3,0.6,0.0
2020-10-20 22:15:00,23.5,28.1,0.35,26.2,34.2,0.6,0.0
2020-10-20 22:30:00,23.5,28.1,0.35,26.2,34.3,0.6,0.0
2020-10-20 22:45:00,23.3,27.6,0.36,26.2,34.7,0.6,0.0
2020-10-20 23:00:00,23.3,27.6,0.36,26.2,34.7,0.6,0.0
2020-10-20 23:15:00,23.3,27.7,0.35,26.2,34.3,0.6,0.0
2020-10-20 23:30:00,23.0,27.7,0.35,26.2,34.3,0.6,0.0
2020-10-20 23:45:00,23.0,27.7,0.35,26.2,34.3,0.6,0.0
2020-10-21 00:00:00,23.0,27.7,0.35,25.9,34.3,0.6,0.0
2020-10-21 00:15:00,23.0,27.7,0.35,26.2,34.3,0.6,0.0
2020-10-21 00:30:00,23.0,27.7,0.35,26.2,34.7,0.6,0.0
2020-10-21 00:45:00,22.8,27.9,0.35,25.9,34.7,0.6,0.0
2020-10-21 01:00:00,22.8,27.9,0.35,26.2,34.3,0.6,0.0
2020-10-21 01:15:00,22.8,27.9,0.35,25.9,34.3,0.6,0.0
2020-10-21 01:30:00,22.8,27.4,0.36,25.9,34.3,0.6,0.0
2020-10-21 01:45:00,22.8,27.4,0.36,25.9,34.3,0.6,0.0
2020-10-21 02:00:00,22.8,27.4,0.36,25.9,34.7,0.6,0.0
2020-10-21 02:15:00,22.8,27.4,0.36,25.9,34.3,0.6,0.0
2020-10-21 02:30:00,22.8,27.8,0.35,25.9,34.3,0.6,0.0
2020-10-21 02:45:00,22.8,27.5,0.35,25.9,34.3,0.6,0.0
2020-10-21 03:00:00,22.8,27.8,0.35,25.9,34.3,0.6,0.0
2020-10-21 03:15:00,22.8,27.8,0.35,25.9,34.3,0.6,0.0
2020-10-21 03:30:00,22.8,27.8,0.35,25.9,34.1,0.61,0.0
2020-10-21 03:45:00,22.6,27.8,0.35,25.9,34.1,0.61,0.0
2020-10-21 04:00:00,22.6,27.8,0.35,25.9,34.1,0.61,0.5
2020-10-21 04:15:00,22.6,27.8,0.35,25.9,34.1,0.61,0.2
2020-10-21 04:30:00,22.6,27.5,0.35,25.9,34.1,0.61,0.0
2020-10-21 04:45:00,22.6,27.8,0.35,25.9,34.1,0.61,0.0
2020-10-21 05:00:00,22.6,27.8,0.35,25.9,34.1,0.61,0.0
2020-10-21 05:15:00,22.6,27.3,0.36,25.9,34.1,0.61,0.0
2020-10-21 05:30:00,22.6,27.9,0.34,25.9,34.1,0.61,0.0
2020-10-21 05:45:00,22.6,27.4,0.35,25.9,34.1,0.61,0.0
2020-10-21 06:00:00,22.6,27.9,0.34,25.9,34.1,0.61,0.0
2020-10-21 06:15:00,22.6,27.4,0.35,25.9,34.1,0.61,0.0
2020-10-21 06:30:00,22.6,27.4,0.35,25.9,34.1,0.61,0.0
2020-10-21 06:45:00,22.4,27.4,0.35,25.9,34.1,0.61,0.0
2020-10-21 07:00:00,22.4,27.4,0.35,25.9,34.1,0.61,0.0
2020-10-21 07:15:00,22.4,27.4,0.35,25.9,34.8,0.6,0.0
2020-10-21 07:30:00,22.4,27.6,0.35,25.9,34.1,0.61,0.0
2020-10-21 07:45:00,22.4,27.6,0.35,25.9,34.1,0.61,0.0
2020-10-21 08:00:00,22.4,27.6,0.35,25.9,34.1,0.61,0.0
2020-10-21 08:15:00,22.6,27.6,0.35,25.9,34.1,0.61,0.0
2020-10-21 08:30:00,22.6,27.6,0.35,25.6,34.1,0.62,0.0
2020-10-21 08:45:00,22.8,27.6,0.35,25.6,34.1,0.62,0.0
2020-10-21 09:00:00,22.8,27.6,0.34,25.6,34.1,0.62,0.0
2020-10-21 09:15:00,23.0,27.6,0.34,25.6,34.1,0.62,0.0
2020-10-21 09:30:00,23.0,27.6,0.34,25.6,34.8,0.6,0.0
2020-10-21 09:45:00,23.3,27.4,0.35,25.6,34.8,0.6,0.0
2020-10-21 10:00:00,23.3,27.4,0.35,25.6,34.8,0.6,0.0
2020-10-21 10:15:00,23.5,27.4,0.35,25.6,34.8,0.6,0.0
2020-10-21 10:30:00,23.7,27.3,0.35,25.6,34.8,0.6,0.0
2020-10-21 10:45:00,23.9,27.3,0.35,25.6,34.8,0.6,0.0
2020-10-21 11:00:00,24.2,27.3,0.35,25.6,34.8,0.6,0.0
2020-10-21 11:15:00,24.2,27.3,0.35,25.6,34.8,0.6,0.0
2020-10-21 11:30:00,24.7,27.6,0.35,25.6,34.8,0.6,0.0
2020-10-21 11:45:00,24.9,27.6,0.35,25.6,34.8,0.6,0.0
2020-10-21 12:00:00,24.9,27.1,0.35,25.6,34.8,0.6,0.0
2020-10-21 12:15:00,25.1,27.1,0.35,25.6,34.8,0.6,0.2
2020-10-21 12:30:00,25.4,27.1,0.35,25.6,34.8,0.6,0.0
2020-10-21 12:45:00,25.4,27.3,0.34,25.6,34.8,0.6,0.0
2020-10-21 13:00:00,25.4,27.3,0.34,25.6,34.8,0.6,0.0
2020-10-21 13:15:00,25.6,27.1,0.35,25.6,34.8,0.6,0.0
2020-10-21 13:30:00,25.6,27.1,0.35,25.6,34.8,0.6,0.0
2020-10-21 13:45:00,25.9,27.1,0.35,25.6,34.8,0.6,0.0
2020-10-21 14:00:00,25.9,27.2,0.34,25.6,34.8,0.6,0.0
2020-10-21 14:15:00,25.9,27.2,0.34,25.6,34.8,0.6,0.0
2020-10-21 14:30:00,26.2,27.0,0.35,25.6,34.8,0.6,0.0
2020-10-21 14:45:00,25.9,27.0,0.35,25.6,34.8,0.6,0.0
2020-10-21 15:00:00,25.9,27.2,0.34,25.6,34.8,0.6,0.0
2020-10-21 15:15:00,25.9,27.2,0.34,25.6,34.8,0.6,0.0
2020-10-21 15:30:00,25.9,27.2,0.34,25.6,34.8,0.6,0.0
2020-10-21 15:45:00,25.9,27.2,0.34,25.6,34.8,0.6,0.0
2020-10-21 16:00:00,25.9,26.8,0.34,25.6,34.8,0.6,0.0
2020-10-21 16:15:00,25.9,26.8,0.34,25.6,34.8,0.6,0.0
2020-10-21 16:30:00,25.6,27.0,0.34,25.6,34.8,0.6,0.0
2020-10-21 16:45:00,25.6,27.0,0.34,25.6,34.8,0.6,0.0
2020-10-21 17:00:00,25.4,27.0,0.34,25.6,34.8,0.6,0.0
2020-10-21 17:15:00,25.4,26.8,0.34,25.6,34.8,0.6,0.0
2020-10-21 17:30:00,25.1,26.8,0.34,25.4,34.8,0.6,0.0
2020-10-21 17:45:00,24.9,26.5,0.34,25.4,34.8,0.6,0.0
2020-10-21 18:00:00,24.7,26.5,0.34,25.4,34.8,0.6,0.0
2020-10-21 18:15:00,24.7,26.6,0.34,25.4,34.8,0.6,0.0
2020-10-21 18:30:00,24.4,26.6,0.34,25.6,34.8,0.6,0.0
2020-10-21 18:45:00,24.2,26.8,0.33,25.6,34.8,0.6,0.0
2020-10-21 19:00:00,24.2,26.3,0.34,25.6,34.8,0.6,0.0
2020-10-21 19:15:00,23.9,26.3,0.34,25.6,34.8,0.6,0.0
2020-10-21 19:30:00,23.7,26.4,0.33,25.6,34.8,0.6,0.0
2020-10-21 19:45:00,23.7,26.4,0.34,25.6,34.8,0.6,0.0
2020-10-21 20:00:00,23.5,26.4,0.34,25.6,34.8,0.6,0.0
2020-10-21 20:15:00,23.5,26.6,0.33,25.6,34.8,0.6,0.0
2020-10-21 20:30:00,23.5,26.5,0.33,25.6,34.8,0.6,0.0
2020-10-21 20:45:00,23.3,26.5,0.33,25.6,34.8,0.6,0.0
2020-10-21 21:00:00,23.3,26.2,0.33,25.6,34.8,0.6,0.0
2020-10-21 21:15:00,23.3,26.2,0.33,25.6,34.8,0.6,0.0
2020-10-21 21:30:00,23.0,26.2,0.33,25.6,34.8,0.6,0.0
2020-10-21 21:45:00,23.0,26.2,0.33,25.6,34.8,0.6,0.0
2020-10-21 22:00:00,23.0,26.3,0.33,25.6,34.8,0.6,0.0
2020-10-21 22:15:00,22.8,26.3,0.33,25.6,34.8,0.6,0.0
2020-10-21 22:30:00,22.8,25.9,0.34,25.6,34.8,0.6,0.0
2020-10-21 22:45:00,22.8,25.9,0.34,25.6,34.8,0.6,0.0
2020-10-21 23:00:00,22.6,26.0,0.33,25.6,34.8,0.6,0.0
2020-10-21 23:15:00,22.6,26.0,0.33,25.6,34.8,0.6,0.0
2020-10-21 23:30:00,22.6,26.0,0.33,25.6,34.8,0.6,0.0
2020-10-21 23:45:00,22.6,26.0,0.33,25.6,34.8,0.6,0.0
2020-10-22 00:00:00,22.4,26.1,0.33,25.6,34.8,0.6,0.0
2020-10-22 00:15:00,22.4,26.1,0.33,25.6,34.6,0.61,0.0
2020-10-22 00:30:00,22.4,26.1,0.33,25.6,34.8,0.6,0.0
2020-10-22 00:45:00,22.4,26.1,0.33,25.6,34.8,0.6,0.0
2020-10-22 01:00:00,22.1,25.7,0.34,25.6,34.8,0.6,0.0
2020-10-22 01:15:00,22.1,26.3,0.32,25.6,34.8,0.6,0.0
2020-10-22 01:30:00,22.1,25.8,0.33,25.6,34.8,0.6,0.0
2020-10-22 01:45:00,21.9,25.8,0.33,25.6,34.8,0.6,0.0
2020-10-22 02:00:00,21.9,25.8,0.33,25.6,34.8,0.6,0.0
2020-10-22 02:15:00,21.9,25.9,0.33,25.6,34.8,0.6,0.0
2020-10-22 02:30:00,21.7,25.9,0.33,25.4,34.8,0.6,0.0
2020-10-22 02:45:00,21.7,25.9,0.33,25.4,34.8,0.6,0.0
2020-10-22 03:00:00,21.7,25.9,0.33,25.4,34.8,0.6,0.0
2020-10-22 03:15:00,21.5,25.9,0.33,25.4,34.6,0.61,0.0
2020-10-22 03:30:00,21.5,25.9,0.33,25.4,34.6,0.61,0.0
2020-10-22 03:45:00,21.5,26.1,0.32,25.4,34.6,0.61,0.0
2020-10-22 04:00:00,21.3,25.8,0.33,25.4,34.8,0.6,0.0
2020-10-22 04:15:00,21.3,26.1,0.32,25.4,34.8,0.6,0.0
2020-10-22 04:30:00,21.3,25.6,0.33,25.4,34.8,0.6,0.0
2020-10-22 04:45:00,21.3,25.7,0.33,25.4,34.8,0.6,0.0
2020-10-22 05:00:00,21.1,25.7,0.33,25.4,34.8,0.6,0.0
2020-10-22 05:15:00,21.1,25.7,0.33,25.4,34.8,0.6,0.0
2020-10-22 05:30:00,21.1,25.5,0.33,25.4,34.8,0.6,0.0
2020-10-22 05:45:00,21.1,25.7,0.33,25.4,34.8,0.6,0.0
2020-10-22 06:00:00,21.1,25.7,0.33,25.4,34.8,0.6,0.0
2020-10-22 06:15:00,21.1,25.7,0.33,25.4,34.8,0.6,0.0
2020-10-22 06:30:00,21.1,25.7,0.33,25.4,34.8,0.6,0.0
2020-10-22 06:45:00,21.1,25.9,0.32,25.4,34.8,0.6,0.0
2020-10-22 07:00:00,20.9,25.9,0.32,25.4,34.8,0.6,0.0
2020-10-22 07:15:00,21.1,25.9,0.32,25.4,34.8,0.6,0.0
2020-10-22 07:30:00,21.1,25.9,0.32,25.4,34.8,0.61,0.6
2020-10-22 07:45:00,21.1,25.4,0.33,25.4,34.8,0.61,0.9
2020-10-22 08:00:00,21.3,25.9,0.32,25.4,34.8,0.61,0.0
2020-10-22 08:15:00,21.3,25.4,0.33,25.4,34.8,0.61,0.2
2020-10-22 08:30:00,21.5,25.3,0.33,25.4,34.4,0.61,0.0
2020-10-22 08:45:00,21.5,25.8,0.32,25.4,34.8,0.61,0.0
2020-10-22 09:00:00,21.7,25.3,0.33,25.4,34.8,0.61,0.0
2020-10-22 09:15:00,21.9,25.3,0.33,25.4,34.8,0.61,0.0
2020-10-22 09:30:00,21.9,25.3,0.33,25.4,34.8,0.61,0.0
2020-10-22 09:45:00,22.1,25.4,0.33,25.1,34.7,0.61,0.0
2020-10-22 10:00:00,22.4,25.9,0.32,25.1,34.7,0.61,0.0
2020-10-22 10:15:00,22.8,25.8,0.33,25.1,34.7,0.61,0.0
2020-10-22 10:30:00,23.3,25.8,0.33,25.1,34.7,0.61,0.0
2020-10-22 10:45:00,23.5,25.6,0.33,25.1,34.7,0.61,0.0
2020-10-22 11:00:00,23.9,25.7,0.33,25.1,34.7,0.61,0.0
2020-10-22 11:15:00,24.2,25.8,0.33,25.1,34.4,0.61,0.0
2020-10-22 11:30:00,24.4,25.8,0.33,25.1,34.7,0.61,0.0
2020-10-22 11:45:00,24.4,25.8,0.33,25.1,34.7,0.61,0.0
2020-10-22 12:00:00,24.7,25.8,0.33,25.1,34.7,0.61,0.0
2020-10-22 12:15:00,24.9,25.6,0.33,25.1,34.4,0.61,0.0
2020-10-22 12:30:00,25.1,25.7,0.33,25.1,34.7,0.61,0.0
2020-10-22 12:45:00,25.4,25.5,0.34,25.1,34.7,0.61,0.0
2020-10-22 13:00:00,25.6,25.8,0.33,25.1,34.7,0.61,0.0
2020-10-22 13:15:00,25.9,25.8,0.33,25.1,34.7,0.61,0.0
2020-10-22 13:30:00,25.9,25.8,0.33,25.1,34.7,0.61,0.0
2020-10-22 13:45:00,25.9,25.8,0.33,25.1,34.7,0.61,0.0
2020-10-22 14:00:00,26.2,25.8,0.33,25.1,34.4,0.61,0.0
2020-10-22 14:15:00,26.4,26.1,0.33,25.1,34.7,0.61,0.0
2020-10-22 14:30:00,26.4,26.0,0.33,25.1,34.7,0.61,0.0
2020-10-22 14:45:00,26.7,25.7,0.33,25.1,34.4,0.61,0.0
2020-10-22 15:00:00,26.7,26.0,0.33,25.1,34.7,0.61,0.0
2020-10-22 15:15:00,26.7,26.0,0.33,25.1,34.7,0.61,0.0
2020-10-22 15:30:00,26.7,26.0,0.33,24.9,34.7,0.61,0.0
2020-10-22 15:45:00,26.4,26.1,0.33,24.9,34.7,0.61,0.0
2020-10-22 16:00:00,26.4,25.8,0.33,25.1,34.7,0.61,0.0
2020-10-22 16:15:00,26.4,26.1,0.33,25.1,34.4,0.61,0.0
2020-10-22 16:30:00,26.2,25.8,0.33,24.9,34.7,0.61,0.0
2020-10-22 16:45:00,26.2,25.8,0.33,25.1,34.7,0.61,0.0
2020-10-22 17:00:00,25.9,25.3,0.34,24.9,34.7,0.61,0.0
2020-10-22 17:15:00,25.9,26.0,0.33,25.1,34.4,0.61,0.0
2020-10-22 17:30:00,25.6,25.5,0.33,25.1,34.7,0.61,0.0
2020-10-22 17:45:00,25.6,25.5,0.33,25.1,34.4,0.61,0.0
2020-10-22 18:00:00,25.4,25.6,0.33,25.1,34.7,0.61,0.0
2020-10-22 18:15:00,25.1,25.6,0.33,25.1,34.7,0.61,0.0
2020-10-22 18:30:00,24.9,25.3,0.33,25.1,34.4,0.61,0.0
2020-10-22 18:45:00,24.9,25.5,0.33,25.1,34.7,0.61,0.0
2020-10-22 19:00:00,24.7,25.5,0.33,25.1,34.7,0.61,0.0
2020-10-22 19:15:00,24.4,25.5,0.33,25.1,34.7,0.61,0.0
2020-10-22 19:30:00,24.4,25.6,0.33,25.1,34.7,0.61,0.0
2020-10-22 19:45:00,24.2,25.6,0.33,25.1,34.7,0.61,0.0
2020-10-22 20:00:00,23.9,25.6,0.33,25.1,34.7,0.61,0.0
2020-10-22 20:15:00,23.9,25.3,0.33,25.1,34.7,0.61,0.0
2020-10-22 20:30:00,23.7,25.3,0.33,25.1,34.7,0.61,0.0
2020-10-22 20:45:00,23.7,25.3,0.33,25.1,34.7,0.61,0.0
2020-10-22 21:00:00,23.5,25.2,0.33,25.1,34.7,0.61,0.0
2020-10-22 21:15:00,23.5,25.4,0.33,25.1,34.7,0.61,0.0
2020-10-22 21:30:00,23.3,25.4,0.33,25.1,34.7,0.61,0.0
2020-10-22 21:45:00,23.3,25.4,0.33,25.1,34.7,0.61,0.0
2020-10-22 22:00:00,23.0,25.4,0.33,25.1,34.7,0.61,0.0
2020-10-22 22:15:00,23.0,25.5,0.32,25.1,34.7,0.61,0.0
2020-10-22 22:30:00,23.0,25.5,0.32,25.1,34.7,0.61,0.0
2020-10-22 22:45:00,22.8,25.5,0.32,25.1,34.7,0.61,0.0
2020-10-22 23:00:00,22.8,25.2,0.33,25.1,34.7,0.61,0.0
2020-10-22 23:15:00,22.6,25.2,0.33,25.1,34.7,0.61,0.0
2020-10-22 23:30:00,22.6,25.2,0.33,25.1,34.7,0.61,0.0
2020-10-22 23:45:00,22.6,25.2,0.33,25.1,34.7,0.61,0.0
2020-10-23 00:00:00,22.4,25.2,0.33,25.1,34.7,0.61,0.0
2020-10-23 00:15:00,22.4,25.2,0.33,25.1,34.7,0.61,0.0
2020-10-23 00:30:00,22.4,25.3,0.32,25.1,34.7,0.61,0.0
2020-10-23 00:45:00,22.4,25.3,0.32,25.1,34.7,0.61,0.0
2020-10-23 01:00:00,22.4,25.3,0.32,25.1,34.7,0.61,0.0
2020-10-23 01:15:00,22.4,25.3,0.32,25.1,34.7,0.61,0.0
2020-10-23 01:30:00,22.4,25.1,0.32,25.1,34.7,0.61,0.0
2020-10-23 01:45:00,22.1,25.3,0.32,25.1,34.7,0.61,0.0
2020-10-23 02:00:00,22.1,25.3,0.32,25.1,34.7,0.61,0.0
2020-10-23 02:15:00,22.1,25.2,0.32,25.1,34.7,0.61,0.0
2020-10-23 02:30:00,22.1,25.5,0.32,25.1,34.7,0.61,0.0
2020-10-23 02:45:00,21.9,25.0,0.32,25.1,34.7,0.61,0.0
2020-10-23 03:00:00,21.9,25.0,0.32,25.1,34.7,0.61,0.0
2020-10-23 03:15:00,21.9,25.0,0.33,25.1,34.7,0.61,0.0
2020-10-23 03:30:00,21.9,25.0,0.33,25.1,34.7,0.61,0.0
2020-10-23 03:45:00,21.9,24.7,0.33,25.1,34.7,0.61,0.0
2020-10-23 04:00:00,21.9,25.0,0.33,25.1,34.7,0.61,0.0
2020-10-23 04:15:00,21.7,25.0,0.33,25.1,34.7,0.61,0.0
2020-10-23 04:30:00,21.7,25.1,0.32,25.1,34.7,0.61,0.0
2020-10-23 04:45:00,21.7,25.1,0.32,25.1,34.7,0.61,0.0
2020-10-23 05:00:00,21.7,24.9,0.32,25.1,34.7,0.61,0.0
2020-10-23 05:15:00,21.7,25.1,0.32,25.1,34.7,0.61,0.0
2020-10-23 05:30:00,21.7,24.9,0.32,25.1,34.7,0.61,0.0
2020-10-23 05:45:00,21.5,25.1,0.32,25.1,34.7,0.61,0.0
2020-10-23 06:00:00,21.5,24.9,0.32,25.1,34.7,0.61,0.0
2020-10-23 06:15:00,21.5,25.1,0.32,25.1,34.7,0.61,0.0
2020-10-23 06:30:00,21.5,24.9,0.32,25.1,34.7,0.61,0.0
2020-10-23 06:45:00,21.5,25.0,0.32,25.1,34.7,0.61,0.0
2020-10-23 07:00:00,21.5,25.0,0.32,25.1,34.7,0.61,0.0
2020-10-23 07:15:00,21.5,25.0,0.32,25.1,34.7,0.61,0.0
2020-10-23 07:30:00,21.5,25.0,0.32,25.1,34.7,0.61,0.0
2020-10-23 07:45:00,21.5,25.3,0.32,25.1,34.7,0.61,0.0
2020-10-23 08:00:00,21.7,25.3,0.32,25.1,34.7,0.61,0.0
2020-10-23 08:15:00,21.7,25.1,0.32,25.1,34.7,0.61,0.0
2020-10-23 08:30:00,21.7,25.1,0.32,25.1,34.7,0.61,0.0
2020-10-23 08:45:00,21.9,24.7,0.33,25.1,34.7,0.61,0.0
2020-10-23 09:00:00,21.9,25.2,0.32,24.9,34.7,0.61,0.0
2020-10-23 09:15:00,22.1,25.2,0.32,25.1,34.7,0.61,0.0
2020-10-23 09:30:00,22.4,25.2,0.32,24.9,34.7,0.61,0.0
2020-10-23 09:45:00,22.6,25.0,0.32,24.9,34.7,0.61,0.0
2020-10-23 10:00:00,22.8,25.0,0.32,24.9,34.7,0.61,0.0
2020-10-23 10:15:00,23.0,24.9,0.33,24.9,34.4,0.61,0.0
2020-10-23 10:30:00,23.3,24.9,0.33,24.9,34.7,0.61,0.0
2020-10-23 10:45:00,23.5,25.0,0.33,24.9,34.4,0.61,0.0
2020-10-23 11:00:00,23.9,25.0,0.33,24.9,34.4,0.61,0.0
2020-10-23 11:15:00,24.2,25.4,0.32,24.9,34.7,0.61,0.0
2020-10-23 11:30:00,24.7,24.9,0.33,24.9,34.7,0.61,0.0
2020-10-23 11:45:00,24.9,25.2,0.33,24.9,34.7,0.61,0.0
2020-10-23 12:00:00,24.9,25.5,0.32,24.9,34.7,0.61,0.0
2020-10-23 12:15:00,25.1,25.5,0.32,24.9,34.7,0.61,0.0
2020-10-23 12:30:00,25.4,25.4,0.33,24.9,34.7,0.61,0.0
2020-10-23 12:45:00,25.6,25.4,0.33,24.9,34.7,0.61,0.0
2020-10-23 13:00:00,25.6,24.9,0.33,24.9,34.7,0.61,0.0
2020-10-23 13:15:00,25.6,25.4,0.33,24.9,34.7,0.61,0.0
2020-10-23 13:30:00,25.9,25.4,0.32,24.9,34.7,0.61,0.0
2020-10-23 13:45:00,25.9,25.2,0.33,24.9,34.7,0.61,0.0
2020-10-23 14:00:00,25.9,25.2,0.33,24.9,34.7,0.61,0.0
2020-10-23 14:15:00,25.9,25.2,0.33,24.9,34.9,0.6,0.0
2020-10-23 14:30:00,25.9,25.2,0.33,24.9,34.7,0.61,0.0
2020-10-23 14:45:00,26.2,25.2,0.33,24.9,34.7,0.61,0.0
2020-10-23 15:00:00,26.2,25.5,0.33,24.9,34.4,0.61,0.0
2020-10-23 15:15:00,26.2,25.2,0.33,24.9,34.7,0.61,0.0
2020-10-23 15:30:00,26.2,25.2,0.33,24.9,34.9,0.6,0.0
2020-10-23 15:45:00,26.2,25.5,0.33,24.9,34.7,0.61,0.0
2020-10-23 16:00:00,26.2,25.5,0.33,24.9,34.7,0.61,0.0
2020-10-23 16:15:00,26.2,25.2,0.33,24.9,34.9,0.6,0.0
2020-10-23 16:30:00,25.9,25.4,0.32,24.9,34.7,0.61,0.0
2020-10-23 16:45:00,25.9,25.4,0.32,24.9,34.7,0.61,0.0
2020-10-23 17:00:00,25.6,24.9,0.33,24.9,34.7,0.61,0.0
2020-10-23 17:15:00,25.4,24.9,0.33,24.9,34.7,0.61,0.0
2020-10-23 17:30:00,25.4,25.5,0.32,24.9,34.9,0.6,0.0
2020-10-23 17:45:00,25.1,25.0,0.33,24.9,34.7,0.61,0.0
2020-10-23 18:00:00,24.9,25.0,0.33,24.9,34.7,0.61,0.0
2020-10-23 18:15:00,24.9,25.0,0.33,24.9,34.7,0.61,0.0
2020-10-23 18:30:00,24.7,25.2,0.33,24.9,34.7,0.61,0.0
2020-10-23 18:45:00,24.7,24.9,0.33,24.9,34.7,0.61,0.0
2020-10-23 19:00:00,24.4,24.9,0.33,24.9,34.7,0.61,0.0
2020-10-23 19:15:00,24.4,24.9,0.33,24.9,34.7,0.61,0.0
2020-10-23 19:30:00,24.2,25.0,0.32,24.9,34.7,0.61,0.0
2020-10-23 19:45:00,24.2,25.0,0.32,24.9,34.7,0.61,0.0
2020-10-23 20:00:00,23.9,25.0,0.33,24.9,34.7,0.61,0.0
2020-10-23 20:15:00,23.9,25.0,0.33,24.9,34.7,0.61,0.0
2020-10-23 20:30:00,23.9,25.0,0.33,24.9,34.7,0.61,0.0
2020-10-23 20:45:00,23.7,25.2,0.32,24.9,34.7,0.61,0.0
2020-10-23 21:00:00,23.7,25.2,0.32,24.9,34.7,0.61,0.0
2020-10-23 21:15:00,23.5,25.2,0.32,24.9,34.7,0.61,0.0
2020-10-23 21:30:00,23.5,25.2,0.32,24.9,34.9,0.6,0.0
2020-10-23 21:45:00,23.5,24.7,0.33,24.9,34.7,0.61,0.0
2020-10-23 22:00:00,23.5,24.8,0.32,24.9,34.7,0.61,0.0
2020-10-23 22:15:00,23.3,24.8,0.32,24.9,34.7,0.61,0.0
2020-10-23 22:30:00,23.3,24.8,0.32,24.9,34.7,0.61,0.0
2020-10-23 22:45:00,23.3,24.8,0.32,24.9,34.7,0.61,0.0
2020-10-23 23:00:00,23.0,24.8,0.33,24.9,34.7,0.61,0.0
2020-10-23 23:15:00,23.0,25.0,0.32,24.9,34.7,0.61,0.0
2020-10-23 23:30:00,23.0,25.0,0.32,24.9,34.7,0.61,0.0
2020-10-23 23:45:00,23.0,25.0,0.32,24.9,34.7,0.61,0.0
2020-10-24 00:00:00,22.8,25.0,0.32,24.9,34.7,0.61,0.0
2020-10-24 00:15:00,22.8,25.0,0.32,24.9,34.7,0.61,0.0
2020-10-24 00:30:00,22.8,25.0,0.32,24.9,34.7,0.61,0.0
2020-10-24 00:45:00,22.8,25.0,0.32,24.9,34.7,0.61,0.0
2020-10-24 01:00:00,22.6,24.6,0.32,24.9,34.7,0.61,0.0
2020-10-24 01:15:00,22.6,24.6,0.32,25.1,34.7,0.61,0.0
2020-10-24 01:30:00,22.6,24.6,0.32,24.9,34.7,0.61,0.0
2020-10-24 01:45:00,22.6,24.6,0.32,25.1,34.7,0.61,0.0
2020-10-24 02:00:00,22.6,24.6,0.32,24.9,34.7,0.61,0.0
2020-10-24 02:15:00,22.4,24.6,0.32,24.9,33.9,0.62,0.0
2020-10-24 02:30:00,22.4,24.6,0.32,24.9,34.7,0.61,0.0
2020-10-24 02:45:00,22.4,24.6,0.32,24.9,34.7,0.61,0.0
2020-10-24 03:00:00,22.4,24.8,0.32,24.9,34.7,0.61,0.0
2020-10-24 03:15:00,22.4,24.8,0.32,24.9,34.7,0.61,0.0
2020-10-24 03:30:00,22.1,24.8,0.32,24.9,34.7,0.61,0.0
2020-10-24 03:45:00,22.1,24.8,0.32,24.9,34.7,0.61,0.0
2020-10-24 04:00:00,22.1,24.8,0.32,24.9,34.7,0.61,0.0
2020-10-24 04:15:00,22.1,24.8,0.32,24.9,34.7,0.61,0.0
2020-10-24 04:30:00,22.1,24.8,0.32,24.9,34.7,0.61,0.0
2020-10-24 04:45:00,22.1,24.9,0.32,24.9,34.6,0.61,0.0
2020-10-24 05:00:00,21.9,24.9,0.32,24.9,34.9,0.6,0.0
2020-10-24 05:15:00,21.9,24.9,0.32,24.9,34.9,0.6,0.0
2020-10-24 05:30:00,21.9,24.9,0.32,24.9,34.7,0.61,0.0
2020-10-24 05:45:00,21.9,24.9,0.32,24.9,34.7,0.61,0.0
2020-10-24 06:00:00,21.7,24.4,0.32,24.9,34.7,0.61,0.0
2020-10-24 06:15:00,21.7,24.4,0.32,24.9,34.7,0.61,0.0
2020-10-24 06:30:00,21.7,24.3,0.32,24.9,34.7,0.61,0.0
2020-10-24 06:45:00,21.5,24.3,0.32,24.9,34.7,0.61,0.0
2020-10-24 07:00:00,21.5,24.3,0.32,24.9,34.9,0.6,0.0
2020-10-24 07:15:00,21.5,24.6,0.32,24.9,34.7,0.61,0.0
2020-10-24 07:30:00,21.5,24.6,0.32,24.9,34.9,0.6,0.0
2020-10-24 07:45:00,21.5,24.3,0.32,24.9,34.7,0.61,0.0
2020-10-24 08:00:00,21.5,24.6,0.32,24.9,34.9,0.6,0.0
2020-10-24 08:15:00,21.5,24.6,0.32,24.9,34.9,0.6,0.0
2020-10-24 08:30:00,21.7,24.6,0.32,24.9,34.9,0.6,0.0
2020-10-24 08:45:00,21.9,24.4,0.32,24.9,34.9,0.6,0.0
2020-10-24 09:00:00,22.4,24.4,0.32,24.9,34.9,0.6,0.0
2020-10-24 09:15:00,22.6,24.3,0.33,24.9,34.9,0.6,0.0
2020-10-24 09:30:00,22.8,24.8,0.32,24.9,34.9,0.6,0.0
2020-10-24 09:45:00,23.3,24.6,0.32,24.9,34.9,0.6,0.0
2020-10-24 10:00:00,23.5,24.9,0.32,24.9,34.9,0.6,0.0
2020-10-24 10:15:00,23.7,24.8,0.32,24.9,34.9,0.6,0.0
2020-10-24 10:30:00,24.2,24.8,0.32,24.9,34.9,0.6,0.0
2020-10-24 10:45:00,24.4,24.6,0.33,24.9,34.9,0.6,0.0
2020-10-24 11:00:00,24.7,24.6,0.32,24.9,34.9,0.6,0.0
2020-10-24 11:15:00,24.9,24.5,0.33,24.9,34.9,0.6,0.0
2020-10-24 11:30:00,25.4,24.8,0.32,24.9,34.9,0.6,0.0
2020-10-24 11:45:00,25.6,24.6,0.33,24.9,34.6,0.6,0.0
2020-10-24 12:00:00,25.9,24.6,0.33,24.9,34.9,0.6,0.0
2020-10-24 12:15:00,26.2,24.6,0.33,24.9,34.9,0.6,0.0
2020-10-24 12:30:00,26.4,24.8,0.33,24.7,34.9,0.6,0.0
2020-10-24 12:45:00,26.7,24.8,0.33,24.7,34.9,0.6,0.0
2020-10-24 13:00:00,26.9,25.1,0.33,24.9,34.9,0.6,0.0
2020-10-24 13:15:00,27.2,25.1,0.32,24.9,34.9,0.6,0.0
2020-10-24 13:30:00,27.2,25.2,0.32,24.7,34.9,0.6,0.0
2020-10-24 13:45:00,27.5,25.0,0.33,24.9,34.9,0.6,0.0
2020-10-24 14:00:00,27.8,25.0,0.33,24.7,34.9,0.6,0.0
2020-10-24 14:15:00,27.8,25.0,0.33,24.7,34.9,0.6,0.0
2020-10-24 14:30:00,27.8,25.0,0.33,24.7,34.9,0.6,0.0
2020-10-24 14:45:00,28.0,24.8,0.33,24.7,34.9,0.6,0.0
2020-10-24 15:00:00,28.0,24.8,0.33,24.7,34.9,0.6,0.0
2020-10-24 15:15:00,28.0,25.1,0.33,24.7,34.9,0.6,0.0
2020-10-24 15:30:00,28.3,25.1,0.33,24.7,34.9,0.6,0.0
2020-10-24 15:45:00,28.0,25.1,0.33,24.7,34.2,0.61,0.0
2020-10-24 16:00:00,28.0,25.1,0.33,24.7,34.9,0.6,0.0
2020-10-24 16:15:00,28.0,25.0,0.33,24.9,34.9,0.6,0.0
2020-10-24 16:30:00,27.8,25.0,0.33,24.9,34.9,0.6,0.0
2020-10-24 16:45:00,27.5,25.0,0.33,24.9,34.9,0.6,0.0
2020-10-24 17:00:00,27.2,25.2,0.32,24.9,34.9,0.6,0.0
2020-10-24 17:15:00,27.2,25.2,0.32,24.9,34.9,0.6,0.0
2020-10-24 17:30:00,26.9,25.2,0.32,24.9,34.9,0.6,0.0
2020-10-24 17:45:00,26.7,24.6,0.33,24.9,34.2,0.61,0.0
2020-10-24 18:00:00,26.7,24.8,0.33,24.9,34.9,0.6,0.0
2020-10-24 18:15:00,26.4,24.8,0.33,24.9,34.2,0.61,0.0
2020-10-24 18:30:00,26.4,24.8,0.33,24.9,34.9,0.6,0.0
2020-10-24 18:45:00,26.2,24.9,0.32,24.9,34.9,0.6,0.0
2020-10-24 19:00:00,25.9,24.9,0.32,24.9,34.9,0.6,0.0
2020-10-24 19:15:00,25.9,24.9,0.32,24.9,34.9,0.6,0.0
2020-10-24 19:30:00,25.6,24.6,0.33,24.9,34.9,0.6,0.0
2020-10-24 19:45:00,25.4,24.8,0.32,24.9,34.3,0.61,0.0
2020-10-24 20:00:00,25.4,24.8,0.32,24.9,34.3,0.61,0.0
2020-10-24 20:15:00,25.1,24.8,0.32,24.9,34.7,0.61,0.0
2020-10-24 20:30:00,25.1,25.0,0.32,24.9,34.3,0.61,0.0
2020-10-24 20:45:00,24.9,25.0,0.32,24.9,34.3,0.61,0.0
2020-10-24 21:00:00,24.9,24.9,0.32,24.9,34.7,0.61,0.0
2020-10-24 21:15:00,24.7,24.8,0.32,24.9,34.9,0.6,0.0
2020-10-24 21:30:00,24.7,24.8,0.32,24.9,34.7,0.61,0.0
2020-10-24 21:45:00,24.4,24.3,0.33,25.1,34.9,0.6,0.0
2020-10-24 22:00:00,24.4,24.3,0.33,25.1,34.7,0.61,0.0
2020-10-24 22:15:00,24.4,24.5,0.32,25.1,34.9,0.6,0.0
2020-10-24 22:30:00,24.2,24.5,0.32,25.1,34.7,0.61,0.0
2020-10-24 22:45:00,24.2,24.5,0.32,25.1,34.7,0.61,0.0
2020-10-24 23:00:00,24.2,24.5,0.32,25.1,34.1,0.62,0.0
2020-10-24 23:15:00,23.9,24.5,0.32,25.1,34.1,0.62,0.0
2020-10-24 23:30:00,23.9,24.5,0.32,25.1,34.7,0.61,0.0
2020-10-24 23:45:00,23.9,24.5,0.32,25.1,33.5,0.62,0.0
2020-10-25 00:00:00,23.7,24.6,0.32,25.1,34.7,0.61,0.0
2020-10-25 00:15:00,23.7,24.6,0.32,25.1,34.7,0.61,0.0
2020-10-25 00:30:00,23.5,24.6,0.32,25.1,34.7,0.61,0.0
2020-10-25 00:45:00,23.5,24.6,0.32,25.1,34.7,0.61,0.0
2020-10-25 01:00:00,23.5,24.3,0.32,25.1,34.7,0.61,0.0
2020-10-25 01:15:00,23.3,24.3,0.32,25.1,34.7,0.61,0.0
2020-10-25 01:30:00,23.3,24.8,0.32,25.1,34.1,0.62,0.0
2020-10-25 01:45:00,23.3,24.3,0.32,25.1,34.7,0.61,0.0
2020-10-25 02:00:00,23.0,24.3,0.32,25.1,34.7,0.61,0.0
2020-10-25 02:15:00,23.0,24.3,0.32,25.1,34.7,0.61,0.0
2020-10-25 02:30:00,22.8,24.4,0.32,25.1,34.7,0.61,0.0
2020-10-25 02:45:00,22.8,24.4,0.32,25.1,34.7,0.61,0.0
2020-10-25 03:00:00,22.8,24.4,0.32,25.1,34.7,0.61,0.0
2020-10-25 03:15:00,22.6,24.4,0.32,25.1,34.7,0.61,0.0
2020-10-25 03:30:00,22.6,24.6,0.31,25.1,34.7,0.61,0.0
2020-10-25 03:45:00,22.4,24.6,0.31,25.1,34.1,0.62,0.0
2020-10-25 04:00:00,22.4,24.1,0.32,25.1,34.7,0.61,0.0
2020-10-25 04:15:00,22.4,24.6,0.32,25.1,34.7,0.61,0.0
2020-10-25 04:30:00,22.4,24.1,0.32,25.1,34.7,0.61,0.0
2020-10-25 04:45:00,22.1,24.2,0.32,25.1,34.7,0.61,0.0
2020-10-25 05:00:00,22.1,24.2,0.32,25.1,34.7,0.61,0.0
2020-10-25 05:15:00,21.9,24.2,0.32,25.1,34.7,0.61,0.0
2020-10-25 05:30:00,21.9,24.2,0.32,24.7,32.8,0.63,0.0
2020-10-25 05:45:00,21.9,24.4,0.31,25.1,34.7,0.61,0.0
2020-10-25 06:00:00,21.7,24.4,0.31,25.1,34.7,0.61,0.0
2020-10-25 06:15:00,21.7,24.4,0.31,25.1,34.7,0.61,0.0
2020-10-25 06:30:00,21.7,24.4,0.31,25.1,34.7,0.61,0.0
2020-10-25 06:45:00,21.5,24.4,0.31,25.1,34.1,0.62,0.0
2020-10-25 07:00:00,21.5,24.1,0.32,25.1,34.3,0.61,0.0
2020-10-25 07:15:00,21.5,24.2,0.31,25.1,34.7,0.61,0.0
2020-10-25 07:30:00,21.5,24.5,0.31,25.1,34.7,0.61,0.0
2020-10-25 07:45:00,21.5,24.4,0.32,25.1,34.1,0.62,0.0
2020-10-25 08:00:00,21.5,24.4,0.31,25.1,34.7,0.61,0.0
2020-10-25 08:15:00,21.7,24.4,0.31,25.1,34.1,0.62,0.0
2020-10-25 08:30:00,21.9,24.4,0.31,25.1,34.3,0.61,0.0
2020-10-25 08:45:00,22.1,24.4,0.31,25.1,34.9,0.6,0.0
2020-10-25 09:00:00,22.4,24.2,0.32,25.1,34.0,0.62,0.0
2020-10-25 09:15:00,22.8,24.1,0.32,25.1,34.9,0.6,0.0
2020-10-25 09:30:00,23.3,24.4,0.32,25.1,34.9,0.6,0.0
2020-10-25 09:45:00,23.7,24.6,0.32,25.1,34.9,0.6,0.0
2020-10-25 10:00:00,24.2,24.4,0.32,25.1,34.0,0.62,0.0
2020-10-25 10:15:00,24.7,24.4,0.32,24.9,34.9,0.6,0.0
2020-10-25 10:30:00,25.4,24.6,0.32,25.1,34.9,0.6,0.0
2020-10-25 10:45:00,25.6,24.4,0.32,24.9,34.3,0.61,0.0
2020-10-25 11:00:00,25.9,24.2,0.33,24.9,34.3,0.61,0.0
2020-10-25 11:15:00,26.4,24.5,0.32,24.9,34.9,0.6,0.0
2020-10-25 11:30:00,26.7,24.9,0.32,24.9,34.3,0.61,0.0
2020-10-25 11:45:00,26.9,24.9,0.32,24.9,34.3,0.61,0.0
2020-10-25 12:00:00,27.2,24.9,0.32,24.9,34.3,0.61,0.0
2020-10-25 12:15:00,27.5,24.7,0.32,24.9,34.3,0.61,0.0
2020-10-25 12:30:00,27.8,24.8,0.32,24.9,34.3,0.61,0.0
2020-10-25 12:45:00,28.0,24.6,0.33,24.9,34.3,0.61,0.0
2020-10-25 13:00:00,28.3,24.9,0.32,24.9,34.3,0.61,0.0
2020-10-25 13:15:00,28.6,24.7,0.33,24.9,34.3,0.61,0.0
2020-10-25 13:30:00,28.9,24.7,0.33,24.9,34.3,0.61,0.0
2020-10-25 13:45:00,28.9,24.7,0.33,24.9,34.3,0.61,0.0
2020-10-25 14:00:00,28.9,24.8,0.33,24.9,34.3,0.61,0.0
2020-10-25 14:15:00,28.9,24.8,0.33,24.9,34.9,0.6,0.0
2020-10-25 14:30:00,28.9,24.8,0.33,24.9,34.3,0.61,0.0
2020-10-25 14:45:00,28.9,24.7,0.33,24.9,34.3,0.61,0.0
2020-10-25 15:00:00,28.9,24.7,0.33,24.9,34.3,0.61,0.0
2020-10-25 15:15:00,28.6,24.7,0.33,24.9,34.9,0.6,0.0
2020-10-25 15:30:00,28.6,24.7,0.33,24.9,34.3,0.61,0.0
2020-10-25 15:45:00,28.6,24.7,0.33,24.9,34.3,0.61,0.0
2020-10-25 16:00:00,28.6,24.7,0.33,24.9,34.3,0.61,0.0
2020-10-25 16:15:00,28.3,24.9,0.32,24.9,34.3,0.61,0.0
2020-10-25 16:30:00,28.0,24.6,0.33,24.9,34.9,0.6,0.0
2020-10-25 16:45:00,28.0,24.6,0.33,24.9,34.3,0.61,0.0
2020-10-25 17:00:00,28.0,24.8,0.32,24.9,34.3,0.61,0.0
2020-10-25 17:15:00,27.8,24.8,0.32,25.1,34.3,0.61,0.0
2020-10-25 17:30:00,27.5,24.2,0.33,24.9,34.3,0.61,0.0
2020-10-25 17:45:00,27.5,24.2,0.33,25.1,34.3,0.61,0.0
2020-10-25 18:00:00,27.2,24.4,0.33,25.1,34.3,0.61,0.0
2020-10-25 18:15:00,27.2,24.4,0.33,25.1,34.3,0.61,0.0
2020-10-25 18:30:00,26.9,24.4,0.33,25.1,34.3,0.61,0.0
2020-10-25 18:45:00,26.9,24.6,0.32,25.1,34.1,0.62,0.0
2020-10-25 19:00:00,26.7,24.6,0.32,25.1,34.1,0.62,0.0
2020-10-25 19:15:00,26.4,24.6,0.32,25.1,34.7,0.61,0.0
2020-10-25 19:30:00,26.4,24.7,0.32,25.1,34.3,0.61,0.0
2020-10-25 19:45:00,26.2,24.7,0.32,25.1,34.1,0.62,0.0
2020-10-25 20:00:00,26.2,24.4,0.32,25.1,34.7,0.61,0.0
2020-10-25 20:15:00,25.9,24.4,0.32,25.1,34.1,0.62,0.0
2020-10-25 20:30:00,25.9,24.6,0.32,25.1,34.1,0.62,0.0
2020-10-25 20:45:00,25.6,24.6,0.32,25.1,34.1,0.62,0.0
2020-10-25 21:00:00,25.6,24.1,0.33,25.1,34.1,0.62,0.0
2020-10-25 21:15:00,25.4,24.0,0.33,25.1,34.1,0.62,0.0
2020-10-25 21:30:00,25.4,24.2,0.32,25.4,34.1,0.62,0.0
2020-10-25 21:45:00,25.1,24.2,0.32,25.4,34.1,0.62,0.0
2020-10-25 22:00:00,25.1,24.2,0.32,25.4,34.8,0.61,0.0
2020-10-25 22:15:00,25.1,24.2,0.32,25.4,34.1,0.62,0.0
2020-10-25 22:30:00,24.9,24.4,0.32,25.4,34.1,0.62,0.0
2020-10-25 22:45:00,24.9,24.4,0.32,25.4,34.8,0.61,0.0
2020-10-25 23:00:00,24.9,24.4,0.32,25.4,34.1,0.62,0.0
2020-10-25 23:15:00,24.7,24.4,0.32,25.4,34.8,0.6,0.0
2020-10-25 23:30:00,24.7,24.4,0.32,25.4,34.1,0.62,0.0
2020-10-25 23:45:00,24.7,24.1,0.32,25.4,34.8,0.6,0.0
2020-10-26 00:00:00,24.7,24.4,0.32,25.4,34.8,0.6,0.0
2020-10-26 00:15:00,24.7,24.3,0.32,25.4,34.8,0.6,0.0
2020-10-26 00:30:00,24.4,24.2,0.32,25.4,34.1,0.62,0.0
2020-10-26 00:45:00,24.4,24.2,0.32,25.4,34.1,0.62,0.0
2020-10-26 01:00:00,24.4,24.2,0.32,25.4,34.8,0.6,0.0
2020-10-26 01:15:00,24.4,24.2,0.32,25.4,34.8,0.6,0.0
2020-10-26 01:30:00,24.2,24.2,0.32,25.4,34.1,0.62,0.0
2020-10-26 01:45:00,24.2,23.7,0.32,25.4,34.8,0.6,0.0
2020-10-26 02:00:00,24.2,23.7,0.33,25.4,34.8,0.6,0.0
2020-10-26 02:15:00,24.2,23.7,0.33,25.4,34.1,0.62,0.0
2020-10-26 02:30:00,24.2,24.4,0.31,25.4,34.8,0.6,0.0
2020-10-26 02:45:00,24.2,23.9,0.32,25.4,34.8,0.6,0.0
2020-10-26 03:00:00,24.2,23.9,0.32,25.4,34.1,0.62,0.0
2020-10-26 03:15:00,23.9,23.9,0.32,25.4,34.8,0.6,0.0
2020-10-26 03:30:00,23.9,23.9,0.32,25.4,34.1,0.62,0.0
2020-10-26 03:45:00,23.9,23.9,0.32,25.4,34.1,0.62,0.0
2020-10-26 04:00:00,23.9,23.9,0.32,25.4,34.1,0.62,0.0
2020-10-26 04:15:00,23.9,23.9,0.32,25.4,34.1,0.62,0.0
2020-10-26 04:30:00,23.9,24.1,0.32,25.4,34.8,0.6,0.0
2020-10-26 04:45:00,23.9,24.1,0.32,25.4,34.8,0.6,0.0
2020-10-26 05:00:00,23.7,24.1,0.32,25.4,34.1,0.62,0.0
2020-10-26 05:15:00,23.7,24.1,0.32,25.4,34.1,0.62,0.0
2020-10-26 05:30:00,23.7,24.1,0.32,25.4,34.1,0.62,0.0
2020-10-26 05:45:00,23.7,24.1,0.32,25.4,34.0,0.62,0.0
2020-10-26 06:00:00,23.7,24.1,0.32,25.4,34.8,0.6,0.0
2020-10-26 06:15:00,23.5,24.0,0.32,25.4,34.1,0.62,0.0
2020-10-26 06:30:00,23.5,24.2,0.31,25.4,34.1,0.62,0.0
2020-10-26 06:45:00,23.5,24.2,0.31,25.4,34.1,0.62,0.0
2020-10-26 07:00:00,23.5,24.2,0.31,25.4,34.1,0.62,0.0
2020-10-26 07:15:00,23.5,24.2,0.31,25.4,34.1,0.62,0.0
2020-10-26 07:30:00,23.5,24.2,0.31,25.4,34.1,0.62,0.0
2020-10-26 07:45:00,23.5,24.2,0.31,25.4,34.1,0.62,0.0
2020-10-26 08:00:00,23.5,23.7,0.32,25.4,34.1,0.62,0.0
2020-10-26 08:15:00,23.7,24.2,0.31,25.4,34.1,0.62,0.0
2020-10-26 08:30:00,23.7,24.1,0.32,25.4,34.1,0.62,0.0
2020-10-26 08:45:00,23.9,24.3,0.31,25.4,34.1,0.62,0.0
2020-10-26 09:00:00,24.2,24.2,0.32,25.4,34.1,0.62,0.0
2020-10-26 09:15:00,24.7,24.2,0.32,25.4,34.1,0.62,0.0
2020-10-26 09:30:00,24.9,24.0,0.32,25.4,34.8,0.6,0.0
2020-10-26 09:45:00,25.4,24.0,0.32,25.4,34.1,0.62,0.0
2020-10-26 10:00:00,25.6,23.9,0.32,25.4,34.1,0.62,0.0
2020-10-26 10:15:00,26.2,24.0,0.32,25.4,34.1,0.62,0.0
2020-10-26 10:30:00,26.7,24.1,0.32,25.4,34.1,0.62,0.0
2020-10-26 10:45:00,26.9,24.7,0.32,25.4,34.1,0.62,0.0
2020-10-26 11:00:00,27.5,24.5,0.32,25.4,34.1,0.62,0.0
2020-10-26 11:15:00,27.8,24.3,0.32,25.4,34.8,0.6,0.0
2020-10-26 11:30:00,28.6,22.9,0.36,25.4,34.8,0.61,0.0
2020-10-26 11:45:00,28.6,24.2,0.33,25.4,34.1,0.62,0.0
2020-10-26 12:00:00,28.9,24.2,0.33,25.4,34.1,0.62,0.0
2020-10-26 12:15:00,29.2,24.3,0.33,25.4,34.1,0.62,0.0
2020-10-26 12:30:00,29.5,24.9,0.32,25.4,34.1,0.62,0.0
2020-10-26 12:45:00,29.8,24.7,0.32,25.4,34.1,0.62,0.0
2020-10-26 13:00:00,30.1,24.7,0.32,25.4,34.1,0.62,0.0
2020-10-26 13:15:00,30.1,24.9,0.32,25.4,34.1,0.62,0.0
2020-10-26 13:30:00,30.4,24.9,0.32,25.4,34.1,0.62,0.0
2020-10-26 13:45:00,30.7,24.9,0.32,25.4,34.1,0.62,0.0
2020-10-26 14:00:00,30.7,24.7,0.33,25.4,34.1,0.62,0.0
2020-10-26 14:15:00,31.1,24.7,0.33,25.4,34.1,0.62,0.0
2020-10-26 14:30:00,31.1,24.5,0.33,25.4,34.1,0.62,0.0
2020-10-26 14:45:00,31.4,24.5,0.33,25.4,34.1,0.62,0.0
2020-10-26 15:00:00,31.4,24.8,0.33,25.4,34.1,0.62,0.0
2020-10-26 15:15:00,31.4,24.8,0.33,25.4,34.1,0.62,0.0
2020-10-26 15:30:00,31.4,24.5,0.33,25.4,34.1,0.62,0.0
2020-10-26 15:45:00,31.4,24.5,0.33,25.4,34.1,0.62,0.0
2020-10-26 16:00:00,31.1,24.7,0.32,25.4,34.1,0.62,0.0
2020-10-26 16:15:00,31.1,24.7,0.33,25.4,34.1,0.62,0.0
2020-10-26 16:30:00,30.7,24.9,0.32,25.4,34.1,0.62,0.0
2020-10-26 16:45:00,30.4,24.9,0.32,25.4,34.1,0.62,0.0
2020-10-26 17:00:00,30.4,24.9,0.32,25.4,34.1,0.62,0.0
2020-10-26 17:15:00,30.1,25.0,0.32,25.4,34.1,0.62,0.0
2020-10-26 17:30:00,29.8,24.2,0.33,25.4,34.1,0.62,0.0
2020-10-26 17:45:00,29.8,24.2,0.33,25.4,34.1,0.62,0.0
2020-10-26 18:00:00,29.5,24.4,0.32,25.6,34.1,0.62,0.0
2020-10-26 18:15:00,29.2,24.3,0.33,25.6,34.1,0.62,0.0
2020-10-26 18:30:00,29.2,24.3,0.33,25.6,34.1,0.62,0.0
2020-10-26 18:45:00,28.9,24.5,0.32,25.6,34.1,0.62,0.0
2020-10-26 19:00:00,28.6,24.5,0.32,25.6,34.1,0.62,0.0
2020-10-26 19:15:00,28.6,24.7,0.32,25.6,34.1,0.62,0.0
2020-10-26 19:30:00,28.3,24.7,0.32,25.6,34.1,0.62,0.0
2020-10-26 19:45:00,28.3,24.4,0.32,25.6,34.1,0.62,0.0
2020-10-26 20:00:00,28.0,24.0,0.32,25.6,34.1,0.62,0.0
2020-10-26 20:15:00,28.0,24.0,0.32,25.6,34.1,0.62,0.0
2020-10-26 20:30:00,27.8,24.0,0.32,25.6,34.1,0.62,0.0
2020-10-26 20:45:00,27.8,24.0,0.32,25.6,34.1,0.62,0.0
2020-10-26 21:00:00,27.5,24.2,0.32,25.6,34.1,0.62,0.0
2020-10-26 21:15:00,27.5,24.2,0.32,25.9,34.5,0.61,0.0
2020-10-26 21:30:00,27.2,24.2,0.32,25.9,34.5,0.61,0.0
2020-10-26 21:45:00,27.2,24.2,0.32,25.9,34.5,0.61,0.0
2020-10-26 22:00:00,26.9,24.3,0.32,25.9,34.5,0.61,0.0
2020-10-26 22:15:00,26.9,24.3,0.32,25.9,34.5,0.61,0.0
2020-10-26 22:30:00,26.7,23.8,0.32,25.9,34.5,0.61,0.0
2020-10-26 22:45:00,26.7,24.3,0.32,25.9,34.5,0.61,0.0
2020-10-26 23:00:00,26.4,24.0,0.32,25.9,34.5,0.61,0.0
2020-10-26 23:15:00,26.4,24.0,0.32,25.9,34.5,0.61,0.0
2020-10-26 23:30:00,26.4,24.0,0.32,25.9,34.5,0.61,0.0
2020-10-26 23:45:00,26.2,24.1,0.32,25.9,34.5,0.61,0.0
2020-10-27 00:00:00,26.2,24.1,0.32,25.9,34.5,0.61,0.0
2020-10-27 00:15:00,26.2,24.1,0.32,25.9,34.3,0.62,0.0
2020-10-27 00:30:00,25.9,23.8,0.32,25.9,34.3,0.62,0.0
2020-10-27 00:45:00,25.9,23.8,0.32,25.9,34.3,0.62,0.0
2020-10-27 01:00:00,25.6,24.0,0.32,25.9,34.3,0.62,0.0
2020-10-27 01:15:00,25.6,24.0,0.32,25.9,34.3,0.62,0.0
2020-10-27 01:30:00,25.6,23.5,0.32,25.9,34.3,0.62,0.0
2020-10-27 01:45:00,25.4,23.5,0.32,25.9,34.3,0.62,0.0
2020-10-27 02:00:00,25.4,23.6,0.32,25.9,34.3,0.62,0.0
2020-10-27 02:15:00,25.1,24.2,0.31,25.9,34.3,0.62,0.0
2020-10-27 02:30:00,25.1,23.6,0.32,26.2,34.3,0.62,0.0
2020-10-27 02:45:00,25.1,23.6,0.32,25.9,34.3,0.62,0.0
2020-10-27 03:00:00,24.9,23.6,0.32,26.2,34.3,0.62,0.0
2020-10-27 03:15:00,24.9,23.8,0.32,26.2,34.3,0.62,0.0
2020-10-27 03:30:00,24.7,23.8,0.32,26.2,34.3,0.62,0.0
2020-10-27 03:45:00,24.7,23.8,0.32,26.2,34.3,0.62,0.0
2020-10-27 04:00:00,24.4,24.0,0.31,25.9,34.3,0.62,0.0
2020-10-27 04:15:00,24.4,24.0,0.31,25.9,34.3,0.62,0.0
2020-10-27 04:30:00,24.4,23.7,0.31,26.2,34.3,0.62,0.0
2020-10-27 04:45:00,24.4,23.7,0.32,25.9,34.3,0.62,0.0
2020-10-27 05:00:00,24.2,23.7,0.32,25.9,34.3,0.62,0.0
2020-10-27 05:15:00,24.2,23.8,0.31,26.2,34.3,0.62,0.0
2020-10-27 05:30:00,23.9,23.8,0.31,26.2,34.3,0.62,0.0
2020-10-27 05:45:00,23.9,23.8,0.31,26.2,34.3,0.62,0.0
2020-10-27 06:00:00,23.7,23.3,0.32,26.2,34.3,0.62,0.0
2020-10-27 06:15:00,23.7,23.3,0.32,26.2,34.3,0.62,0.0
2020-10-27 06:30:00,23.7,23.5,0.31,26.2,34.3,0.62,0.0
2020-10-27 06:45:00,23.7,23.5,0.31,26.2,34.3,0.62,0.0
2020-10-27 07:00:00,23.5,23.5,0.31,25.9,34.3,0.62,0.0
2020-10-27 07:15:00,23.5,23.5,0.31,25.9,34.3,0.62,0.0
2020-10-27 07:30:00,23.5,23.5,0.31,25.9,34.3,0.62,0.0
2020-10-27 07:45:00,23.5,23.5,0.31,25.9,34.3,0.62,0.0
2020-10-27 08:00:00,23.5,23.5,0.31,25.9,34.3,0.62,0.0
2020-10-27 08:15:00,23.7,23.5,0.31,25.9,34.3,0.62,0.0
2020-10-27 08:30:00,23.9,23.5,0.31,25.9,34.3,0.62,0.0
2020-10-27 08:45:00,23.9,23.3,0.32,25.9,34.3,0.62,0.0
2020-10-27 09:00:00,24.4,23.6,0.31,25.9,34.5,0.61,0.0
2020-10-27 09:15:00,24.7,24.0,0.31,25.9,34.3,0.62,0.0
2020-10-27 09:30:00,24.9,24.0,0.31,25.9,34.3,0.62,0.0
2020-10-27 09:45:00,25.4,23.8,0.31,25.9,34.3,0.62,0.0
2020-10-27 10:00:00,25.6,23.9,0.32,25.9,34.3,0.62,0.0
2020-10-27 10:15:00,26.2,24.0,0.31,25.9,34.5,0.61,0.0
2020-10-27 10:30:00,26.7,23.8,0.32,25.9,34.3,0.62,0.0
2020-10-27 10:45:00,26.9,23.9,0.32,25.9,34.3,0.62,0.0
2020-10-27 11:00:00,27.2,23.9,0.32,25.9,34.5,0.61,0.0
2020-10-27 11:15:00,27.5,23.8,0.32,25.9,34.5,0.61,0.0
2020-10-27 11:30:00,27.8,24.3,0.31,25.9,34.5,0.61,0.0
2020-10-27 11:45:00,28.0,24.1,0.32,25.9,34.5,0.61,0.0
2020-10-27 12:00:00,28.6,24.0,0.32,25.9,34.5,0.61,0.0
2020-10-27 12:15:00,28.9,24.3,0.32,25.9,34.5,0.61,0.0
2020-10-27 12:30:00,29.2,24.1,0.32,25.9,34.5,0.61,0.0
2020-10-27 12:45:00,29.5,24.1,0.32,25.9,34.5,0.61,0.0
2020-10-27 13:00:00,29.8,23.9,0.33,25.9,34.5,0.61,0.0
2020-10-27 13:15:00,30.1,23.9,0.32,25.9,34.5,0.61,0.0
2020-10-27 13:30:00,30.4,23.8,0.33,25.9,34.5,0.61,0.0
2020-10-27 13:45:00,30.4,24.3,0.32,25.9,34.5,0.61,0.0
2020-10-27 14:00:00,30.7,24.6,0.32,25.9,34.5,0.61,0.0
2020-10-27 14:15:00,30.7,24.6,0.32,25.9,34.5,0.61,0.0
2020-10-27 14:30:00,30.7,24.1,0.32,25.9,34.5,0.61,0.0
2020-10-27 14:45:00,31.1,24.1,0.32,25.9,34.5,0.61,0.0
2020-10-27 15:00:00,31.1,24.5,0.32,25.9,34.5,0.61,0.0
2020-10-27 15:15:00,31.1,24.5,0.32,25.9,34.5,0.61,0.0
2020-10-27 15:30:00,31.1,24.5,0.32,25.9,34.5,0.61,0.0
2020-10-27 15:45:00,30.7,24.7,0.32,25.9,34.5,0.61,0.0
2020-10-27 16:00:00,30.7,24.1,0.32,25.9,34.5,0.61,0.0
2020-10-27 16:15:00,30.4,24.1,0.32,25.9,34.5,0.61,0.0
2020-10-27 16:30:00,30.4,24.3,0.32,25.9,34.5,0.61,0.0
2020-10-27 16:45:00,30.1,24.0,0.32,25.9,34.5,0.61,0.0
2020-10-27 17:00:00,30.1,24.0,0.32,25.9,34.5,0.61,0.0
2020-10-27 17:15:00,29.8,23.9,0.32,25.9,34.5,0.61,0.0
2020-10-27 17:30:00,29.8,24.1,0.32,25.9,34.5,0.61,0.0
2020-10-27 17:45:00,29.5,24.1,0.32,25.9,34.5,0.61,0.0
2020-10-27 18:00:00,29.2,24.3,0.32,25.9,34.5,0.61,0.0
2020-10-27 18:15:00,28.9,24.3,0.32,25.9,34.5,0.61,0.0
2020-10-27 18:30:00,28.9,24.3,0.32,25.9,34.5,0.61,0.0
2020-10-27 18:45:00,28.6,23.9,0.32,25.9,34.5,0.61,0.0
2020-10-27 19:00:00,28.3,23.6,0.32,26.2,34.5,0.61,0.0
2020-10-27 19:15:00,28.3,23.8,0.32,26.2,34.5,0.61,0.0
2020-10-27 19:30:00,28.0,23.8,0.32,26.2,34.3,0.62,0.0
2020-10-27 19:45:00,27.8,23.8,0.32,26.2,34.3,0.62,0.0
2020-10-27 20:00:00,27.8,24.0,0.32,26.2,34.5,0.61,0.0
2020-10-27 20:15:00,27.5,24.0,0.32,26.2,34.5,0.61,0.0
2020-10-27 20:30:00,27.5,23.9,0.32,26.2,34.3,0.62,0.0
2020-10-27 20:45:00,27.2,23.6,0.32,26.2,34.3,0.62,0.0
2020-10-27 21:00:00,26.9,23.6,0.32,26.2,34.3,0.62,0.0
2020-10-27 21:15:00,26.9,23.6,0.32,26.2,34.3,0.62,0.0
2020-10-27 21:30:00,26.7,23.8,0.32,26.2,34.3,0.62,0.0
2020-10-27 21:45:00,26.7,23.8,0.32,26.2,34.3,0.62,0.0
2020-10-27 22:00:00,26.4,23.7,0.32,26.2,34.3,0.62,0.0
2020-10-27 22:15:00,26.4,23.9,0.31,26.2,34.3,0.62,0.0
2020-10-27 22:30:00,26.2,23.9,0.31,26.2,34.3,0.62,0.0
2020-10-27 22:45:00,26.2,23.6,0.31,26.2,34.3,0.62,0.0
2020-10-27 23:00:00,25.9,23.6,0.32,26.2,34.3,0.62,0.0
2020-10-27 23:15:00,25.9,23.8,0.31,26.2,34.3,0.62,0.0
2020-10-27 23:30:00,25.9,23.3,0.32,26.2,34.3,0.62,0.0
2020-10-27 23:45:00,25.6,23.3,0.32,26.4,34.3,0.62,0.0
2020-10-28 00:00:00,25.6,23.2,0.32,26.4,34.3,0.62,0.0
2020-10-28 00:15:00,25.4,23.4,0.31,26.4,34.3,0.62,0.0
2020-10-28 00:30:00,25.4,23.4,0.31,26.4,34.3,0.62,0.0
2020-10-28 00:45:00,25.4,23.4,0.31,26.4,34.3,0.62,0.0
2020-10-28 01:00:00,25.1,23.4,0.32,26.4,34.3,0.62,0.0
2020-10-28 01:15:00,25.1,23.6,0.31,26.4,34.3,0.62,0.0
2020-10-28 01:30:00,24.9,23.6,0.31,26.4,34.3,0.62,0.0
2020-10-28 01:45:00,24.9,23.6,0.31,26.4,34.3,0.62,0.0
2020-10-28 02:00:00,24.9,23.6,0.31,26.4,34.3,0.62,0.0
2020-10-28 02:15:00,24.7,23.8,0.31,26.4,34.3,0.62,0.0
2020-10-28 02:30:00,24.7,23.8,0.31,26.4,34.3,0.62,0.0
2020-10-28 02:45:00,24.7,23.8,0.31,26.4,34.3,0.62,0.0
2020-10-28 03:00:00,24.4,23.5,0.31,26.4,34.3,0.62,0.0
2020-10-28 03:15:00,24.4,23.6,0.31,26.4,34.3,0.62,0.0
2020-10-28 03:30:00,24.4,23.1,0.31,26.4,34.3,0.62,0.0
2020-10-28 03:45:00,24.2,23.6,0.31,26.4,34.3,0.62,0.0
2020-10-28 04:00:00,24.2,23.1,0.31,26.4,34.3,0.62,0.0
2020-10-28 04:15:00,24.2,23.1,0.31,26.4,34.3,0.62,0.0
2020-10-28 04:30:00,23.9,23.3,0.31,26.4,34.3,0.62,0.0
2020-10-28 04:45:00,23.9,23.3,0.31,26.4,34.3,0.62,0.0
2020-10-28 05:00:00,23.9,23.3,0.31,26.4,34.3,0.62,0.0
2020-10-28 05:15:00,23.7,23.3,0.31,26.4,34.3,0.62,0.0
2020-10-28 05:30:00,23.7,23.3,0.31,26.4,34.3,0.62,0.0
2020-10-28 05:45:00,23.7,23.3,0.31,26.4,34.3,0.62,0.0
2020-10-28 06:00:00,23.5,23.4,0.31,26.4,34.3,0.62,0.0
2020-10-28 06:15:00,23.5,23.4,0.31,26.4,34.3,0.62,0.0
2020-10-28 06:30:00,23.5,23.4,0.31,26.4,34.3,0.62,0.0
2020-10-28 06:45:00,23.3,22.9,0.31,26.2,34.3,0.62,0.0
2020-10-28 07:00:00,23.3,23.1,0.31,26.4,34.3,0.62,0.0
2020-10-28 07:15:00,23.3,23.1,0.31,26.4,34.3,0.62,0.0
2020-10-28 07:30:00,23.3,23.1,0.31,26.2,34.3,0.62,0.0
2020-10-28 07:45:00,23.3,23.1,0.31,26.2,34.3,0.62,0.0
2020-10-28 08:00:00,23.3,23.1,0.31,26.2,34.3,0.62,0.0
2020-10-28 08:15:00,23.5,23.1,0.31,26.2,34.3,0.62,0.0
2020-10-28 08:30:00,23.7,22.9,0.31,26.2,34.3,0.62,0.0
2020-10-28 08:45:00,23.9,22.9,0.31,26.2,34.3,0.62,0.0
2020-10-28 09:00:00,24.2,23.3,0.31,26.2,34.3,0.62,0.0
2020-10-28 09:15:00,24.4,23.6,0.31,26.2,34.3,0.62,0.0
2020-10-28 09:30:00,24.9,23.4,0.31,26.2,34.3,0.62,0.0
2020-10-28 09:45:00,25.1,23.2,0.31,26.2,34.3,0.62,0.0
2020-10-28 10:00:00,25.6,23.1,0.32,26.2,34.5,0.61,0.0
2020-10-28 10:15:00,25.9,23.4,0.31,26.2,34.3,0.62,0.0
2020-10-28 10:30:00,26.4,23.2,0.32,26.2,34.3,0.62,0.0
2020-10-28 10:45:00,26.7,23.6,0.31,26.2,34.3,0.62,0.0
2020-10-28 11:00:00,26.9,23.9,0.31,26.2,34.5,0.61,0.0
2020-10-28 11:15:00,27.2,23.7,0.31,26.2,34.3,0.62,0.0
2020-10-28 11:30:00,27.8,23.7,0.31,26.2,34.5,0.61,0.0
2020-10-28 11:45:00,28.0,23.5,0.32,26.2,34.3,0.62,0.0
2020-10-28 12:00:00,28.3,23.6,0.32,26.2,34.3,0.62,0.0
2020-10-28 12:15:00,28.6,23.4,0.32,26.2,34.5,0.61,0.0
2020-10-28 12:30:00,28.9,23.4,0.32,26.2,34.5,0.61,0.0
2020-10-28 12:45:00,29.2,23.5,0.32,26.2,34.5,0.61,0.0
2020-10-28 13:00:00,29.2,24.1,0.31,26.2,34.5,0.61,0.0
2020-10-28 13:15:00,29.5,24.1,0.31,26.2,34.5,0.61,0.0
2020-10-28 13:30:00,29.8,23.9,0.32,26.2,34.5,0.61,0.0
2020-10-28 13:45:00,29.8,23.9,0.32,26.2,34.5,0.61,0.0
2020-10-28 14:00:00,30.1,23.9,0.31,25.9,34.5,0.61,0.0
2020-10-28 14:15:00,30.1,23.9,0.31,26.2,34.5,0.61,0.0
2020-10-28 14:30:00,30.1,23.9,0.31,25.9,34.5,0.61,0.0
2020-10-28 14:45:00,30.4,24.2,0.31,25.9,34.5,0.61,0.0
2020-10-28 15:00:00,30.4,23.7,0.32,25.9,34.5,0.61,0.0
2020-10-28 15:15:00,30.4,23.7,0.32,25.9,34.5,0.61,0.0
2020-10-28 15:30:00,30.4,23.9,0.31,26.2,34.5,0.61,0.0
2020-10-28 15:45:00,30.4,23.9,0.31,26.2,34.5,0.61,0.0
2020-10-28 16:00:00,30.1,23.9,0.31,26.2,34.5,0.61,0.0
2020-10-28 16:15:00,30.1,23.9,0.31,26.2,34.5,0.61,0.0
2020-10-28 16:30:00,30.1,23.9,0.31,26.2,34.5,0.61,0.0
2020-10-28 16:45:00,29.8,24.1,0.31,26.2,34.5,0.61,0.0
2020-10-28 17:00:00,29.5,23.5,0.32,26.2,34.5,0.61,0.0
2020-10-28 17:15:00,29.5,23.5,0.32,26.2,34.5,0.61,0.0
2020-10-28 17:30:00,29.2,23.7,0.31,26.2,34.5,0.61,0.0
2020-10-28 17:45:00,29.2,23.7,0.31,26.2,34.5,0.61,0.0
2020-10-28 18:00:00,28.9,23.4,0.32,26.2,34.5,0.61,0.0
2020-10-28 18:15:00,28.6,23.6,0.31,26.2,34.5,0.61,0.0
2020-10-28 18:30:00,28.6,23.6,0.31,26.2,34.5,0.61,0.0
2020-10-28 18:45:00,28.3,23.8,0.31,26.2,34.5,0.61,0.0
2020-10-28 19:00:00,28.0,23.7,0.31,26.2,34.5,0.61,0.0
2020-10-28 19:15:00,28.0,23.2,0.32,26.2,34.5,0.61,0.0
2020-10-28 19:30:00,27.8,23.4,0.31,26.2,34.5,0.61,0.0
2020-10-28 19:45:00,27.5,23.4,0.31,26.2,34.5,0.61,0.0
2020-10-28 20:00:00,27.5,23.6,0.31,26.2,34.5,0.61,0.0
2020-10-28 20:15:00,27.2,23.5,0.31,26.2,34.5,0.61,0.0
2020-10-28 20:30:00,26.9,23.5,0.31,26.4,34.5,0.61,0.0
2020-10-28 20:45:00,26.9,23.2,0.31,26.4,34.3,0.62,0.0
2020-10-28 21:00:00,26.7,23.2,0.31,26.4,34.5,0.61,0.0
2020-10-28 21:15:00,26.7,23.4,0.31,26.4,34.3,0.62,0.0
2020-10-28 21:30:00,26.4,23.1,0.31,26.4,34.3,0.62,0.0
2020-10-28 21:45:00,26.4,23.3,0.31,26.4,34.3,0.62,0.0
2020-10-28 22:00:00,26.2,23.5,0.3,26.4,34.3,0.62,0.0
2020-10-28 22:15:00,25.9,23.2,0.31,26.4,34.3,0.62,0.0
2020-10-28 22:30:00,25.9,23.2,0.31,26.4,34.3,0.62,0.0
2020-10-28 22:45:00,25.9,23.4,0.3,26.4,34.3,0.62,0.0
2020-10-28 23:00:00,25.6,22.9,0.31,26.4,34.3,0.62,0.0
2020-10-28 23:15:00,25.4,22.9,0.31,26.4,34.3,0.62,0.0
2020-10-28 23:30:00,25.4,22.9,0.31,26.4,34.3,0.62,0.0
2020-10-28 23:45:00,25.4,23.0,0.31,26.4,34.3,0.62,0.0
2020-10-29 00:00:00,25.1,23.0,0.31,26.4,34.3,0.61,0.0
2020-10-29 00:15:00,25.1,23.0,0.31,26.4,34.3,0.61,0.0
2020-10-29 00:30:00,24.9,23.0,0.31,26.4,34.3,0.61,0.0
2020-10-29 00:45:00,24.9,22.9,0.31,26.4,34.3,0.61,0.0
2020-10-29 01:00:00,24.9,22.9,0.31,26.4,34.3,0.61,0.0
2020-10-29 01:15:00,24.7,22.9,0.31,26.4,34.3,0.61,0.0
2020-10-29 01:30:00,24.7,22.9,0.31,26.4,34.3,0.61,0.0
2020-10-29 01:45:00,24.4,23.1,0.3,26.4,34.3,0.61,0.0
2020-10-29 02:00:00,24.4,23.1,0.3,26.4,34.3,0.61,0.0
2020-10-29 02:15:00,24.2,23.1,0.3,26.4,34.3,0.61,0.0
2020-10-29 02:30:00,24.2,22.7,0.31,26.4,34.3,0.61,0.0
2020-10-29 02:45:00,24.2,22.7,0.31,26.4,34.3,0.61,0.0
2020-10-29 03:00:00,23.9,22.7,0.31,26.4,34.3,0.61,0.0
2020-10-29 03:15:00,23.9,22.7,0.31,26.4,34.3,0.61,0.0
2020-10-29 03:30:00,23.9,22.7,0.31,26.4,34.3,0.61,0.0
2020-10-29 03:45:00,23.7,22.7,0.31,26.4,34.3,0.61,0.0
2020-10-29 04:00:00,23.7,22.9,0.3,26.4,34.3,0.61,0.0
2020-10-29 04:15:00,23.7,22.9,0.3,26.4,34.3,0.61,0.0
2020-10-29 04:30:00,23.5,22.9,0.3,26.4,34.3,0.61,0.0
2020-10-29 04:45:00,23.5,22.9,0.3,26.4,34.3,0.61,0.0
2020-10-29 05:00:00,23.5,23.1,0.3,26.4,34.3,0.62,0.0
2020-10-29 05:15:00,23.3,23.1,0.3,26.4,34.3,0.62,0.0
2020-10-29 05:30:00,23.3,22.5,0.31,26.4,34.3,0.62,0.0
2020-10-29 05:45:00,23.3,22.7,0.3,26.4,34.3,0.62,0.0
2020-10-29 06:00:00,23.0,22.7,0.3,26.4,34.3,0.62,0.0
2020-10-29 06:15:00,23.0,22.7,0.3,26.4,34.3,0.62,0.0
2020-10-29 06:30:00,22.8,22.7,0.3,26.4,34.3,0.62,0.0
2020-10-29 06:45:00,22.8,22.7,0.3,26.4,34.5,0.61,0.0
2020-10-29 07:00:00,22.8,22.9,0.3,26.4,34.3,0.62,0.0
2020-10-29 07:15:00,22.8,22.9,0.3,26.4,34.3,0.62,0.0
2020-10-29 07:30:00,22.8,22.9,0.3,26.4,34.3,0.62,0.0
2020-10-29 07:45:00,22.8,22.9,0.3,26.4,34.3,0.62,0.0
2020-10-29 08:00:00,22.8,22.9,0.3,26.4,34.5,0.61,0.0
2020-10-29 08:15:00,22.8,22.9,0.3,26.4,34.5,0.61,0.0
2020-10-29 08:30:00,23.0,22.7,0.3,26.4,34.5,0.61,0.0
2020-10-29 08:45:00,23.3,22.7,0.3,26.4,34.5,0.61,0.0
2020-10-29 09:00:00,23.5,22.7,0.3,26.2,34.5,0.61,0.0
2020-10-29 09:15:00,23.7,22.5,0.3,26.2,34.5,0.61,0.0
2020-10-29 09:30:00,24.2,22.7,0.31,26.2,34.5,0.61,0.0
2020-10-29 09:45:00,24.7,23.0,0.3,26.2,34.5,0.61,0.0
2020-10-29 10:00:00,25.1,23.0,0.3,26.2,34.5,0.61,0.0
2020-10-29 10:15:00,25.4,22.9,0.3,26.2,34.5,0.61,0.0
2020-10-29 10:30:00,25.9,23.0,0.31,26.2,34.5,0.61,0.0
2020-10-29 10:45:00,26.2,22.8,0.31,26.2,34.5,0.61,0.0
2020-10-29 11:00:00,26.7,22.8,0.31,26.2,34.5,0.61,0.0
2020-10-29 11:15:00,26.9,22.7,0.31,26.2,34.5,0.61,0.0
2020-10-29 11:30:00,27.2,23.3,0.31,26.2,34.5,0.61,0.0
2020-10-29 11:45:00,27.5,23.3,0.31,26.2,34.5,0.61,0.0
2020-10-29 12:00:00,27.8,23.2,0.31,26.2,34.5,0.61,0.0
2020-10-29 12:15:00,28.0,23.2,0.31,26.2,34.5,0.61,0.0
2020-10-29 12:30:00,28.3,23.5,0.3,26.2,34.5,0.61,0.0
2020-10-29 12:45:00,28.6,23.0,0.31,26.2,34.5,0.61,0.0
2020-10-29 13:00:00,28.9,23.3,0.31,26.2,34.5,0.61,0.0
2020-10-29 13:15:00,28.9,23.3,0.31,26.2,34.5,0.61,0.0
2020-10-29 13:30:00,29.2,23.1,0.31,26.2,34.5,0.61,0.0
2020-10-29 13:45:00,29.2,23.7,0.31,26.2,34.5,0.61,0.0
2020-10-29 14:00:00,29.5,23.7,0.3,26.2,34.5,0.61,0.0
2020-10-29 14:15:00,29.8,23.5,0.31,26.2,34.5,0.61,0.0
2020-10-29 14:30:00,30.1,23.5,0.31,26.2,34.5,0.61,0.0
2020-10-29 14:45:00,30.1,23.5,0.31,26.2,34.5,0.61,0.0
2020-10-29 15:00:00,30.1,23.5,0.31,26.2,34.5,0.61,0.0
2020-10-29 15:15:00,30.1,23.5,0.31,26.2,34.5,0.61,0.0
2020-10-29 15:30:00,30.1,23.5,0.31,26.2,34.5,0.61,0.0
2020-10-29 15:45:00,30.1,23.5,0.31,26.2,34.5,0.61,0.0
2020-10-29 16:00:00,30.1,23.5,0.31,26.2,34.5,0.61,0.0
2020-10-29 16:15:00,29.8,23.5,0.31,26.2,34.5,0.61,0.0
2020-10-29 16:30:00,29.8,23.1,0.31,26.2,34.5,0.61,0.0
2020-10-29 16:45:00,29.5,23.1,0.31,26.2,34.5,0.61,0.0
2020-10-29 17:00:00,29.5,23.1,0.31,26.2,34.5,0.61,0.0
2020-10-29 17:15:00,29.5,23.1,0.31,26.2,34.5,0.61,0.0
2020-10-29 17:30:00,29.2,23.3,0.31,26.2,34.5,0.61,0.0
2020-10-29 17:45:00,29.2,23.3,0.31,26.2,34.5,0.61,0.0
2020-10-29 18:00:00,28.9,23.5,0.3,26.2,33.8,0.62,0.0
2020-10-29 18:15:00,28.6,23.5,0.3,26.2,34.5,0.61,0.0
2020-10-29 18:30:00,28.3,22.9,0.31,26.2,34.5,0.61,0.0
2020-10-29 18:45:00,28.3,22.8,0.31,26.2,34.5,0.61,0.0
2020-10-29 19:00:00,28.0,22.8,0.31,26.2,34.5,0.61,0.0
2020-10-29 19:15:00,27.8,23.0,0.3,26.2,34.5,0.61,0.0
2020-10-29 19:30:00,27.8,23.0,0.31,26.2,34.5,0.61,0.0
2020-10-29 19:45:00,27.5,23.0,0.31,26.2,34.5,0.61,0.0
2020-10-29 20:00:00,27.5,23.2,0.3,26.2,34.5,0.61,0.0
2020-10-29 20:15:00,27.2,22.6,0.31,26.2,34.5,0.61,0.0
2020-10-29 20:30:00,26.9,22.8,0.3,26.2,34.5,0.61,0.0
2020-10-29 20:45:00,26.9,22.8,0.31,26.2,34.5,0.61,0.0
2020-10-29 21:00:00,26.7,23.0,0.3,26.4,34.5,0.61,0.0
2020-10-29 21:15:00,26.4,23.0,0.3,26.4,34.5,0.61,0.0
2020-10-29 21:30:00,26.4,23.0,0.3,26.4,34.5,0.61,0.0
2020-10-29 21:45:00,26.2,23.1,0.3,26.4,34.5,0.61,0.0
2020-10-29 22:00:00,26.2,22.6,0.3,26.4,34.5,0.61,0.0
2020-10-29 22:15:00,25.9,22.3,0.31,26.4,34.5,0.61,0.0
2020-10-29 22:30:00,25.9,22.3,0.31,26.4,34.5,0.61,0.0
2020-10-29 22:45:00,25.9,22.5,0.3,26.4,34.5,0.61,0.0
2020-10-29 23:00:00,25.6,22.5,0.3,26.4,34.5,0.61,0.0
2020-10-29 23:15:00,25.6,22.7,0.3,26.4,34.5,0.61,0.0
2020-10-29 23:30:00,25.4,22.7,0.3,26.4,33.8,0.62,0.0
2020-10-29 23:45:00,25.4,22.7,0.3,26.4,34.5,0.61,0.0
2020-10-30 00:00:00,25.4,22.7,0.3,26.4,34.5,0.61,0.0
2020-10-30 00:15:00,25.1,22.8,0.3,26.4,34.5,0.61,0.0
2020-10-30 00:30:00,25.1,22.8,0.3,26.4,34.5,0.61,0.0
2020-10-30 00:45:00,24.9,22.3,0.3,26.4,34.5,0.61,0.0
2020-10-30 01:00:00,24.9,22.8,0.3,26.4,34.5,0.6,0.0
2020-10-30 01:15:00,24.9,22.5,0.3,26.4,34.5,0.61,0.0
2020-10-30 01:30:00,24.7,22.5,0.3,26.4,34.5,0.6,0.0
2020-10-30 01:45:00,24.7,22.5,0.3,26.4,34.5,0.6,0.0
2020-10-30 02:00:00,24.4,22.5,0.3,26.4,34.5,0.6,0.0
2020-10-30 02:15:00,24.4,22.4,0.3,26.2,32.7,0.63,0.0
2020-10-30 02:30:00,24.4,22.4,0.3,26.4,34.5,0.6,0.0
2020-10-30 02:45:00,24.2,22.4,0.3,26.4,34.5,0.6,0.0
2020-10-30 03:00:00,24.2,22.5,0.29,26.4,34.5,0.6,0.0
2020-10-30 03:15:00,23.9,22.5,0.29,26.4,34.5,0.6,0.0
2020-10-30 03:30:00,23.9,22.0,0.3,26.4,34.5,0.6,0.0
2020-10-30 03:45:00,23.9,22.0,0.3,26.4,34.5,0.6,0.0
2020-10-30 04:00:00,23.7,22.2,0.3,26.4,34.5,0.61,0.0
2020-10-30 04:15:00,23.7,22.2,0.3,26.4,34.5,0.61,0.0
2020-10-30 04:30:00,23.7,22.2,0.3,26.4,34.5,0.61,0.0
2020-10-30 04:45:00,23.5,22.2,0.3,26.4,34.5,0.61,0.0
2020-10-30 05:00:00,23.5,22.4,0.29,26.4,34.5,0.61,0.0
2020-10-30 05:15:00,23.5,22.4,0.29,26.4,34.5,0.61,0.0
2020-10-30 05:30:00,23.3,22.3,0.29,26.4,34.5,0.61,0.0
2020-10-30 05:45:00,23.3,22.3,0.29,26.4,34.5,0.61,0.0
2020-10-30 06:00:00,23.0,21.8,0.3,26.4,34.5,0.61,0.0
2020-10-30 06:15:00,23.0,22.0,0.3,26.4,34.5,0.61,0.0
2020-10-30 06:30:00,23.0,22.0,0.3,26.4,33.8,0.62,0.0
2020-10-30 06:45:00,22.8,22.0,0.3,26.4,34.5,0.61,0.0
2020-10-30 07:00:00,22.8,22.0,0.3,26.4,34.5,0.61,0.0
2020-10-30 07:15:00,22.8,22.2,0.29,26.4,34.5,0.61,0.0
2020-10-30 07:30:00,22.8,22.2,0.29,26.4,34.5,0.61,0.0
2020-10-30 07:45:00,22.8,22.2,0.29,26.4,34.5,0.61,0.0
2020-10-30 08:00:00,22.8,22.2,0.29,26.4,33.8,0.62,0.0
2020-10-30 08:15:00,23.0,22.2,0.29,26.4,34.5,0.61,0.0
2020-10-30 08:30:00,23.0,22.0,0.3,26.4,34.5,0.61,0.0
2020-10-30 08:45:00,23.3,22.0,0.3,26.4,34.5,0.61,0.0
2020-10-30 09:00:00,23.7,21.8,0.3,26.2,33.8,0.62,0.0
2020-10-30 09:15:00,23.9,22.6,0.29,26.2,34.5,0.61,0.0
2020-10-30 09:30:00,24.2,22.5,0.29,26.2,34.5,0.61,0.0
2020-10-30 09:45:00,24.7,22.3,0.3,26.2,34.5,0.61,0.0
2020-10-30 10:00:00,25.1,22.1,0.3,26.2,34.5,0.61,0.0
2020-10-30 10:15:00,25.4,22.4,0.3,26.2,33.8,0.62,0.0
2020-10-30 10:30:00,25.9,22.3,0.3,26.2,33.8,0.62,0.0
2020-10-30 10:45:00,26.2,22.1,0.3,26.2,33.8,0.62,0.0
2020-10-30 11:00:00,26.7,22.7,0.3,26.2,33.8,0.62,0.0
2020-10-30 11:15:00,26.9,22.8,0.3,26.2,33.8,0.62,0.0
2020-10-30 11:30:00,27.2,22.6,0.3,26.2,33.8,0.62,0.0
2020-10-30 11:45:00,27.5,22.4,0.3,26.2,33.8,0.62,0.0
2020-10-30 12:00:00,27.8,22.4,0.3,26.2,33.8,0.62,0.0
2020-10-30 12:15:00,28.3,22.8,0.3,26.2,33.8,0.62,0.0
2020-10-30 12:30:00,28.6,22.8,0.3,26.2,34.5,0.61,0.0
2020-10-30 12:45:00,28.9,22.9,0.3,26.2,34.0,0.61,0.0
2020-10-30 13:00:00,29.2,22.9,0.3,26.2,34.0,0.61,0.0
2020-10-30 13:15:00,29.5,22.7,0.3,26.2,34.7,0.6,0.0
2020-10-30 13:30:00,29.8,22.7,0.3,26.2,34.0,0.61,0.0
2020-10-30 13:45:00,29.8,22.6,0.31,26.2,34.0,0.61,0.0
2020-10-30 14:00:00,30.1,22.6,0.31,26.2,34.0,0.61,0.0
2020-10-30 14:15:00,30.1,22.6,0.31,26.2,34.0,0.61,0.0
2020-10-30 14:30:00,30.1,22.6,0.31,26.2,34.0,0.61,0.0
2020-10-30 14:45:00,30.1,22.6,0.31,26.2,34.0,0.61,0.0
2020-10-30 15:00:00,30.1,22.6,0.31,26.2,34.0,0.61,0.0
2020-10-30 15:15:00,30.1,22.6,0.31,26.2,34.0,0.61,0.0
2020-10-30 15:30:00,30.1,22.6,0.31,26.2,34.0,0.61,0.0
2020-10-30 15:45:00,30.1,22.6,0.31,26.2,34.0,0.61,0.0
2020-10-30 16:00:00,30.1,22.8,0.3,26.2,34.0,0.61,0.0
2020-10-30 16:15:00,29.8,22.8,0.3,26.2,34.0,0.61,0.0
2020-10-30 16:30:00,29.8,22.8,0.3,26.2,34.0,0.61,0.0
2020-10-30 16:45:00,29.5,22.9,0.3,26.2,34.0,0.61,0.0
2020-10-30 17:00:00,29.5,22.9,0.3,26.2,34.0,0.61,0.0
2020-10-30 17:15:00,29.2,22.4,0.31,26.2,34.0,0.61,0.0
2020-10-30 17:30:00,29.2,22.6,0.3,26.2,34.0,0.61,0.0
2020-10-30 17:45:00,28.9,22.6,0.3,26.2,34.0,0.61,0.0
2020-10-30 18:00:00,28.9,22.6,0.3,26.2,34.0,0.61,0.0
2020-10-30 18:15:00,28.6,22.8,0.3,26.2,33.8,0.62,0.0
2020-10-30 18:30:00,28.3,22.4,0.3,26.2,33.8,0.62,0.0
2020-10-30 18:45:00,28.3,22.9,0.29,26.2,34.0,0.61,0.0
2020-10-30 19:00:00,28.0,22.1,0.3,26.2,33.8,0.62,0.0
2020-10-30 19:15:00,28.0,22.1,0.3,26.2,34.0,0.61,0.0
2020-10-30 19:30:00,27.8,22.3,0.3,26.2,34.0,0.61,0.0
2020-10-30 19:45:00,27.8,22.3,0.3,26.2,34.0,0.61,0.0
2020-10-30 20:00:00,27.8,22.3,0.3,26.2,34.5,0.61,0.0
2020-10-30 20:15:00,27.5,22.7,0.29,26.4,33.8,0.62,0.0
2020-10-30 20:30:00,27.5,22.4,0.3,26.4,33.8,0.62,0.0
2020-10-30 20:45:00,27.5,22.4,0.3,26.4,33.8,0.62,0.0
2020-10-30 21:00:00,27.2,21.9,0.3,26.4,34.5,0.61,0.0
2020-10-30 21:15:00,27.2,22.1,0.3,26.4,33.8,0.62,0.0
2020-10-30 21:30:00,27.2,22.1,0.3,26.4,33.8,0.62,0.0
2020-10-30 21:45:00,26.9,22.1,0.3,26.4,33.8,0.62,0.0
2020-10-30 22:00:00,26.9,22.1,0.3,26.4,33.8,0.62,0.0
2020-10-30 22:15:00,26.9,22.3,0.3,26.4,33.8,0.62,0.0
2020-10-30 22:30:00,26.7,22.3,0.3,26.4,33.8,0.62,0.0
2020-10-30 22:45:00,26.7,22.3,0.3,26.2,32.6,0.63,0.0
2020-10-30 23:00:00,26.4,22.4,0.29,26.4,33.8,0.62,0.0
2020-10-30 23:15:00,26.4,22.4,0.29,26.4,33.8,0.62,0.0
2020-10-30 23:30:00,26.2,21.9,0.3,26.4,33.8,0.62,0.0
2020-10-30 23:45:00,26.2,22.1,0.29,26.4,33.8,0.62,0.0
2020-10-31 00:00:00,25.9,22.1,0.29,26.4,33.8,0.62,0.0
2020-10-31 00:15:00,25.9,22.1,0.3,26.4,33.8,0.62,0.0
2020-10-31 00:30:00,25.6,22.3,0.29,26.4,33.8,0.62,0.0
2020-10-31 00:45:00,25.6,22.2,0.29,26.4,33.8,0.62,0.0
2020-10-31 01:00:00,25.4,22.2,0.29,26.4,33.8,0.62,0.0
2020-10-31 01:15:00,25.4,22.1,0.29,26.4,34.5,0.6,0.0
2020-10-31 01:30:00,25.1,22.1,0.29,26.4,33.8,0.62,0.0
2020-10-31 01:45:00,25.1,22.1,0.29,26.4,33.8,0.62,0.0
2020-10-31 02:00:00,24.9,21.8,0.29,26.4,33.8,0.62,0.0
2020-10-31 02:15:00,24.9,21.8,0.29,26.4,34.5,0.6,0.0
2020-10-31 02:30:00,24.9,21.8,0.29,26.4,33.8,0.62,0.0
2020-10-31 02:45:00,24.7,22.0,0.29,26.4,33.8,0.62,0.0
2020-10-31 03:00:00,24.7,22.0,0.29,26.4,33.8,0.62,0.0
2020-10-31 03:15:00,24.4,22.0,0.29,26.4,33.8,0.62,0.0
2020-10-31 03:30:00,24.4,22.1,0.28,26.4,34.5,0.6,0.0
2020-10-31 03:45:00,24.4,22.1,0.29,26.4,33.8,0.62,0.0
2020-10-31 04:00:00,24.2,21.6,0.29,26.4,33.8,0.62,0.0
2020-10-31 04:15:00,24.2,21.6,0.29,26.4,33.8,0.62,0.0
2020-10-31 04:30:00,23.9,21.6,0.29,26.4,34.5,0.6,0.0
2020-10-31 04:45:00,23.9,21.8,0.29,26.4,33.8,0.62,0.0
2020-10-31 05:00:00,23.9,21.8,0.29,26.4,33.8,0.62,0.0
2020-10-31 05:15:00,23.7,21.8,0.29,26.4,33.8,0.62,0.0
2020-10-31 05:30:00,23.7,22.0,0.28,26.4,33.8,0.62,0.0
2020-10-31 05:45:00,23.7,21.9,0.28,26.4,33.8,0.62,0.0
2020-10-31 06:00:00,23.5,21.9,0.28,26.4,33.8,0.62,0.0
2020-10-31 06:15:00,23.5,21.9,0.29,26.4,33.8,0.62,0.0
2020-10-31 06:30:00,23.5,21.7,0.29,26.4,33.8,0.62,0.0
2020-10-31 06:45:00,23.3,21.8,0.28,26.4,33.8,0.62,0.0
2020-10-31 07:00:00,23.3,21.8,0.28,26.4,33.8,0.62,0.0
2020-10-31 07:15:00,23.3,21.8,0.28,26.4,33.8,0.62,0.0
2020-10-31 07:30:00,23.3,21.3,0.29,26.4,33.8,0.62,0.0
2020-10-31 07:45:00,23.3,21.3,0.29,26.4,33.8,0.62,0.0
2020-10-31 08:00:00,23.3,21.3,0.29,26.4,33.8,0.62,0.0
2020-10-31 08:15:00,23.5,21.6,0.29,26.4,33.8,0.62,0.0
2020-10-31 08:30:00,23.5,21.6,0.29,26.4,34.5,0.61,0.0
2020-10-31 08:45:00,23.7,22.0,0.28,26.4,33.8,0.62,0.0
2020-10-31 09:00:00,24.2,22.0,0.28,26.4,33.8,0.62,0.0
2020-10-31 09:15:00,24.4,21.8,0.29,26.4,33.8,0.62,0.0
2020-10-31 09:30:00,24.9,21.9,0.29,26.4,33.8,0.62,0.0
2020-10-31 09:45:00,25.4,21.7,0.29,26.4,33.8,0.62,0.0
2020-10-31 10:00:00,25.6,21.7,0.29,26.4,33.8,0.62,0.0
2020-10-31 10:15:00,26.2,21.9,0.29,26.4,33.8,0.62,0.0
2020-10-31 10:30:00,26.4,22.2,0.29,26.4,34.0,0.61,0.0
2020-10-31 10:45:00,26.9,22.0,0.29,26.4,34.0,0.61,0.0
2020-10-31 11:00:00,27.2,21.9,0.3,26.4,34.0,0.61,0.0
2020-10-31 11:15:00,27.5,21.9,0.29,26.4,33.8,0.62,0.0
2020-10-31 11:30:00,27.8,21.7,0.3,26.4,34.0,0.61,0.0
2020-10-31 11:45:00,28.0,22.5,0.29,26.2,34.0,0.61,0.0
2020-10-31 12:00:00,28.3,22.4,0.29,26.2,34.0,0.61,0.0
2020-10-31 12:15:00,28.6,22.4,0.29,26.2,34.0,0.61,0.0
2020-10-31 12:30:00,28.9,22.2,0.3,26.2,34.0,0.61,0.0
2020-10-31 12:45:00,29.2,22.2,0.29,26.2,34.0,0.61,0.0
2020-10-31 13:00:00,29.5,22.0,0.3,26.2,34.0,0.61,0.0
2020-10-31 13:15:00,29.5,22.0,0.3,26.2,34.0,0.61,0.0
2020-10-31 13:30:00,29.8,22.0,0.3,26.2,34.0,0.61,0.0
2020-10-31 13:45:00,29.8,22.0,0.3,26.2,34.0,0.61,0.0
2020-10-31 14:00:00,29.8,22.0,0.3,26.2,34.0,0.61,0.0
2020-10-31 14:15:00,29.8,22.0,0.3,26.2,34.0,0.61,0.0
2020-10-31 14:30:00,30.1,21.8,0.3,26.2,34.0,0.61,0.0
2020-10-31 14:45:00,30.1,22.4,0.29,26.2,34.0,0.61,0.0
2020-10-31 15:00:00,30.1,22.7,0.29,26.2,34.0,0.61,0.0
2020-10-31 15:15:00,30.1,22.7,0.29,26.2,34.0,0.61,0.0
2020-10-31 15:30:00,30.1,22.1,0.3,26.2,34.0,0.61,0.0
2020-10-31 15:45:00,30.1,22.1,0.3,26.2,34.0,0.61,0.0
2020-10-31 16:00:00,30.1,22.3,0.29,26.2,34.0,0.61,0.0
2020-10-31 16:15:00,29.8,22.0,0.3,26.2,34.0,0.61,0.0
2020-10-31 16:30:00,29.8,22.0,0.3,26.2,34.0,0.61,0.0
2020-10-31 16:45:00,29.5,22.2,0.29,26.2,34.0,0.61,0.0
2020-10-31 17:00:00,29.5,22.2,0.29,26.2,34.0,0.61,0.0
2020-10-31 17:15:00,29.5,22.2,0.29,26.4,34.0,0.61,0.0
2020-10-31 17:30:00,29.2,22.2,0.29,26.4,34.0,0.61,0.0
2020-10-31 17:45:00,29.2,22.4,0.29,26.4,34.0,0.61,0.0
2020-10-31 18:00:00,29.2,21.8,0.3,26.4,34.0,0.61,0.0
2020-10-31 18:15:00,28.9,21.8,0.3,26.4,34.0,0.61,0.0
2020-10-31 18:30:00,28.9,22.0,0.29,26.4,34.0,0.61,0.0
2020-10-31 18:45:00,28.6,22.0,0.29,26.4,34.0,0.61,0.0
2020-10-31 19:00:00,28.6,22.2,0.29,26.4,33.8,0.62,0.0
2020-10-31 19:15:00,28.3,22.2,0.29,26.4,34.0,0.61,0.0
2020-10-31 19:30:00,28.3,21.7,0.3,26.2,32.9,0.62,0.0
2020-10-31 19:45:00,28.0,21.9,0.29,26.4,34.0,0.61,0.0
2020-10-31 20:00:00,28.0,21.8,0.29,26.4,34.0,0.61,0.0
2020-10-31 20:15:00,27.8,21.8,0.29,26.4,34.0,0.61,0.0
2020-10-31 20:30:00,27.8,22.0,0.29,26.4,33.8,0.62,0.0
2020-10-31 20:45:00,27.8,22.0,0.29,26.4,33.8,0.62,0.0
2020-10-31 21:00:00,27.5,22.0,0.29,26.4,33.8,0.62,0.0
2020-10-31 21:15:00,27.5,22.2,0.28,26.4,33.8,0.62,0.0
2020-10-31 21:30:00,27.5,21.7,0.29,26.4,33.8,0.62,0.0
2020-10-31 21:45:00,27.2,21.7,0.29,26.4,33.8,0.62,0.0
2020-10-31 22:00:00,27.2,21.9,0.29,26.4,33.8,0.62,0.0
2020-10-31 22:15:00,26.9,21.9,0.29,26.4,33.8,0.62,0.0
2020-10-31 22:30:00,26.9,21.8,0.29,26.4,33.8,0.62,0.0
2020-10-31 22:45:00,26.9,21.8,0.29,26.4,33.8,0.62,0.0
2020-10-31 23:00:00,26.7,21.7,0.28,26.7,34.2,0.61,0.0
2020-10-31 23:15:00,26.7,22.0,0.28,26.7,33.8,0.62,0.0
2020-10-31 23:30:00,26.7,21.7,0.29,26.7,33.8,0.62,0.0
2020-10-31 23:45:00,26.4,21.5,0.29,26.7,33.8,0.62,0.0
2020-11-01 00:00:00,26.4,21.4,0.29,26.7,33.8,0.62,0.0
2020-11-01 00:15:00,26.4,21.4,0.29,26.7,34.2,0.61,0.0
2020-11-01 00:30:00,26.2,21.4,0.29,26.7,33.8,0.62,0.0
2020-11-01 00:45:00,26.2,21.6,0.28,26.7,34.2,0.61,0.0
2020-11-01 01:00:00,26.2,21.6,0.28,26.7,34.2,0.61,0.0
2020-11-01 01:15:00,25.9,21.6,0.28,26.7,33.8,0.62,0.0
2020-11-01 01:30:00,25.9,21.6,0.28,26.7,33.8,0.62,0.0
2020-11-01 01:45:00,25.9,21.6,0.29,26.7,33.8,0.62,0.0
2020-11-01 02:00:00,25.9,21.7,0.28,26.7,33.8,0.62,0.0
2020-11-01 02:15:00,25.6,21.2,0.29,26.7,33.8,0.62,0.0
2020-11-01 02:30:00,25.6,21.2,0.29,26.7,33.8,0.62,0.0
2020-11-01 02:45:00,25.6,21.2,0.29,26.7,33.8,0.62,0.0
2020-11-01 03:00:00,25.4,21.4,0.28,26.7,33.8,0.62,0.0
2020-11-01 03:15:00,25.4,21.4,0.28,26.7,34.2,0.61,0.0
2020-11-01 03:30:00,25.4,21.4,0.28,26.7,34.2,0.61,0.0
2020-11-01 03:45:00,25.1,21.4,0.28,26.7,33.8,0.62,0.0
2020-11-01 04:00:00,25.1,21.1,0.29,26.7,33.8,0.62,0.0
2020-11-01 04:15:00,24.9,21.6,0.28,26.7,33.8,0.62,0.0
2020-11-01 04:30:00,24.9,21.3,0.28,26.7,33.8,0.62,0.0
2020-11-01 04:45:00,24.9,21.3,0.28,26.7,34.2,0.61,0.0
2020-11-01 05:00:00,24.7,21.4,0.28,26.7,33.8,0.62,0.0
2020-11-01 05:15:00,24.7,20.9,0.29,26.7,34.2,0.61,0.0
2020-11-01 05:30:00,24.7,20.9,0.29,26.7,33.8,0.62,0.0
2020-11-01 05:45:00,24.4,20.9,0.29,26.7,33.8,0.62,0.0
2020-11-01 06:00:00,24.4,21.1,0.28,26.7,33.8,0.62,0.0
2020-11-01 06:15:00,24.2,21.1,0.28,26.7,33.8,0.62,0.0
2020-11-01 06:30:00,24.2,21.1,0.28,26.7,34.2,0.61,0.0
2020-11-01 06:45:00,24.2,21.1,0.28,26.7,34.2,0.61,0.0
2020-11-01 07:00:00,23.9,21.3,0.28,26.7,33.8,0.62,0.0
2020-11-01 07:15:00,23.9,21.3,0.28,26.7,33.8,0.62,0.0
2020-11-01 07:30:00,23.9,21.3,0.28,26.7,33.8,0.62,0.0
2020-11-01 07:45:00,23.9,21.3,0.28,26.7,33.8,0.62,0.0
2020-11-01 08:00:00,23.9,21.3,0.28,26.7,33.8,0.62,0.0
2020-11-01 08:15:00,24.2,21.3,0.28,26.7,33.8,0.62,0.0
2020-11-01 08:30:00,24.2,21.3,0.28,26.7,33.8,0.62,0.0
2020-11-01 08:45:00,24.4,21.1,0.28,26.7,33.8,0.62,0.0
2020-11-01 09:00:00,24.7,21.4,0.28,26.7,34.2,0.61,0.0
2020-11-01 09:15:00,24.9,21.2,0.28,26.7,34.2,0.61,0.0
2020-11-01 09:30:00,25.1,21.2,0.28,26.7,34.2,0.61,0.0
2020-11-01 09:45:00,25.6,21.0,0.29,26.7,34.0,0.61,0.0
2020-11-01 10:00:00,25.9,21.3,0.28,26.4,34.2,0.61,0.0
2020-11-01 10:15:00,26.4,21.7,0.28,26.4,33.8,0.62,0.0
2020-11-01 10:30:00,26.7,21.5,0.28,26.4,33.8,0.62,0.0
2020-11-01 10:45:00,27.2,21.3,0.29,26.4,34.0,0.61,0.0
2020-11-01 11:00:00,27.5,21.2,0.29,26.4,34.0,0.61,0.0
2020-11-01 11:15:00,27.8,21.5,0.29,26.4,34.4,0.6,0.0
2020-11-01 11:30:00,28.0,21.8,0.28,26.4,34.0,0.61,0.0
2020-11-01 11:45:00,28.6,21.8,0.28,26.4,34.4,0.6,0.0
2020-11-01 12:00:00,28.9,21.7,0.29,26.4,34.0,0.61,0.0
2020-11-01 12:15:00,29.2,21.5,0.29,26.4,34.0,0.61,0.0
2020-11-01 12:30:00,29.5,21.5,0.29,26.4,34.0,0.61,0.0
2020-11-01 12:45:00,30.1,22.2,0.28,26.4,34.0,0.61,0.0
2020-11-01 13:00:00,30.1,21.4,0.29,26.4,34.0,0.61,0.0
2020-11-01 13:15:00,30.1,22.0,0.29,26.4,34.0,0.61,0.0
2020-11-01 13:30:00,30.4,22.0,0.29,26.4,34.0,0.61,0.0
2020-11-01 13:45:00,30.4,22.0,0.29,26.4,34.0,0.61,0.0
2020-11-01 14:00:00,30.7,21.8,0.29,26.4,34.4,0.6,0.0
2020-11-01 14:15:00,31.1,22.1,0.29,26.4,34.0,0.61,0.0
2020-11-01 14:30:00,31.1,22.1,0.29,26.4,34.0,0.61,0.0
2020-11-01 14:45:00,31.1,21.9,0.29,26.4,34.0,0.61,0.0
2020-11-01 15:00:00,31.1,21.9,0.29,26.4,34.0,0.61,0.0
2020-11-01 15:15:00,31.1,21.9,0.29,26.4,34.0,0.61,0.0
2020-11-01 15:30:00,31.1,21.8,0.29,26.4,34.0,0.61,0.0
2020-11-01 15:45:00,30.7,21.8,0.29,26.4,34.0,0.61,0.0
2020-11-01 16:00:00,30.7,22.0,0.28,26.4,34.0,0.61,0.0
2020-11-01 16:15:00,30.4,22.0,0.29,26.4,34.0,0.61,0.0
2020-11-01 16:30:00,30.4,22.0,0.29,26.4,34.0,0.61,0.0
2020-11-01 16:45:00,30.1,21.6,0.29,26.4,34.0,0.61,0.0
2020-11-01 17:00:00,30.1,21.6,0.29,26.4,34.0,0.61,0.0
2020-11-01 17:15:00,29.8,21.6,0.29,26.4,34.0,0.61,0.0
2020-11-01 17:30:00,29.8,21.8,0.28,26.4,34.4,0.6,0.0
2020-11-01 17:45:00,29.5,21.8,0.28,26.4,34.0,0.61,0.0
2020-11-01 18:00:00,29.5,21.5,0.29,26.4,34.0,0.61,0.0
2020-11-01 18:15:00,29.2,21.7,0.28,26.4,34.4,0.6,0.0
2020-11-01 18:30:00,29.2,21.7,0.28,26.7,34.0,0.61,0.0
2020-11-01 18:45:00,28.9,21.3,0.29,26.7,34.4,0.6,0.0
2020-11-01 19:00:00,28.9,21.3,0.29,26.7,34.0,0.61,0.0
2020-11-01 19:15:00,28.6,21.3,0.29,26.4,34.1,0.61,0.0
2020-11-01 19:30:00,28.6,21.5,0.28,26.7,34.0,0.61,0.0
2020-11-01 19:45:00,28.3,21.5,0.28,26.7,34.0,0.61,0.0
2020-11-01 20:00:00,28.3,21.5,0.28,26.7,34.1,0.61,0.0
2020-11-01 20:15:00,28.0,21.7,0.28,26.7,33.8,0.62,0.0
2020-11-01 20:30:00,28.0,21.1,0.29,26.7,34.2,0.61,0.0
2020-11-01 20:45:00,28.0,21.1,0.29,26.7,33.8,0.62,0.0
2020-11-01 21:00:00,27.8,21.3,0.28,26.7,33.8,0.62,0.0
2020-11-01 21:15:00,27.8,21.3,0.28,26.7,34.2,0.61,0.0
2020-11-01 21:30:00,27.5,21.3,0.28,26.7,34.2,0.61,0.0
2020-11-01 21:45:00,27.5,21.5,0.28,26.7,34.2,0.61,0.0
2020-11-01 22:00:00,27.2,21.5,0.28,26.7,34.2,0.61,0.0
2020-11-01 22:15:00,27.2,21.5,0.28,26.7,34.2,0.61,0.0
2020-11-01 22:30:00,27.2,20.9,0.29,26.7,34.2,0.61,0.0
2020-11-01 22:45:00,26.9,21.1,0.28,26.7,34.2,0.61,0.0
2020-11-01 23:00:00,26.9,21.1,0.28,26.7,34.2,0.61,0.0
2020-11-01 23:15:00,26.9,21.1,0.28,26.7,33.8,0.62,0.0
2020-11-01 23:30:00,26.7,21.3,0.28,26.7,34.2,0.61,0.0
2020-11-01 23:45:00,26.7,21.3,0.28,26.7,34.2,0.61,0.0
2020-11-02 00:00:00,26.7,21.3,0.28,26.7,33.8,0.62,0.0
2020-11-02 00:15:00,26.7,21.3,0.28,26.7,34.2,0.61,0.0
2020-11-02 00:30:00,26.4,21.0,0.28,26.9,34.2,0.61,2.6
2020-11-02 00:45:00,26.4,21.5,0.27,26.9,34.2,0.61,0.2
2020-11-02 01:00:00,26.4,21.0,0.28,26.9,34.2,0.61,0.0
2020-11-02 01:15:00,26.4,21.0,0.28,26.9,33.8,0.62,0.0
2020-11-02 01:30:00,26.2,20.7,0.28,26.9,34.2,0.61,0.0
2020-11-02 01:45:00,26.2,21.2,0.28,26.9,33.8,0.62,0.0
2020-11-02 02:00:00,26.2,20.9,0.28,26.9,34.2,0.61,0.0
2020-11-02 02:15:00,26.2,21.2,0.28,26.9,34.2,0.61,0.0
2020-11-02 02:30:00,25.9,20.9,0.28,26.9,34.2,0.61,0.0
2020-11-02 02:45:00,25.9,20.9,0.28,26.9,34.2,0.61,0.0
2020-11-02 03:00:00,25.9,21.0,0.28,26.9,33.8,0.62,0.0
2020-11-02 03:15:00,25.9,21.3,0.27,26.9,34.2,0.61,0.0
2020-11-02 03:30:00,25.9,21.0,0.28,26.9,34.2,0.61,0.0
2020-11-02 03:45:00,25.6,20.5,0.28,26.9,34.2,0.61,0.0
2020-11-02 04:00:00,25.6,20.5,0.28,26.9,34.2,0.61,0.0
2020-11-02 04:15:00,25.6,20.7,0.28,26.9,34.2,0.61,0.0
2020-11-02 04:30:00,25.6,20.7,0.28,26.9,34.2,0.61,0.0
2020-11-02 04:45:00,25.6,20.7,0.28,26.9,33.8,0.62,0.0
2020-11-02 05:00:00,25.4,20.7,0.28,26.9,34.2,0.61,0.0
2020-11-02 05:15:00,25.4,20.7,0.28,26.9,34.2,0.61,0.0
2020-11-02 05:30:00,25.4,20.9,0.27,26.9,34.2,0.61,0.0
2020-11-02 05:45:00,25.4,20.9,0.27,26.9,34.2,0.61,0.0
2020-11-02 06:00:00,25.4,20.9,0.27,26.9,34.2,0.61,0.0
2020-11-02 06:15:00,25.1,20.9,0.27,26.9,34.2,0.61,0.0
2020-11-02 06:30:00,25.1,20.9,0.27,26.9,34.2,0.61,0.0
2020-11-02 06:45:00,25.1,20.9,0.27,26.9,34.2,0.61,0.0
2020-11-02 07:00:00,25.1,20.9,0.27,26.9,34.2,0.61,0.0
2020-11-02 07:15:00,25.1,20.9,0.27,26.9,34.2,0.61,0.8
2020-11-02 07:30:00,25.1,21.1,0.27,26.9,34.2,0.61,0.2
2020-11-02 07:45:00,25.1,21.1,0.27,26.7,34.2,0.61,0.2
2020-11-02 08:00:00,24.9,21.1,0.27,26.7,34.2,0.61,0.0
2020-11-02 08:15:00,24.9,20.5,0.28,26.7,34.2,0.61,0.2
2020-11-02 08:30:00,24.9,21.1,0.27,26.7,34.2,0.61,0.0
2020-11-02 08:45:00,24.9,20.5,0.28,26.7,34.2,0.61,0.0
2020-11-02 09:00:00,24.9,20.5,0.28,26.7,34.2,0.61,0.0
2020-11-02 09:15:00,24.9,20.5,0.28,26.7,34.2,0.61,0.0
2020-11-02 09:30:00,24.9,20.5,0.28,26.7,34.2,0.61,0.0
2020-11-02 09:45:00,24.9,20.5,0.28,26.7,34.2,0.61,0.0
2020-11-02 10:00:00,24.9,20.5,0.28,26.7,34.2,0.61,0.0
2020-11-02 10:15:00,24.9,20.7,0.27,26.7,34.2,0.61,0.0
2020-11-02 10:30:00,24.9,20.5,0.28,26.7,34.2,0.61,0.0
2020-11-02 10:45:00,25.1,20.5,0.28,26.7,34.2,0.61,0.0
2020-11-02 11:00:00,25.1,20.5,0.28,26.7,34.4,0.6,0.0
2020-11-02 11:15:00,25.4,20.5,0.28,26.7,34.2,0.61,0.0
2020-11-02 11:30:00,25.4,20.5,0.28,26.7,34.2,0.61,0.0
2020-11-02 11:45:00,25.6,20.8,0.27,26.7,34.2,0.61,0.0
2020-11-02 12:00:00,25.6,20.6,0.28,26.7,34.4,0.6,0.0
2020-11-02 12:15:00,25.9,20.7,0.28,26.7,34.4,0.6,0.0
2020-11-02 12:30:00,26.2,21.0,0.27,26.7,33.8,0.62,0.0
2020-11-02 12:45:00,26.4,21.0,0.27,26.7,34.4,0.6,0.0
2020-11-02 13:00:00,26.9,20.8,0.28,26.7,34.4,0.6,0.0
2020-11-02 13:15:00,27.2,20.9,0.28,26.7,34.4,0.6,0.0
2020-11-02 13:30:00,27.5,21.0,0.28,26.7,34.4,0.6,0.0
2020-11-02 13:45:00,27.8,20.8,0.28,26.7,34.4,0.6,0.0
2020-11-02 14:00:00,28.0,21.3,0.27,26.7,34.4,0.6,0.0
2020-11-02 14:15:00,28.3,21.1,0.28,26.7,34.4,0.6,0.0
2020-11-02 14:30:00,28.6,21.1,0.28,26.7,34.1,0.61,0.0
2020-11-02 14:45:00,28.6,21.1,0.28,26.7,34.4,0.6,0.0
2020-11-02 15:00:00,28.9,20.9,0.28,26.7,34.4,0.6,0.0
2020-11-02 15:15:00,28.9,20.9,0.28,26.7,34.4,0.6,0.0
2020-11-02 15:30:00,29.2,21.0,0.28,26.7,34.4,0.6,0.0
2020-11-02 15:45:00,29.2,20.8,0.28,26.7,34.4,0.6,0.0
2020-11-02 16:00:00,29.2,20.8,0.28,26.7,34.4,0.6,0.0
2020-11-02 16:15:00,29.2,21.1,0.28,26.7,34.4,0.6,0.0
2020-11-02 16:30:00,29.2,20.8,0.28,26.7,34.4,0.6,0.0
2020-11-02 16:45:00,29.2,20.8,0.28,26.7,34.4,0.6,0.0
2020-11-02 17:00:00,28.9,21.0,0.28,26.7,34.0,0.61,1.2
2020-11-02 17:15:00,28.6,20.9,0.28,26.7,34.4,0.6,6.6
2020-11-02 17:30:00,28.0,22.8,0.31,26.7,34.4,0.6,1.0
2020-11-02 17:45:00,27.5,27.4,0.41,26.7,34.4,0.6,0.4
2020-11-02 18:00:00,27.2,28.8,0.42,26.7,34.4,0.6,0.2
2020-11-02 18:15:00,26.9,28.4,0.44,26.7,34.0,0.61,0.0
2020-11-02 18:30:00,26.7,28.3,0.44,26.7,34.0,0.61,0.0
2020-11-02 18:45:00,26.4,28.3,0.44,26.7,34.4,0.6,0.0
2020-11-02 19:00:00,26.2,27.9,0.44,26.7,34.4,0.6,0.0
2020-11-02 19:15:00,26.2,27.9,0.45,26.7,34.4,0.6,0.0
2020-11-02 19:30:00,25.9,28.1,0.44,26.7,34.0,0.61,0.0
2020-11-02 19:45:00,25.9,27.7,0.44,26.7,34.4,0.6,0.0
2020-11-02 20:00:00,25.6,28.0,0.44,26.7,34.4,0.6,0.0
2020-11-02 20:15:00,25.6,27.2,0.45,26.7,34.0,0.61,0.0
2020-11-02 20:30:00,25.4,27.8,0.44,26.7,34.4,0.6,0.0
2020-11-02 20:45:00,25.4,27.8,0.44,26.7,34.1,0.61,0.0
2020-11-02 21:00:00,25.4,28.0,0.43,26.7,34.4,0.6,0.0
2020-11-02 21:15:00,25.1,27.0,0.44,26.7,34.4,0.6,0.0
2020-11-02 21:30:00,25.1,27.4,0.44,26.7,34.4,0.6,0.0
2020-11-02 21:45:00,25.1,27.2,0.44,26.4,33.6,0.61,0.0
2020-11-02 22:00:00,24.9,27.6,0.43,26.7,34.4,0.6,0.0
2020-11-02 22:15:00,24.9,27.1,0.44,26.7,34.4,0.6,0.0
2020-11-02 22:30:00,24.7,27.3,0.43,26.7,34.4,0.6,0.0
2020-11-02 22:45:00,24.7,27.3,0.43,26.7,34.4,0.6,0.0
2020-11-02 23:00:00,24.7,27.5,0.42,26.7,34.4,0.6,0.0
2020-11-02 23:15:00,24.4,26.9,0.43,26.7,34.4,0.6,0.0
2020-11-02 23:30:00,24.4,27.1,0.43,26.7,34.4,0.6,0.0
2020-11-02 23:45:00,24.4,27.1,0.43,26.7,32.8,0.62,0.0
2020-11-03 00:00:00,24.4,27.1,0.43,26.7,34.4,0.6,0.0
2020-11-03 00:15:00,24.2,26.7,0.43,26.7,34.4,0.6,0.0
2020-11-03 00:30:00,24.2,26.7,0.43,26.7,34.4,0.6,0.0
2020-11-03 00:45:00,24.2,26.9,0.42,26.7,34.4,0.6,0.0
2020-11-03 01:00:00,24.2,26.9,0.43,26.7,34.4,0.6,0.0
2020-11-03 01:15:00,23.9,26.9,0.43,26.7,34.1,0.61,0.0
2020-11-03 01:30:00,23.9,27.1,0.42,26.7,34.4,0.6,0.0
2020-11-03 01:45:00,23.9,26.5,0.43,26.7,34.4,0.6,0.0
2020-11-03 02:00:00,23.9,26.5,0.43,26.7,34.4,0.6,0.0
2020-11-03 02:15:00,23.9,26.7,0.42,26.7,34.1,0.61,0.0
2020-11-03 02:30:00,23.9,26.7,0.42,26.7,34.4,0.6,0.0
2020-11-03 02:45:00,23.9,26.7,0.42,26.7,34.0,0.61,0.0
2020-11-03 03:00:00,23.7,26.7,0.42,26.7,34.4,0.6,0.0
2020-11-03 03:15:00,23.7,26.3,0.42,26.7,34.0,0.61,0.0
2020-11-03 03:30:00,23.7,26.3,0.42,26.7,34.4,0.6,0.0
2020-11-03 03:45:00,23.7,26.3,0.42,26.7,34.4,0.6,0.0
2020-11-03 04:00:00,23.7,26.5,0.42,26.7,34.4,0.6,0.0
2020-11-03 04:15:00,23.7,26.5,0.42,26.7,34.4,0.6,0.0
2020-11-03 04:30:00,23.7,26.5,0.42,26.4,34.4,0.6,0.0
2020-11-03 04:45:00,23.5,26.5,0.42,26.4,34.4,0.6,0.0
2020-11-03 05:00:00,23.5,26.7,0.41,26.7,34.4,0.6,0.0
2020-11-03 05:15:00,23.5,26.1,0.42,26.4,34.4,0.6,0.0
2020-11-03 05:30:00,23.5,26.1,0.42,26.4,34.4,0.6,0.0
2020-11-03 05:45:00,23.5,26.1,0.42,26.4,34.4,0.6,0.0
2020-11-03 06:00:00,23.5,26.1,0.42,26.4,34.4,0.6,0.0
2020-11-03 06:15:00,23.5,26.3,0.42,26.4,34.4,0.6,0.0
2020-11-03 06:30:00,23.5,26.3,0.41,26.4,34.4,0.6,0.0
2020-11-03 06:45:00,23.5,26.3,0.42,26.4,34.4,0.6,0.0
2020-11-03 07:00:00,23.5,26.3,0.42,26.4,34.4,0.6,0.0
2020-11-03 07:15:00,23.5,26.6,0.41,26.4,34.4,0.6,0.0
2020-11-03 07:30:00,23.5,26.3,0.42,26.4,34.0,0.61,0.0
2020-11-03 07:45:00,23.5,26.2,0.41,26.4,34.4,0.6,0.0
2020-11-03 08:00:00,23.5,26.2,0.41,26.4,34.4,0.6,0.0
2020-11-03 08:15:00,23.5,26.2,0.41,26.4,34.4,0.6,0.0
2020-11-03 08:30:00,23.5,26.2,0.41,26.4,34.0,0.61,0.0
2020-11-03 08:45:00,23.5,26.2,0.41,26.4,34.4,0.6,0.0
2020-11-03 09:00:00,23.7,26.2,0.41,26.4,34.4,0.6,0.0
2020-11-03 09:15:00,23.7,26.2,0.41,26.4,34.4,0.6,0.0
2020-11-03 09:30:00,23.7,26.2,0.41,26.4,34.4,0.6,0.0
2020-11-03 09:45:00,23.9,26.2,0.41,26.4,34.4,0.6,0.0
2020-11-03 10:00:00,24.2,26.2,0.41,26.4,34.0,0.61,0.0
2020-11-03 10:15:00,24.4,26.3,0.41,26.4,34.0,0.61,0.0
2020-11-03 10:30:00,24.7,26.6,0.41,26.4,34.6,0.59,0.0
2020-11-03 10:45:00,24.9,26.4,0.41,26.2,34.0,0.61,0.0
2020-11-03 11:00:00,25.4,25.8,0.42,26.2,34.6,0.59,0.0
2020-11-03 11:15:00,25.6,26.2,0.41,26.2,34.6,0.59,0.0
2020-11-03 11:30:00,25.9,26.2,0.41,26.2,34.6,0.59,0.0
2020-11-03 11:45:00,26.2,26.2,0.41,26.2,34.6,0.59,0.0
2020-11-03 12:00:00,26.4,26.2,0.41,26.2,34.2,0.6,0.0
2020-11-03 12:15:00,26.7,25.9,0.41,26.2,34.2,0.6,0.0
2020-11-03 12:30:00,26.9,25.9,0.41,26.2,34.2,0.6,0.0
2020-11-03 12:45:00,27.2,25.9,0.41,26.2,34.2,0.6,0.0
2020-11-03 13:00:00,27.5,26.2,0.4,26.2,34.2,0.6,0.0
2020-11-03 13:15:00,27.5,26.2,0.4,26.2,34.2,0.6,0.0
2020-11-03 13:30:00,27.8,25.9,0.41,26.2,34.6,0.6,0.0
2020-11-03 13:45:00,27.8,25.9,0.41,26.2,34.2,0.6,0.0
2020-11-03 14:00:00,28.0,26.1,0.4,26.2,34.2,0.6,0.0
2020-11-03 14:15:00,28.0,26.1,0.4,26.2,34.2,0.6,0.0
2020-11-03 14:30:00,27.8,25.7,0.4,26.2,34.6,0.6,0.0
2020-11-03 14:45:00,27.5,25.9,0.4,26.2,34.6,0.6,0.0
2020-11-03 15:00:00,27.5,25.9,0.4,26.2,34.6,0.6,0.0
2020-11-03 15:15:00,27.2,25.9,0.4,26.2,34.2,0.6,0.0
2020-11-03 15:30:00,27.2,25.5,0.4,26.2,34.2,0.6,0.0
2020-11-03 15:45:00,27.2,25.7,0.39,26.2,34.2,0.6,0.0
2020-11-03 16:00:00,27.2,25.7,0.39,26.2,34.2,0.6,0.0
2020-11-03 16:15:00,27.2,25.7,0.39,26.2,34.2,0.6,0.0
2020-11-03 16:30:00,27.2,25.3,0.4,26.2,34.2,0.6,0.0
2020-11-03 16:45:00,27.2,25.3,0.4,26.2,34.6,0.6,0.0
2020-11-03 17:00:00,27.2,25.3,0.4,26.2,34.6,0.6,0.0
2020-11-03 17:15:00,26.9,25.5,0.39,26.2,34.6,0.6,0.0
2020-11-03 17:30:00,26.9,25.5,0.39,26.2,34.2,0.6,0.0
2020-11-03 17:45:00,26.7,25.7,0.39,26.2,34.6,0.6,0.0
2020-11-03 18:00:00,26.7,25.1,0.39,26.2,34.6,0.6,0.0
2020-11-03 18:15:00,26.4,25.3,0.39,26.2,34.2,0.6,0.0
2020-11-03 18:30:00,26.2,25.3,0.39,26.2,34.2,0.6,0.0
2020-11-03 18:45:00,26.2,25.2,0.39,26.2,33.9,0.61,0.0
2020-11-03 19:00:00,25.9,25.5,0.38,26.2,34.6,0.6,0.0
2020-11-03 19:15:00,25.9,25.4,0.38,26.2,34.2,0.6,0.0
2020-11-03 19:30:00,25.6,24.8,0.39,26.2,34.2,0.6,0.0
2020-11-03 19:45:00,25.6,25.0,0.39,26.2,34.6,0.6,0.0
2020-11-03 20:00:00,25.4,25.0,0.39,26.2,34.6,0.6,0.0
2020-11-03 20:15:00,25.1,25.0,0.39,26.2,34.6,0.6,0.0
2020-11-03 20:30:00,25.1,25.2,0.38,26.2,34.6,0.6,0.0
2020-11-03 20:45:00,24.9,25.2,0.38,26.2,34.2,0.6,0.0
2020-11-03 21:00:00,24.9,25.2,0.38,26.2,34.2,0.6,0.0
2020-11-03 21:15:00,24.7,25.3,0.38,26.2,34.6,0.6,0.0
2020-11-03 21:30:00,24.7,24.8,0.39,26.2,34.2,0.6,0.0
2020-11-03 21:45:00,24.7,25.0,0.38,26.2,34.6,0.6,0.0
2020-11-03 22:00:00,24.4,24.6,0.38,26.2,34.2,0.6,0.0
2020-11-03 22:15:00,24.4,24.6,0.38,26.2,34.6,0.6,0.0
2020-11-03 22:30:00,24.2,24.6,0.38,26.2,34.6,0.6,0.0
2020-11-03 22:45:00,24.2,24.8,0.38,26.2,34.6,0.6,0.0
2020-11-03 23:00:00,23.9,24.8,0.38,26.2,34.6,0.6,0.0
2020-11-03 23:15:00,23.9,24.8,0.38,26.2,34.6,0.59,0.0
2020-11-03 23:30:00,23.9,24.8,0.38,26.2,34.6,0.6,0.0
2020-11-03 23:45:00,23.7,25.0,0.37,26.2,34.6,0.59,0.0
2020-11-04 00:00:00,23.7,25.0,0.38,26.2,34.6,0.6,0.0
2020-11-04 00:15:00,23.7,24.4,0.38,26.2,34.2,0.6,0.0
2020-11-04 00:30:00,23.5,24.4,0.38,26.2,34.6,0.6,0.0
2020-11-04 00:45:00,23.5,24.6,0.38,26.2,34.6,0.6,0.0
2020-11-04 01:00:00,23.5,24.6,0.38,26.2,34.6,0.6,0.0
2020-11-04 01:15:00,23.5,24.6,0.38,26.2,34.6,0.6,0.0
2020-11-04 01:30:00,23.5,24.6,0.38,26.2,34.6,0.6,0.0
2020-11-04 01:45:00,23.3,24.6,0.38,26.2,34.6,0.6,0.0
2020-11-04 02:00:00,23.3,24.8,0.37,26.2,34.6,0.6,0.0
2020-11-04 02:15:00,23.3,24.8,0.37,26.2,34.4,0.61,0.0
2020-11-04 02:30:00,23.3,24.8,0.37,26.2,34.6,0.6,0.0
2020-11-04 02:45:00,23.3,24.8,0.37,26.2,34.6,0.6,0.0
2020-11-04 03:00:00,23.3,24.8,0.37,26.2,34.6,0.6,0.0
2020-11-04 03:15:00,23.0,24.8,0.37,26.2,34.2,0.6,0.0
2020-11-04 03:30:00,23.0,24.8,0.37,26.2,34.2,0.6,0.0
2020-11-04 03:45:00,23.0,24.2,0.38,26.2,34.6,0.6,0.0
2020-11-04 04:00:00,23.0,24.4,0.38,26.2,34.6,0.6,0.0
2020-11-04 04:15:00,23.0,24.4,0.38,26.2,34.6,0.6,0.0
2020-11-04 04:30:00,22.8,24.4,0.38,26.2,34.2,0.6,0.0
2020-11-04 04:45:00,22.8,24.4,0.38,26.2,34.6,0.6,0.0
2020-11-04 05:00:00,22.8,24.6,0.37,26.2,34.6,0.6,0.0
2020-11-04 05:15:00,22.8,24.6,0.37,26.2,34.6,0.6,0.0
2020-11-04 05:30:00,22.6,24.6,0.37,26.2,34.6,0.6,0.0
2020-11-04 05:45:00,22.6,24.6,0.37,26.2,34.2,0.6,0.0
2020-11-04 06:00:00,22.6,24.6,0.37,26.2,34.2,0.6,0.0
2020-11-04 06:15:00,22.6,24.8,0.37,26.2,34.2,0.6,0.0
2020-11-04 06:30:00,22.4,24.8,0.37,26.2,34.2,0.6,0.0
2020-11-04 06:45:00,22.4,24.2,0.38,26.2,34.2,0.6,0.0
2020-11-04 07:00:00,22.4,24.2,0.38,26.2,34.2,0.6,0.0
2020-11-04 07:15:00,22.4,24.2,0.38,26.2,34.2,0.6,0.0
2020-11-04 07:30:00,22.4,24.2,0.38,26.2,34.2,0.6,0.0
2020-11-04 07:45:00,22.4,24.2,0.38,25.9,34.6,0.6,0.0
2020-11-04 08:00:00,22.4,24.2,0.38,26.2,34.6,0.6,0.0
2020-11-04 08:15:00,22.4,24.2,0.38,25.9,34.2,0.6,0.0
2020-11-04 08:30:00,22.4,24.2,0.38,25.9,34.2,0.6,0.0
2020-11-04 08:45:00,22.6,24.2,0.38,25.9,34.2,0.6,0.0
2020-11-04 09:00:00,22.6,24.2,0.37,25.9,33.9,0.61,0.0
2020-11-04 09:15:00,23.0,24.8,0.37,25.9,34.2,0.6,0.0
2020-11-04 09:30:00,23.3,24.6,0.37,25.9,34.2,0.6,0.0
2020-11-04 09:45:00,23.7,24.7,0.37,25.9,34.2,0.6,0.0
2020-11-04 10:00:00,23.9,24.8,0.37,25.9,34.2,0.6,0.0
2020-11-04 10:15:00,24.4,24.6,0.37,25.9,34.6,0.6,0.0
2020-11-04 10:30:00,24.9,24.4,0.38,25.9,34.2,0.6,0.0
2020-11-04 10:45:00,25.1,24.7,0.37,25.9,34.2,0.6,0.0
2020-11-04 11:00:00,25.6,24.7,0.37,25.9,34.2,0.6,0.0
2020-11-04 11:15:00,25.9,24.5,0.38,25.9,34.2,0.6,0.0
2020-11-04 11:30:00,26.2,24.9,0.37,25.9,34.2,0.6,0.0
2020-11-04 11:45:00,26.4,24.9,0.37,25.9,34.2,0.6,0.0
2020-11-04 12:00:00,26.7,24.7,0.38,25.9,34.2,0.6,0.0
2020-11-04 12:15:00,26.9,24.7,0.37,25.9,34.2,0.6,0.0
2020-11-04 12:30:00,27.2,24.7,0.37,25.9,34.2,0.6,0.0
2020-11-04 12:45:00,27.5,24.7,0.37,25.9,34.2,0.6,0.0
2020-11-04 13:00:00,27.8,24.9,0.37,25.9,34.2,0.6,0.0
2020-11-04 13:15:00,28.0,24.9,0.37,25.9,34.2,0.6,0.0
2020-11-04 13:30:00,28.0,24.9,0.37,25.9,34.2,0.6,0.0
2020-11-04 13:45:00,28.3,24.9,0.37,25.9,34.2,0.6,0.0
2020-11-04 14:00:00,28.3,24.9,0.37,25.9,34.2,0.6,0.0
2020-11-04 14:15:00,28.3,24.9,0.37,25.9,34.2,0.6,0.0
2020-11-04 14:30:00,28.3,24.3,0.38,25.9,34.2,0.6,0.0
2020-11-04 14:45:00,28.6,24.3,0.38,25.9,34.2,0.6,0.0
2020-11-04 15:00:00,28.3,24.5,0.37,25.9,34.2,0.6,0.0
2020-11-04 15:15:00,28.3,24.5,0.37,25.9,34.2,0.6,0.0
2020-11-04 15:30:00,28.3,24.5,0.37,25.9,34.2,0.6,0.0
2020-11-04 15:45:00,28.0,24.7,0.37,25.9,34.2,0.6,0.0
2020-11-04 16:00:00,28.0,24.7,0.37,25.9,34.2,0.6,0.0
2020-11-04 16:15:00,28.0,24.9,0.36,25.9,34.2,0.6,0.0
2020-11-04 16:30:00,27.8,24.9,0.36,25.9,33.5,0.62,0.0
2020-11-04 16:45:00,27.8,24.3,0.37,25.9,34.2,0.6,0.0
2020-11-04 17:00:00,27.5,24.3,0.37,25.9,33.5,0.62,0.0
2020-11-04 17:15:00,27.5,24.5,0.37,25.9,34.2,0.6,0.0
2020-11-04 17:30:00,27.2,24.5,0.37,25.9,34.2,0.6,0.0
2020-11-04 17:45:00,27.2,24.7,0.36,25.9,34.2,0.6,0.0
2020-11-04 18:00:00,26.9,24.7,0.36,25.9,33.5,0.62,0.0
2020-11-04 18:15:00,26.9,24.1,0.37,25.9,34.2,0.6,0.0
2020-11-04 18:30:00,26.7,24.0,0.37,25.9,34.2,0.6,0.0
2020-11-04 18:45:00,26.7,24.0,0.37,25.9,34.2,0.6,0.0
2020-11-04 19:00:00,26.4,24.2,0.36,25.9,34.2,0.6,0.0
2020-11-04 19:15:00,26.4,24.2,0.36,25.9,34.2,0.6,0.0
2020-11-04 19:30:00,26.2,24.2,0.37,25.9,33.5,0.62,0.0
2020-11-04 19:45:00,26.2,24.4,0.36,25.9,34.2,0.6,0.0
2020-11-04 20:00:00,25.9,24.4,0.36,25.9,34.6,0.6,0.0
2020-11-04 20:15:00,25.9,24.3,0.36,25.9,34.2,0.6,0.0
2020-11-04 20:30:00,25.9,23.7,0.37,25.9,34.2,0.6,0.0
2020-11-04 20:45:00,25.9,24.0,0.36,25.9,34.2,0.6,0.0
2020-11-04 21:00:00,25.6,24.0,0.36,25.9,34.2,0.6,0.0
2020-11-04 21:15:00,25.6,24.0,0.36,25.9,33.9,0.61,0.0
2020-11-04 21:30:00,25.6,23.9,0.36,25.9,34.2,0.6,0.0
2020-11-04 21:45:00,25.4,24.2,0.36,25.9,34.6,0.6,0.0
2020-11-04 22:00:00,25.4,24.2,0.36,25.9,34.2,0.6,0.0
2020-11-04 22:15:00,25.4,23.8,0.36,25.9,34.2,0.6,0.0
2020-11-04 22:30:00,25.1,24.3,0.35,25.9,34.2,0.6,0.0
2020-11-04 22:45:00,25.1,24.0,0.36,25.9,34.2,0.6,0.0
2020-11-04 23:00:00,25.1,24.0,0.36,25.9,34.2,0.6,0.0
2020-11-04 23:15:00,24.9,24.0,0.36,25.9,34.2,0.6,0.0
2020-11-04 23:30:00,24.9,24.2,0.35,25.9,34.2,0.6,0.0
2020-11-04 23:45:00,24.9,23.6,0.36,25.9,34.2,0.6,0.0
2020-11-05 00:00:00,24.7,23.6,0.36,25.9,34.2,0.6,0.0
2020-11-05 00:15:00,24.7,23.6,0.36,25.9,34.2,0.6,0.0
2020-11-05 00:30:00,24.7,23.6,0.36,25.9,34.2,0.6,0.0
2020-11-05 00:45:00,24.4,23.8,0.36,26.2,34.2,0.6,0.0
2020-11-05 01:00:00,24.4,23.8,0.36,25.9,34.2,0.6,0.0
2020-11-05 01:15:00,24.4,23.8,0.36,24.9,32.8,0.62,0.0
2020-11-05 01:30:00,24.4,23.8,0.36,25.9,34.2,0.6,0.0
2020-11-05 01:45:00,24.4,23.8,0.36,26.2,34.2,0.6,0.0
2020-11-05 02:00:00,24.2,24.0,0.35,25.9,34.2,0.6,0.0
2020-11-05 02:15:00,24.2,24.0,0.35,26.2,34.2,0.6,0.0
2020-11-05 02:30:00,24.2,24.0,0.35,26.2,34.2,0.6,0.0
2020-11-05 02:45:00,24.2,24.0,0.35,25.9,34.2,0.6,0.0
2020-11-05 03:00:00,24.2,24.0,0.35,26.2,34.2,0.6,0.0
2020-11-05 03:15:00,24.2,24.0,0.35,25.9,34.2,0.6,0.0
2020-11-05 03:30:00,24.2,24.0,0.35,25.9,34.2,0.6,0.0
2020-11-05 03:45:00,24.2,23.6,0.35,25.9,34.2,0.6,0.0
2020-11-05 04:00:00,23.9,23.6,0.35,25.9,34.2,0.6,0.0
2020-11-05 04:15:00,23.9,23.6,0.35,26.2,34.2,0.6,0.0
2020-11-05 04:30:00,23.9,23.6,0.36,25.9,34.2,0.6,0.0
2020-11-05 04:45:00,23.9,23.6,0.36,25.9,34.2,0.6,0.0
2020-11-05 05:00:00,23.9,23.6,0.36,25.9,34.6,0.6,0.0
2020-11-05 05:15:00,23.9,23.8,0.35,25.9,34.2,0.6,0.0
2020-11-05 05:30:00,23.7,23.8,0.35,25.9,34.6,0.6,0.0
2020-11-05 05:45:00,23.7,23.8,0.35,25.9,34.2,0.6,0.0
2020-11-05 06:00:00,23.7,23.8,0.35,25.9,34.2,0.6,0.0
2020-11-05 06:15:00,23.7,23.8,0.35,25.9,34.2,0.6,0.0
2020-11-05 06:30:00,23.7,23.8,0.35,25.9,34.2,0.6,0.0
2020-11-05 06:45:00,23.7,23.8,0.35,25.9,34.2,0.6,0.0
2020-11-05 07:00:00,23.7,23.8,0.35,25.9,34.2,0.6,0.0
2020-11-05 07:15:00,23.7,23.8,0.35,25.9,34.2,0.6,0.0
2020-11-05 07:30:00,23.7,24.0,0.35,25.9,34.2,0.6,0.0
2020-11-05 07:45:00,23.7,24.0,0.35,25.9,34.2,0.6,0.0
2020-11-05 08:00:00,23.7,24.0,0.34,25.9,34.2,0.6,0.0
2020-11-05 08:15:00,23.7,23.5,0.35,25.9,34.2,0.6,0.0
2020-11-05 08:30:00,23.7,23.5,0.35,25.9,34.2,0.6,0.0
2020-11-05 08:45:00,23.9,23.8,0.35,25.9,34.2,0.6,0.0
2020-11-05 09:00:00,24.2,23.8,0.35,25.9,34.2,0.6,0.0
2020-11-05 09:15:00,24.2,23.8,0.35,25.9,34.2,0.6,0.0
2020-11-05 09:30:00,24.4,24.2,0.35,25.9,34.2,0.6,0.0
2020-11-05 09:45:00,24.7,24.0,0.35,25.9,34.2,0.6,0.0
2020-11-05 10:00:00,25.1,23.8,0.35,25.9,34.2,0.6,0.0
2020-11-05 10:15:00,25.6,23.8,0.35,25.9,34.6,0.6,0.0
2020-11-05 10:30:00,25.9,23.9,0.35,25.9,34.2,0.6,0.0
2020-11-05 10:45:00,26.2,23.9,0.35,25.9,34.2,0.6,0.0
2020-11-05 11:00:00,26.4,23.9,0.35,25.9,34.2,0.6,0.0
2020-11-05 11:15:00,26.7,23.7,0.36,25.9,34.2,0.6,0.0
2020-11-05 11:30:00,26.9,23.8,0.36,25.9,34.2,0.6,0.0
2020-11-05 11:45:00,26.9,23.8,0.35,25.9,33.5,0.62,0.0
2020-11-05 12:00:00,27.2,23.8,0.35,25.9,34.2,0.6,0.0
2020-11-05 12:15:00,27.2,23.9,0.36,25.9,34.2,0.6,0.0
2020-11-05 12:30:00,27.5,23.9,0.36,25.9,34.2,0.6,0.0
2020-11-05 12:45:00,27.8,23.9,0.35,25.9,33.5,0.62,0.0
2020-11-05 13:00:00,28.0,23.7,0.36,25.9,34.2,0.6,0.0
2020-11-05 13:15:00,28.3,23.7,0.36,25.9,34.2,0.6,0.0
2020-11-05 13:30:00,28.6,23.7,0.36,25.9,34.2,0.6,0.0
2020-11-05 13:45:00,28.6,23.7,0.36,25.9,33.5,0.62,0.0
2020-11-05 14:00:00,28.9,23.9,0.36,25.9,34.2,0.6,0.0
2020-11-05 14:15:00,29.2,23.9,0.36,25.9,34.2,0.6,0.0
2020-11-05 14:30:00,29.2,24.5,0.35,25.9,34.2,0.6,0.0
2020-11-05 14:45:00,29.2,23.9,0.36,25.9,34.2,0.6,0.0
2020-11-05 15:00:00,29.2,23.9,0.36,25.9,34.2,0.6,0.0
2020-11-05 15:15:00,29.2,23.9,0.36,25.9,34.2,0.6,0.0
2020-11-05 15:30:00,29.5,23.9,0.36,25.9,34.2,0.6,0.0
2020-11-05 15:45:00,29.5,23.9,0.36,25.9,34.6,0.6,0.0
2020-11-05 16:00:00,29.2,23.9,0.36,25.9,34.2,0.6,0.0
2020-11-05 16:15:00,29.2,23.9,0.36,25.9,34.2,0.6,0.0
2020-11-05 16:30:00,28.9,24.1,0.35,25.9,33.5,0.62,0.0
2020-11-05 16:45:00,28.6,24.1,0.35,25.9,34.2,0.6,0.0
2020-11-05 17:00:00,28.6,23.9,0.35,25.9,34.2,0.6,0.0
2020-11-05 17:15:00,28.3,23.9,0.35,25.9,34.2,0.6,0.0
2020-11-05 17:30:00,28.0,24.1,0.35,25.9,34.2,0.6,0.0
2020-11-05 17:45:00,28.0,23.5,0.35,25.9,34.2,0.6,0.0
2020-11-05 18:00:00,27.8,23.5,0.35,25.9,34.2,0.6,0.0
2020-11-05 18:15:00,27.8,23.7,0.35,25.9,34.2,0.6,0.0
2020-11-05 18:30:00,27.5,23.7,0.35,25.9,33.5,0.62,0.0
2020-11-05 18:45:00,27.2,23.9,0.35,25.9,34.6,0.6,0.0
2020-11-05 19:00:00,26.9,23.9,0.35,25.9,33.5,0.62,0.0
2020-11-05 19:15:00,26.9,23.9,0.35,25.9,34.2,0.6,0.0
2020-11-05 19:30:00,26.7,24.1,0.34,25.9,34.2,0.6,0.0
2020-11-05 19:45:00,26.7,23.8,0.35,25.9,34.2,0.6,0.0
2020-11-05 20:00:00,26.4,23.2,0.35,25.9,34.2,0.6,0.0
2020-11-05 20:15:00,26.4,24.0,0.34,25.9,34.2,0.6,0.0
2020-11-05 20:30:00,26.2,23.4,0.35,25.9,34.2,0.6,0.0
2020-11-05 20:45:00,26.2,23.4,0.35,25.9,34.2,0.6,0.0
2020-11-05 21:00:00,25.9,23.4,0.35,25.9,34.2,0.6,0.0
2020-11-05 21:15:00,25.9,23.4,0.35,26.2,34.2,0.6,0.0
2020-11-05 21:30:00,25.9,23.6,0.35,26.2,34.6,0.6,0.0
2020-11-05 21:45:00,25.6,23.6,0.35,26.2,34.6,0.6,0.0
2020-11-05 22:00:00,25.6,23.6,0.35,26.2,34.6,0.6,0.0
2020-11-05 22:15:00,25.6,23.6,0.35,26.2,34.2,0.6,0.0
2020-11-05 22:30:00,25.6,23.8,0.34,26.2,34.2,0.6,0.4
2020-11-05 22:45:00,25.4,26.5,0.41,26.2,34.2,0.6,4.0
2020-11-05 23:00:00,25.1,27.9,0.44,26.2,33.5,0.61,0.2
2020-11-05 23:15:00,24.9,27.9,0.44,26.2,34.2,0.6,0.0
2020-11-05 23:30:00,24.9,28.1,0.43,26.2,34.6,0.6,0.0
2020-11-05 23:45:00,24.9,27.7,0.44,26.2,34.2,0.6,0.0
2020-11-06 00:00:00,24.7,27.7,0.44,26.2,34.2,0.6,0.8
2020-11-06 00:15:00,24.7,28.4,0.44,26.2,34.6,0.6,5.0
2020-11-06 00:30:00,24.4,33.3,0.53,26.2,33.8,0.62,9.0
2020-11-06 00:45:00,20.9,51.8,0.48,26.2,54.1,1.03,8.8
2020-11-06 01:00:00,20.3,51.8,0.44,25.9,54.7,0.9,12.6
2020-11-06 01:15:00,20.3,52.0,0.42,25.4,55.0,0.88,3.8
2020-11-06 01:30:00,19.9,52.1,0.41,24.4,54.5,0.88,1.0
2020-11-06 01:45:00,19.9,51.6,0.42,23.7,54.4,0.89,0.6
2020-11-06 02:00:00,20.3,46.9,0.41,23.3,54.6,0.88,0.6
2020-11-06 02:15:00,20.5,49.8,0.44,22.8,54.5,0.88,2.0
2020-11-06 02:30:00,20.1,49.9,0.43,22.6,54.5,0.89,0.2
2020-11-06 02:45:00,19.9,48.2,0.41,22.4,54.4,0.89,0.2
2020-11-06 03:00:00,20.1,43.1,0.39,22.4,54.5,0.87,0.2
2020-11-06 03:15:00,20.3,39.7,0.39,22.4,54.5,0.87,0.0
2020-11-06 03:30:00,20.5,37.4,0.38,22.4,54.5,0.87,0.0
2020-11-06 03:45:00,20.7,35.9,0.36,22.4,54.5,0.87,0.0
2020-11-06 04:00:00,20.7,35.0,0.36,22.4,54.5,0.87,0.0
2020-11-06 04:15:00,20.9,34.1,0.35,22.4,54.5,0.87,0.0
2020-11-06 04:30:00,20.9,33.6,0.35,22.4,54.5,0.87,0.2
2020-11-06 04:45:00,20.9,33.4,0.34,22.6,54.5,0.87,0.0
2020-11-06 05:00:00,21.1,33.3,0.34,22.6,54.5,0.87,0.4
2020-11-06 05:15:00,21.1,33.4,0.33,22.6,54.5,0.87,0.2
2020-11-06 05:30:00,21.1,33.2,0.33,22.6,54.5,0.89,0.0
2020-11-06 05:45:00,21.1,32.8,0.34,22.8,54.5,0.88,0.0
2020-11-06 06:00:00,21.1,32.6,0.33,22.8,54.5,0.88,0.0
2020-11-06 06:15:00,21.1,32.5,0.33,22.8,54.5,0.88,0.0
2020-11-06 06:30:00,21.1,32.3,0.33,23.0,54.5,0.88,0.0
2020-11-06 06:45:00,21.1,32.0,0.33,23.0,54.5,0.88,0.0
2020-11-06 07:00:00,21.1,31.9,0.33,23.0,54.6,0.88,0.0
2020-11-06 07:15:00,21.1,31.7,0.33,23.0,54.6,0.88,0.0
2020-11-06 07:30:00,21.3,31.7,0.33,23.3,54.6,0.88,0.0
2020-11-06 07:45:00,21.3,31.4,0.33,23.3,54.9,0.87,0.0
2020-11-06 08:00:00,21.5,31.7,0.32,23.3,38.7,0.72,0.0
2020-11-06 08:15:00,21.5,31.3,0.33,23.5,38.2,0.72,0.0
2020-11-06 08:30:00,21.9,31.4,0.33,23.5,38.4,0.71,0.0
2020-11-06 08:45:00,22.1,31.3,0.32,23.5,38.3,0.71,0.0
2020-11-06 09:00:00,22.4,31.3,0.32,23.7,37.8,0.71,0.0
2020-11-06 09:15:00,22.6,30.9,0.33,23.7,38.0,0.7,0.0
2020-11-06 09:30:00,23.0,31.3,0.32,23.7,37.5,0.7,0.0
2020-11-06 09:45:00,23.3,30.9,0.33,23.7,37.5,0.7,0.0
2020-11-06 10:00:00,23.7,30.9,0.32,23.7,37.7,0.69,0.0
2020-11-06 10:15:00,24.2,30.7,0.33,23.7,36.9,0.7,0.0
2020-11-06 10:30:00,24.4,30.5,0.33,23.9,37.2,0.69,0.0
2020-11-06 10:45:00,24.9,30.8,0.32,23.9,37.6,0.69,0.0
2020-11-06 11:00:00,25.4,30.4,0.33,23.9,37.6,0.69,0.0
2020-11-06 11:15:00,25.6,30.8,0.32,23.9,36.8,0.7,0.0
2020-11-06 11:30:00,25.9,30.4,0.32,23.9,37.1,0.69,0.0
2020-11-06 11:45:00,26.2,30.3,0.32,23.9,37.1,0.69,0.0
2020-11-06 12:00:00,26.4,30.3,0.32,23.9,37.1,0.69,0.0
2020-11-06 12:15:00,26.7,30.0,0.32,23.9,37.3,0.68,0.0
2020-11-06 12:30:00,26.7,30.4,0.31,23.9,37.3,0.68,0.0
2020-11-06 12:45:00,26.9,30.0,0.32,24.2,36.6,0.69,0.0
2020-11-06 13:00:00,27.2,29.9,0.32,24.2,36.6,0.69,0.0
2020-11-06 13:15:00,27.5,29.9,0.32,24.2,36.6,0.69,0.0
2020-11-06 13:30:00,27.5,29.6,0.32,24.2,36.6,0.69,0.0
2020-11-06 13:45:00,27.8,29.6,0.32,24.2,36.8,0.68,0.0
2020-11-06 14:00:00,28.0,29.6,0.32,24.2,36.8,0.68,0.0
2020-11-06 14:15:00,28.0,29.7,0.31,24.2,36.8,0.68,0.0
2020-11-06 14:30:00,28.3,29.3,0.32,24.4,37.0,0.67,0.0
2020-11-06 14:45:00,28.3,29.6,0.31,24.4,37.0,0.67,0.0
2020-11-06 15:00:00,28.6,29.2,0.32,24.4,37.0,0.67,0.0
2020-11-06 15:15:00,28.6,29.3,0.31,24.4,36.3,0.68,0.0
2020-11-06 15:30:00,28.9,28.9,0.32,24.4,36.3,0.68,0.0
2020-11-06 15:45:00,28.6,29.0,0.31,24.4,36.3,0.68,0.0
2020-11-06 16:00:00,28.3,29.1,0.31,24.4,36.3,0.68,0.0
2020-11-06 16:15:00,28.0,28.8,0.31,24.7,36.7,0.67,0.0
2020-11-06 16:30:00,27.8,28.8,0.31,24.7,36.3,0.68,0.0
2020-11-06 16:45:00,27.5,28.9,0.31,24.7,36.7,0.67,0.0
2020-11-06 17:00:00,27.5,29.0,0.3,24.7,36.7,0.67,0.0
2020-11-06 17:15:00,27.2,28.6,0.31,24.7,36.7,0.67,0.0
2020-11-06 17:30:00,26.9,28.7,0.3,24.7,36.7,0.67,0.0
2020-11-06 17:45:00,26.7,28.8,0.3,24.7,36.7,0.67,0.0
2020-11-06 18:00:00,26.4,28.5,0.3,24.7,36.7,0.67,0.0
2020-11-06 18:15:00,26.2,28.6,0.3,24.7,36.7,0.67,0.0
2020-11-06 18:30:00,26.2,28.6,0.3,24.7,36.7,0.67,0.0
2020-11-06 18:45:00,25.9,28.6,0.3,24.9,36.7,0.67,0.0
2020-11-06 19:00:00,25.6,28.3,0.3,24.9,36.9,0.66,0.0
2020-11-06 19:15:00,25.4,28.3,0.3,24.9,36.9,0.66,0.0
2020-11-06 19:30:00,25.4,28.4,0.3,24.9,36.9,0.66,0.0
2020-11-06 19:45:00,25.1,28.2,0.3,24.9,36.9,0.66,0.0
2020-11-06 20:00:00,25.1,28.2,0.3,24.9,36.9,0.66,0.0
2020-11-06 20:15:00,24.9,28.2,0.3,24.9,36.9,0.66,0.0
2020-11-06 20:30:00,24.7,28.3,0.3,24.9,36.9,0.66,0.0
2020-11-06 20:45:00,24.7,28.3,0.3,24.9,36.9,0.66,0.0
2020-11-06 21:00:00,24.7,28.4,0.29,24.9,36.9,0.66,0.0
2020-11-06 21:15:00,24.4,28.0,0.3,24.9,36.2,0.67,0.0
2020-11-06 21:30:00,24.4,28.4,0.29,25.1,36.2,0.67,0.0
2020-11-06 21:45:00,24.2,27.9,0.3,25.1,36.2,0.67,0.0
2020-11-06 22:00:00,24.2,28.1,0.3,25.1,36.2,0.67,0.0
2020-11-06 22:15:00,23.9,28.1,0.3,25.1,36.2,0.67,0.0
2020-11-06 22:30:00,23.9,28.0,0.3,25.1,36.2,0.67,0.0
2020-11-06 22:45:00,23.9,28.2,0.29,25.1,36.2,0.67,0.0
2020-11-06 23:00:00,23.7,28.2,0.29,25.1,36.2,0.67,0.0
2020-11-06 23:15:00,23.7,28.2,0.29,25.1,36.2,0.67,0.0
2020-11-06 23:30:00,23.7,27.7,0.3,25.1,36.2,0.67,0.0
2020-11-06 23:45:00,23.5,27.9,0.3,25.1,36.2,0.67,0.0
2020-11-07 00:00:00,23.5,27.8,0.3,25.1,36.2,0.67,0.0
2020-11-07 00:15:00,23.5,27.8,0.3,25.1,36.2,0.67,0.0
2020-11-07 00:30:00,23.5,28.0,0.29,25.1,36.2,0.67,0.0
2020-11-07 00:45:00,23.3,28.0,0.29,25.1,36.2,0.67,0.0
2020-11-07 01:00:00,23.3,27.9,0.29,25.1,36.2,0.67,0.0
2020-11-07 01:15:00,23.0,27.9,0.29,25.1,36.2,0.67,0.0
2020-11-07 01:30:00,23.0,28.1,0.29,25.1,36.2,0.67,0.0
2020-11-07 01:45:00,23.0,27.6,0.29,25.1,36.2,0.67,0.0
2020-11-07 02:00:00,23.0,27.6,0.29,25.1,36.2,0.67,0.0
2020-11-07 02:15:00,22.8,27.6,0.29,25.1,36.2,0.67,0.0
2020-11-07 02:30:00,22.8,27.8,0.29,25.1,36.2,0.67,0.0
2020-11-07 02:45:00,22.8,27.7,0.29,25.1,36.2,0.67,0.0
2020-11-07 03:00:00,22.8,27.7,0.29,25.1,36.5,0.66,0.0
2020-11-07 03:15:00,22.6,27.7,0.29,25.1,36.5,0.66,0.0
2020-11-07 03:30:00,22.6,27.8,0.29,25.1,36.5,0.66,0.0
2020-11-07 03:45:00,22.6,27.8,0.29,25.1,36.5,0.66,0.0
2020-11-07 04:00:00,22.4,27.4,0.29,25.1,36.5,0.66,0.0
2020-11-07 04:15:00,22.4,27.4,0.29,25.1,36.5,0.66,0.0
2020-11-07 04:30:00,22.4,27.5,0.29,25.1,36.5,0.66,0.0
2020-11-07 04:45:00,22.1,27.5,0.29,25.1,36.5,0.66,0.0
2020-11-07 05:00:00,22.1,27.5,0.29,25.1,36.5,0.66,0.0
2020-11-07 05:15:00,22.1,27.5,0.29,25.1,36.5,0.66,0.0
2020-11-07 05:30:00,22.1,27.6,0.28,25.1,36.5,0.66,0.0
2020-11-07 05:45:00,21.9,27.6,0.28,25.1,36.5,0.66,0.0
2020-11-07 06:00:00,21.9,27.6,0.28,25.1,36.5,0.66,0.0
2020-11-07 06:15:00,21.9,27.6,0.28,25.1,36.5,0.66,0.0
2020-11-07 06:30:00,21.9,27.6,0.28,25.1,36.5,0.66,0.0
2020-11-07 06:45:00,21.7,27.7,0.28,25.1,36.5,0.66,0.0
2020-11-07 07:00:00,21.7,27.3,0.29,25.1,36.5,0.66,0.0
2020-11-07 07:15:00,21.7,27.3,0.29,25.1,36.5,0.66,0.0
2020-11-07 07:30:00,21.7,27.3,0.29,25.1,36.5,0.66,0.0
2020-11-07 07:45:00,21.9,27.3,0.29,25.1,36.5,0.66,0.0
2020-11-07 08:00:00,21.9,27.3,0.29,25.1,36.4,0.66,0.0
2020-11-07 08:15:00,22.1,27.4,0.29,25.1,36.4,0.66,0.0
2020-11-07 08:30:00,22.1,27.4,0.29,25.1,36.4,0.66,0.0
2020-11-07 08:45:00,22.4,27.4,0.28,25.1,36.4,0.66,0.0
2020-11-07 09:00:00,22.6,27.4,0.28,25.1,36.4,0.66,0.0
2020-11-07 09:15:00,23.0,27.2,0.29,25.1,36.4,0.66,0.0
2020-11-07 09:30:00,23.3,27.2,0.29,25.1,36.4,0.66,0.0
2020-11-07 09:45:00,23.5,27.2,0.29,25.1,36.4,0.66,0.0
2020-11-07 10:00:00,23.9,27.1,0.29,25.1,36.4,0.66,0.0
2020-11-07 10:15:00,24.2,27.1,0.29,25.1,36.4,0.66,0.0
2020-11-07 10:30:00,24.4,27.2,0.28,25.1,36.4,0.66,0.0
2020-11-07 10:45:00,24.9,27.2,0.28,25.1,36.4,0.66,0.0
2020-11-07 11:00:00,24.9,27.1,0.28,25.1,36.4,0.66,0.0
2020-11-07 11:15:00,25.1,27.1,0.28,25.1,36.4,0.66,0.0
2020-11-07 11:30:00,25.6,26.8,0.29,25.1,36.4,0.66,0.0
2020-11-07 11:45:00,25.9,27.0,0.28,25.1,36.4,0.66,0.0
2020-11-07 12:00:00,25.9,26.6,0.29,25.1,36.4,0.66,0.0
2020-11-07 12:15:00,26.2,26.7,0.28,25.1,36.4,0.66,0.0
2020-11-07 12:30:00,26.4,27.0,0.28,25.1,36.4,0.66,0.0
2020-11-07 12:45:00,26.4,26.7,0.28,25.1,36.4,0.66,0.0
2020-11-07 13:00:00,26.7,26.7,0.28,25.1,36.4,0.66,0.0
2020-11-07 13:15:00,26.7,26.8,0.27,25.1,36.4,0.66,0.0
2020-11-07 13:30:00,26.9,26.6,0.28,25.1,36.4,0.66,0.0
2020-11-07 13:45:00,27.2,26.6,0.28,25.1,36.4,0.66,0.0
2020-11-07 14:00:00,27.2,26.4,0.28,25.1,36.4,0.66,0.0
2020-11-07 14:15:00,27.5,26.4,0.28,25.1,36.4,0.66,0.0
2020-11-07 14:30:00,27.5,26.2,0.28,25.1,36.4,0.66,0.0
2020-11-07 14:45:00,27.8,26.3,0.28,25.1,36.6,0.65,0.0
2020-11-07 15:00:00,27.8,26.3,0.28,25.1,36.4,0.66,0.0
2020-11-07 15:15:00,27.8,26.0,0.28,25.1,36.4,0.66,0.0
2020-11-07 15:30:00,27.8,26.0,0.28,25.1,36.4,0.66,0.0
2020-11-07 15:45:00,27.8,26.1,0.27,25.1,36.4,0.66,0.0
2020-11-07 16:00:00,27.5,25.7,0.28,25.1,36.6,0.65,0.0
2020-11-07 16:15:00,27.2,25.8,0.28,25.1,36.6,0.65,0.0
2020-11-07 16:30:00,26.9,25.9,0.27,25.1,36.4,0.66,0.0
2020-11-07 16:45:00,26.7,25.9,0.27,25.1,36.6,0.65,0.0
2020-11-07 17:00:00,26.7,26.1,0.27,25.1,35.9,0.67,0.0
2020-11-07 17:15:00,26.4,26.1,0.27,25.1,36.7,0.65,0.0
2020-11-07 17:30:00,26.4,26.0,0.27,25.1,36.7,0.65,0.0
2020-11-07 17:45:00,26.2,26.0,0.27,25.1,36.5,0.66,0.0
2020-11-07 18:00:00,25.9,25.8,0.27,25.1,36.7,0.65,0.0
2020-11-07 18:15:00,25.9,25.7,0.27,25.1,36.7,0.65,0.0
2020-11-07 18:30:00,25.6,25.5,0.28,25.4,36.7,0.65,0.0
2020-11-07 18:45:00,25.6,25.5,0.28,25.1,36.7,0.65,0.0
2020-11-07 19:00:00,25.4,25.5,0.28,25.1,36.7,0.65,0.0
2020-11-07 19:15:00,25.4,25.6,0.27,25.4,36.7,0.65,0.0
2020-11-07 19:30:00,25.1,25.6,0.27,25.4,36.0,0.66,0.0
2020-11-07 19:45:00,25.1,25.6,0.27,25.4,36.0,0.66,0.0
2020-11-07 20:00:00,24.9,25.6,0.27,25.4,36.7,0.65,0.0
2020-11-07 20:15:00,24.9,25.6,0.27,25.4,36.0,0.66,0.0
2020-11-07 20:30:00,24.9,25.7,0.27,25.4,36.0,0.66,0.0
2020-11-07 20:45:00,24.7,25.7,0.27,25.4,36.7,0.65,0.0
2020-11-07 21:00:00,24.7,25.7,0.27,25.4,36.0,0.66,0.0
2020-11-07 21:15:00,24.4,25.5,0.27,25.4,36.0,0.66,0.0
2020-11-07 21:30:00,24.4,25.6,0.27,25.4,36.0,0.66,0.0
2020-11-07 21:45:00,24.2,25.6,0.27,25.4,36.0,0.66,0.0
2020-11-07 22:00:00,24.2,25.6,0.27,25.4,36.0,0.66,0.0
2020-11-07 22:15:00,23.9,25.6,0.27,25.4,36.0,0.66,0.0
2020-11-07 22:30:00,23.9,25.7,0.26,25.4,36.0,0.66,0.0
2020-11-07 22:45:00,23.7,25.7,0.26,25.4,36.0,0.66,0.0
2020-11-07 23:00:00,23.7,25.3,0.27,25.4,36.0,0.66,0.0
2020-11-07 23:15:00,23.7,25.3,0.27,25.4,36.0,0.66,0.0
2020-11-07 23:30:00,23.5,25.3,0.27,25.4,36.0,0.66,0.0
2020-11-07 23:45:00,23.5,25.4,0.27,25.4,36.0,0.66,0.0
2020-11-08 00:00:00,23.5,25.4,0.27,25.4,36.0,0.66,0.0
2020-11-08 00:15:00,23.5,25.4,0.27,25.4,36.0,0.66,0.0
2020-11-08 00:30:00,23.3,25.4,0.27,25.4,36.0,0.66,0.0
2020-11-08 00:45:00,23.3,25.4,0.27,25.4,36.0,0.66,0.0
2020-11-08 01:00:00,23.3,25.4,0.27,25.4,36.0,0.66,0.0
2020-11-08 01:15:00,23.3,25.4,0.27,25.4,36.0,0.66,0.0
2020-11-08 01:30:00,23.3,25.4,0.27,25.4,36.0,0.66,0.0
2020-11-08 01:45:00,23.0,25.4,0.27,25.4,36.0,0.66,0.0
2020-11-08 02:00:00,23.0,25.4,0.27,25.4,36.0,0.66,0.0
2020-11-08 02:15:00,23.0,25.5,0.26,25.4,36.0,0.66,0.0
2020-11-08 02:30:00,22.8,25.5,0.26,25.4,36.0,0.66,0.0
2020-11-08 02:45:00,22.8,25.5,0.26,25.4,36.0,0.66,0.0
2020-11-08 03:00:00,22.8,25.5,0.27,25.4,36.0,0.66,0.0
2020-11-08 03:15:00,22.6,25.6,0.26,25.4,36.0,0.66,0.0
2020-11-08 03:30:00,22.6,25.2,0.27,25.4,36.0,0.66,0.0
2020-11-08 03:45:00,22.6,25.2,0.27,25.4,36.0,0.66,0.0
2020-11-08 04:00:00,22.6,25.2,0.27,25.4,36.0,0.66,0.0
2020-11-08 04:15:00,22.4,25.2,0.27,25.4,36.0,0.66,0.0
2020-11-08 04:30:00,22.4,25.2,0.27,25.4,36.0,0.66,0.0
2020-11-08 04:45:00,22.4,25.2,0.27,25.4,36.0,0.66,0.0
2020-11-08 05:00:00,22.1,25.3,0.26,25.4,36.0,0.66,0.0
2020-11-08 05:15:00,22.1,25.3,0.26,25.4,36.0,0.66,0.0
2020-11-08 05:30:00,22.1,25.3,0.26,25.4,36.0,0.66,0.0
2020-11-08 05:45:00,22.1,25.1,0.27,25.4,36.0,0.66,0.0
2020-11-08 06:00:00,21.9,25.1,0.27,25.4,36.0,0.66,0.0
2020-11-08 06:15:00,21.9,25.3,0.26,25.4,36.0,0.66,0.0
2020-11-08 06:30:00,21.9,25.0,0.27,25.4,36.0,0.66,0.0
2020-11-08 06:45:00,21.9,25.3,0.26,25.4,36.0,0.66,0.0
2020-11-08 07:00:00,21.9,25.3,0.26,25.4,36.0,0.66,0.0
2020-11-08 07:15:00,22.1,25.3,0.26,25.4,36.0,0.66,0.0
2020-11-08 07:30:00,22.1,25.3,0.26,25.4,36.0,0.66,0.0
2020-11-08 07:45:00,22.1,25.3,0.26,25.4,35.9,0.66,0.0
2020-11-08 08:00:00,22.4,25.3,0.26,25.1,36.2,0.65,0.0
2020-11-08 08:15:00,22.6,25.2,0.27,25.1,35.9,0.66,0.0
2020-11-08 08:30:00,22.6,25.3,0.26,25.1,36.2,0.65,0.0
2020-11-08 08:45:00,22.8,25.3,0.26,25.1,36.2,0.65,0.0
2020-11-08 09:00:00,22.8,25.2,0.27,25.1,36.2,0.65,0.0
2020-11-08 09:15:00,23.0,25.2,0.27,25.1,36.2,0.65,0.0
2020-11-08 09:30:00,23.3,25.4,0.26,25.1,36.2,0.65,0.0
2020-11-08 09:45:00,23.5,25.0,0.27,25.1,36.2,0.65,0.0
2020-11-08 10:00:00,23.7,25.0,0.27,25.1,36.2,0.65,0.0
2020-11-08 10:15:00,23.9,25.0,0.27,25.1,36.2,0.65,0.0
2020-11-08 10:30:00,23.9,25.0,0.27,25.1,36.2,0.65,0.0
2020-11-08 10:45:00,24.4,25.0,0.27,25.1,36.2,0.65,0.0
2020-11-08 11:00:00,24.7,25.3,0.26,25.1,36.2,0.65,0.0
2020-11-08 11:15:00,24.9,25.3,0.26,25.1,36.2,0.65,0.0
2020-11-08 11:30:00,24.9,24.9,0.27,25.1,36.2,0.65,0.0
2020-11-08 11:45:00,24.9,25.0,0.26,25.1,36.2,0.65,0.0
2020-11-08 12:00:00,25.1,25.0,0.26,25.1,36.2,0.65,0.0
2020-11-08 12:15:00,25.4,25.0,0.26,25.1,36.2,0.65,0.0
2020-11-08 12:30:00,25.6,25.3,0.26,25.1,36.2,0.65,0.0
2020-11-08 12:45:00,25.6,24.9,0.27,25.1,36.2,0.65,0.0
2020-11-08 13:00:00,25.9,24.9,0.27,25.1,36.2,0.65,0.0
2020-11-08 13:15:00,25.9,24.9,0.27,25.1,36.5,0.65,0.0
2020-11-08 13:30:00,25.9,24.9,0.27,25.1,36.2,0.65,0.0
2020-11-08 13:45:00,25.6,24.1,0.27,25.1,36.2,0.65,0.0
2020-11-08 14:00:00,26.4,24.7,0.27,25.1,36.2,0.65,0.0
2020-11-08 14:15:00,26.7,24.7,0.27,25.1,36.2,0.65,0.0
2020-11-08 14:30:00,26.9,25.0,0.26,25.1,36.2,0.65,0.0
2020-11-08 14:45:00,27.5,25.0,0.26,25.1,36.2,0.65,0.0
2020-11-08 15:00:00,27.8,24.5,0.27,25.1,36.2,0.65,0.0
2020-11-08 15:15:00,27.5,24.7,0.26,25.1,36.2,0.65,0.0
2020-11-08 15:30:00,27.2,24.7,0.26,25.1,36.2,0.65,0.0
2020-11-08 15:45:00,26.9,24.8,0.26,25.1,36.2,0.65,0.0
2020-11-08 16:00:00,26.9,24.9,0.26,25.1,36.2,0.65,0.0
2020-11-08 16:15:00,26.7,24.5,0.26,25.1,36.2,0.65,0.0
2020-11-08 16:30:00,26.4,24.6,0.26,25.1,36.2,0.65,0.0
2020-11-08 16:45:00,26.4,24.6,0.26,25.1,36.2,0.65,0.0
2020-11-08 17:00:00,26.2,24.4,0.26,25.1,36.2,0.65,0.0
2020-11-08 17:15:00,25.9,24.7,0.26,25.1,36.2,0.65,0.0
2020-11-08 17:30:00,25.6,24.3,0.26,25.1,36.2,0.65,0.0
2020-11-08 17:45:00,25.6,24.2,0.26,25.1,36.2,0.65,0.0
2020-11-08 18:00:00,25.4,24.6,0.26,25.1,36.2,0.65,0.0
2020-11-08 18:15:00,25.4,24.2,0.26,25.1,36.2,0.65,0.0
2020-11-08 18:30:00,25.1,24.2,0.26,25.1,36.2,0.65,0.0
2020-11-08 18:45:00,25.1,24.6,0.26,25.1,36.2,0.65,0.0
2020-11-08 19:00:00,24.9,24.3,0.26,25.1,36.2,0.65,0.0
2020-11-08 19:15:00,24.9,24.0,0.26,25.1,36.2,0.65,0.0
2020-11-08 19:30:00,24.7,24.3,0.26,25.1,36.2,0.65,0.0
2020-11-08 19:45:00,24.7,24.0,0.26,25.1,36.2,0.65,0.0
2020-11-08 20:00:00,24.4,24.0,0.26,25.1,36.2,0.65,0.0
2020-11-08 20:15:00,24.4,24.0,0.26,25.1,36.2,0.65,0.0
2020-11-08 20:30:00,24.2,24.2,0.26,25.1,36.2,0.65,0.0
2020-11-08 20:45:00,24.2,24.2,0.26,25.1,36.2,0.65,0.0
2020-11-08 21:00:00,23.9,24.2,0.26,25.1,36.2,0.65,0.0
2020-11-08 21:15:00,23.9,24.2,0.26,25.1,36.2,0.65,0.0
2020-11-08 21:30:00,23.9,24.1,0.26,25.1,36.2,0.65,0.0
2020-11-08 21:45:00,23.7,24.3,0.26,25.4,36.2,0.65,0.0
2020-11-08 22:00:00,23.7,24.3,0.26,25.4,36.2,0.65,0.0
2020-11-08 22:15:00,23.5,24.3,0.26,25.4,36.2,0.65,0.0
2020-11-08 22:30:00,23.5,24.3,0.26,25.4,36.2,0.65,0.0
2020-11-08 22:45:00,23.5,24.3,0.26,25.4,36.2,0.65,0.0
2020-11-08 23:00:00,23.3,24.3,0.26,25.4,36.2,0.65,0.0
2020-11-08 23:15:00,23.3,24.3,0.26,25.4,36.2,0.65,0.0
2020-11-08 23:30:00,23.3,24.3,0.26,25.4,36.2,0.65,0.0
2020-11-08 23:45:00,23.0,24.3,0.26,25.4,36.2,0.65,0.0
2020-11-09 00:00:00,23.0,24.3,0.26,25.4,36.2,0.65,0.0
2020-11-09 00:15:00,23.0,24.4,0.25,25.4,36.2,0.65,0.0
2020-11-09 00:30:00,23.0,24.1,0.26,25.4,36.2,0.65,0.0
2020-11-09 00:45:00,23.0,24.4,0.25,25.4,36.2,0.65,0.0
2020-11-09 01:00:00,22.8,24.4,0.25,25.4,36.2,0.65,0.0
2020-11-09 01:15:00,22.8,24.4,0.25,25.1,36.2,0.65,0.0
2020-11-09 01:30:00,22.8,24.1,0.26,25.4,36.2,0.65,0.0
2020-11-09 01:45:00,22.8,24.1,0.26,25.1,36.2,0.65,0.0
2020-11-09 02:00:00,22.8,24.1,0.26,25.4,36.2,0.65,0.0
2020-11-09 02:15:00,22.8,24.4,0.25,25.4,36.2,0.65,0.0
2020-11-09 02:30:00,22.8,23.9,0.26,25.1,36.2,0.65,0.0
2020-11-09 02:45:00,22.8,24.1,0.26,25.1,36.2,0.65,0.0
2020-11-09 03:00:00,22.6,24.1,0.26,25.1,36.2,0.65,0.0
2020-11-09 03:15:00,22.6,24.1,0.26,25.1,36.2,0.65,0.0
2020-11-09 03:30:00,22.6,23.8,0.26,25.1,36.2,0.65,0.0
2020-11-09 03:45:00,22.6,24.1,0.26,25.1,36.2,0.65,0.0
2020-11-09 04:00:00,22.6,23.8,0.26,25.1,36.2,0.65,0.0
2020-11-09 04:15:00,22.4,23.8,0.26,25.1,36.2,0.65,0.0
2020-11-09 04:30:00,22.4,23.8,0.26,25.1,36.2,0.65,0.0
2020-11-09 04:45:00,22.4,23.8,0.26,25.1,36.2,0.65,0.0
2020-11-09 05:00:00,22.4,23.8,0.26,25.1,36.2,0.65,0.0
2020-11-09 05:15:00,22.4,23.8,0.26,25.1,36.2,0.65,0.0
2020-11-09 05:30:00,22.4,23.8,0.26,25.1,36.2,0.65,0.0
2020-11-09 05:45:00,22.4,23.8,0.26,24.9,34.2,0.68,0.0
2020-11-09 06:00:00,22.4,23.8,0.26,25.1,35.4,0.67,0.0
2020-11-09 06:15:00,22.4,23.8,0.26,25.1,36.4,0.64,0.0
2020-11-09 06:30:00,22.4,23.8,0.26,25.1,36.2,0.65,0.0
2020-11-09 06:45:00,22.4,23.8,0.26,25.1,36.2,0.65,0.0
2020-11-09 07:00:00,22.4,23.8,0.26,25.1,36.4,0.64,0.0
2020-11-09 07:15:00,22.4,23.8,0.26,25.1,36.4,0.64,0.0
2020-11-09 07:30:00,22.4,24.1,0.26,25.1,35.7,0.66,0.0
2020-11-09 07:45:00,22.4,23.8,0.26,25.1,36.4,0.64,0.0
2020-11-09 08:00:00,22.4,23.8,0.26,25.1,35.7,0.66,0.0
2020-11-09 08:15:00,22.6,24.1,0.26,25.1,35.7,0.66,0.0
2020-11-09 08:30:00,22.6,24.1,0.26,25.1,36.4,0.64,0.0
2020-11-09 08:45:00,22.6,24.1,0.26,25.1,35.7,0.66,0.0
2020-11-09 09:00:00,22.8,24.1,0.26,25.1,35.7,0.66,0.0
2020-11-09 09:15:00,22.8,23.9,0.26,25.1,35.6,0.66,0.0
2020-11-09 09:30:00,23.0,24.0,0.26,25.1,35.7,0.66,0.0
2020-11-09 09:45:00,23.3,24.0,0.26,25.1,35.6,0.66,0.0
2020-11-09 10:00:00,23.5,24.0,0.26,25.1,35.6,0.66,0.0
2020-11-09 10:15:00,23.7,23.8,0.26,25.1,35.6,0.66,0.0
2020-11-09 10:30:00,23.9,24.0,0.26,25.1,35.6,0.66,0.0
2020-11-09 10:45:00,24.2,24.2,0.25,24.9,35.6,0.66,0.0
2020-11-09 11:00:00,24.7,24.1,0.26,25.1,35.6,0.66,0.0
2020-11-09 11:15:00,24.9,24.1,0.26,24.9,35.6,0.66,0.0
2020-11-09 11:30:00,25.4,23.9,0.26,24.9,35.6,0.66,0.0
2020-11-09 11:45:00,25.6,24.0,0.26,24.9,35.6,0.66,0.0
2020-11-09 12:00:00,26.2,24.2,0.25,24.9,35.6,0.66,0.0
2020-11-09 12:15:00,26.4,24.2,0.25,24.9,35.6,0.66,0.0
2020-11-09 12:30:00,26.7,23.8,0.26,24.9,35.6,0.66,0.0
2020-11-09 12:45:00,26.9,23.8,0.26,24.9,35.6,0.66,0.0
2020-11-09 13:00:00,27.2,24.1,0.26,24.9,35.6,0.66,0.0
2020-11-09 13:15:00,27.5,24.1,0.25,24.9,35.6,0.66,0.0
2020-11-09 13:30:00,27.5,23.6,0.26,24.9,35.6,0.66,0.0
2020-11-09 13:45:00,27.5,23.8,0.26,24.9,35.6,0.66,0.0
2020-11-09 14:00:00,27.5,23.8,0.26,24.9,35.6,0.66,0.0
2020-11-09 14:15:00,27.8,23.8,0.26,24.9,35.6,0.66,0.0
2020-11-09 14:30:00,27.8,23.3,0.26,24.9,35.6,0.66,0.0
2020-11-09 14:45:00,27.8,23.5,0.26,24.9,35.6,0.66,0.0
2020-11-09 15:00:00,27.8,23.7,0.25,24.9,35.6,0.66,0.0
2020-11-09 15:15:00,27.8,23.9,0.25,24.9,35.6,0.66,0.0
2020-11-09 15:30:00,27.8,23.9,0.25,24.9,35.6,0.66,0.0
2020-11-09 15:45:00,27.8,23.4,0.26,24.9,35.6,0.66,0.0
2020-11-09 16:00:00,27.5,23.6,0.25,24.9,35.6,0.66,0.0
2020-11-09 16:15:00,27.2,23.7,0.25,24.9,35.6,0.66,0.0
2020-11-09 16:30:00,26.9,23.0,0.26,25.1,35.6,0.66,0.0
2020-11-09 16:45:00,26.7,23.1,0.25,25.1,35.6,0.66,0.0
2020-11-09 17:00:00,26.4,23.3,0.25,25.1,35.6,0.66,0.0
2020-11-09 17:15:00,26.2,23.3,0.25,25.1,35.6,0.66,0.0
2020-11-09 17:30:00,25.9,23.3,0.25,25.1,35.6,0.66,0.0
2020-11-09 17:45:00,25.6,23.4,0.25,25.1,35.6,0.66,0.0
2020-11-09 18:00:00,25.6,23.4,0.25,25.1,35.7,0.66,0.0
2020-11-09 18:15:00,25.4,22.9,0.25,25.1,35.7,0.66,0.0
2020-11-09 18:30:00,25.1,23.1,0.25,25.1,35.7,0.66,0.0
2020-11-09 18:45:00,24.9,23.3,0.25,25.1,35.7,0.66,0.0
2020-11-09 19:00:00,24.9,22.8,0.25,25.1,35.7,0.66,0.0
2020-11-09 19:15:00,24.7,22.8,0.25,25.1,35.7,0.66,0.0
2020-11-09 19:30:00,24.7,22.9,0.25,25.1,35.7,0.66,0.0
2020-11-09 19:45:00,24.4,22.9,0.25,25.1,35.7,0.66,0.0
2020-11-09 20:00:00,24.2,22.9,0.25,25.1,35.7,0.66,0.0
2020-11-09 20:15:00,24.2,22.9,0.25,25.1,35.7,0.66,0.0
2020-11-09 20:30:00,23.9,23.1,0.25,25.1,35.7,0.66,0.0
2020-11-09 20:45:00,23.7,22.8,0.25,25.1,36.0,0.65,0.0
2020-11-09 21:00:00,23.7,22.8,0.25,25.1,36.0,0.65,0.0
2020-11-09 21:15:00,23.5,22.8,0.25,25.1,35.7,0.66,0.0
2020-11-09 21:30:00,23.5,22.8,0.25,25.1,35.7,0.66,0.0
2020-11-09 21:45:00,23.3,22.8,0.25,25.4,35.7,0.66,0.0
2020-11-09 22:00:00,23.3,22.9,0.25,25.1,35.7,0.66,0.0
2020-11-09 22:15:00,23.0,22.9,0.25,25.1,35.7,0.66,0.0
2020-11-09 22:30:00,23.0,22.9,0.25,25.1,35.7,0.66,0.0
2020-11-09 22:45:00,22.8,22.9,0.25,25.4,35.7,0.66,0.0
2020-11-09 23:00:00,22.8,22.9,0.25,25.4,35.7,0.66,0.0
2020-11-09 23:15:00,22.8,22.9,0.25,25.4,35.7,0.66,0.0
2020-11-09 23:30:00,22.6,23.1,0.24,25.1,35.0,0.66,0.0
2020-11-09 23:45:00,22.6,23.1,0.24,25.4,35.7,0.66,0.0
2020-11-10 00:00:00,22.4,23.1,0.25,25.4,35.7,0.66,0.0
2020-11-10 00:15:00,22.4,23.1,0.25,25.4,35.7,0.66,0.0
2020-11-10 00:30:00,22.1,22.6,0.25,25.4,35.7,0.66,0.0
2020-11-10 00:45:00,22.1,23.2,0.24,25.4,35.7,0.66,0.0
2020-11-10 01:00:00,21.9,23.2,0.24,25.1,35.7,0.66,0.0
2020-11-10 01:15:00,21.9,22.8,0.25,25.1,35.7,0.66,0.0
2020-11-10 01:30:00,21.9,22.8,0.25,25.1,35.7,0.66,0.0
2020-11-10 01:45:00,21.7,22.7,0.25,25.4,35.7,0.66,0.0
2020-11-10 02:00:00,21.7,22.7,0.25,25.1,36.0,0.65,0.0
2020-11-10 02:15:00,21.7,22.7,0.25,24.9,34.4,0.67,0.0
2020-11-10 02:30:00,21.5,22.6,0.25,25.1,35.7,0.66,0.0
2020-11-10 02:45:00,21.5,22.6,0.25,25.1,35.7,0.66,0.0
2020-11-10 03:00:00,21.5,22.6,0.25,25.1,35.7,0.66,0.0
2020-11-10 03:15:00,21.3,22.6,0.25,25.1,35.7,0.66,0.0
2020-11-10 03:30:00,21.3,22.6,0.25,25.1,35.7,0.66,0.0
2020-11-10 03:45:00,21.1,22.6,0.25,25.1,35.7,0.66,0.0
2020-11-10 04:00:00,21.1,22.6,0.25,25.1,35.7,0.66,0.0
2020-11-10 04:15:00,21.1,22.6,0.25,25.1,35.9,0.65,0.0
2020-11-10 04:30:00,20.9,22.6,0.25,25.1,35.7,0.66,0.0
2020-11-10 04:45:00,20.9,22.8,0.24,25.1,35.7,0.66,0.0
2020-11-10 05:00:00,20.7,22.8,0.25,25.1,35.7,0.66,0.0
2020-11-10 05:15:00,20.7,22.8,0.25,25.1,35.9,0.65,0.0
2020-11-10 05:30:00,20.7,22.7,0.25,25.1,35.9,0.65,0.0
2020-11-10 05:45:00,20.5,22.7,0.25,25.1,35.7,0.66,0.0
2020-11-10 06:00:00,20.5,22.9,0.24,25.1,35.9,0.65,0.0
2020-11-10 06:15:00,20.3,22.9,0.24,25.1,35.9,0.65,0.0
2020-11-10 06:30:00,20.3,22.9,0.24,25.1,35.9,0.65,0.0
2020-11-10 06:45:00,20.3,22.9,0.24,25.1,35.9,0.65,0.0
2020-11-10 07:00:00,20.1,22.6,0.24,25.1,36.2,0.64,0.0
2020-11-10 07:15:00,20.1,22.9,0.24,25.1,35.9,0.65,0.0
2020-11-10 07:30:00,20.1,22.6,0.24,25.1,35.9,0.65,0.0
2020-11-10 07:45:00,20.1,22.6,0.24,25.1,35.9,0.65,0.0
2020-11-10 08:00:00,20.3,22.9,0.24,24.9,36.2,0.64,0.0
2020-11-10 08:15:00,20.3,22.7,0.25,24.9,35.9,0.65,0.0
2020-11-10 08:30:00,20.5,22.7,0.25,24.9,35.9,0.65,0.0
2020-11-10 08:45:00,20.7,22.7,0.25,24.9,35.9,0.65,0.0
2020-11-10 09:00:00,20.9,22.8,0.25,24.9,35.9,0.65,0.0
2020-11-10 09:15:00,21.3,22.9,0.25,24.9,35.9,0.65,0.0
2020-11-10 09:30:00,21.5,22.9,0.25,24.9,35.9,0.65,0.0
2020-11-10 09:45:00,21.7,22.7,0.25,24.9,35.9,0.65,0.0
2020-11-10 10:00:00,22.1,22.7,0.25,24.9,35.9,0.65,0.0
2020-11-10 10:15:00,22.4,22.8,0.25,24.9,35.9,0.65,0.0
2020-11-10 10:30:00,22.6,22.6,0.25,24.9,35.8,0.65,0.0
2020-11-10 10:45:00,22.8,22.6,0.25,24.9,35.8,0.65,0.0
2020-11-10 11:00:00,23.3,22.9,0.25,24.9,35.8,0.65,0.0
2020-11-10 11:15:00,23.7,22.8,0.25,24.9,35.8,0.65,0.0
2020-11-10 11:30:00,23.9,22.8,0.25,24.9,35.8,0.65,0.0
2020-11-10 11:45:00,24.4,23.0,0.25,24.9,35.8,0.65,0.0
2020-11-10 12:00:00,24.9,23.0,0.25,24.9,35.8,0.65,0.0
2020-11-10 12:15:00,25.1,23.1,0.24,24.9,35.8,0.65,0.0
2020-11-10 12:30:00,25.4,22.7,0.25,24.9,35.8,0.65,0.0
2020-11-10 12:45:00,25.6,22.7,0.25,24.9,35.8,0.65,0.0
2020-11-10 13:00:00,25.9,22.7,0.25,24.7,35.8,0.65,0.0
2020-11-10 13:15:00,26.2,22.7,0.25,24.9,35.8,0.65,0.0
2020-11-10 13:30:00,26.4,23.0,0.25,24.9,35.8,0.65,0.0
2020-11-10 13:45:00,26.7,23.0,0.25,24.7,35.8,0.65,0.0
2020-11-10 14:00:00,26.9,22.6,0.25,24.9,35.8,0.65,0.0
2020-11-10 14:15:00,27.2,22.6,0.25,24.7,35.8,0.65,0.0
2020-11-10 14:30:00,27.5,22.8,0.25,24.7,35.8,0.65,0.0
2020-11-10 14:45:00,27.5,22.8,0.25,24.9,35.8,0.65,0.0
2020-11-10 15:00:00,27.5,23.0,0.24,24.9,35.8,0.65,0.0
2020-11-10 15:15:00,27.5,22.5,0.25,24.9,35.8,0.65,0.0
2020-11-10 15:30:00,27.5,22.5,0.25,24.7,35.8,0.65,0.0
2020-11-10 15:45:00,27.5,22.7,0.24,24.9,35.8,0.65,0.0
2020-11-10 16:00:00,26.9,22.4,0.25,24.9,35.8,0.65,0.0
2020-11-10 16:15:00,26.7,22.6,0.24,24.7,35.8,0.65,0.0
2020-11-10 16:30:00,26.4,22.2,0.25,24.9,35.8,0.65,0.0
2020-11-10 16:45:00,26.2,22.4,0.24,24.9,35.8,0.65,0.0
2020-11-10 17:00:00,25.9,22.4,0.24,24.9,35.8,0.65,0.0
2020-11-10 17:15:00,25.6,22.5,0.24,24.9,35.8,0.65,0.0
2020-11-10 17:30:00,25.4,22.1,0.25,24.9,35.8,0.65,0.0
2020-11-10 17:45:00,25.1,22.0,0.24,24.9,35.8,0.65,0.0
2020-11-10 18:00:00,24.9,22.0,0.25,24.9,35.8,0.65,0.0
2020-11-10 18:15:00,24.7,22.1,0.24,24.9,35.8,0.65,0.0
2020-11-10 18:30:00,24.4,22.1,0.24,24.9,35.8,0.65,0.0
2020-11-10 18:45:00,24.2,22.2,0.24,24.9,35.9,0.65,0.0
2020-11-10 19:00:00,23.9,22.2,0.24,24.9,35.9,0.65,0.0
2020-11-10 19:15:00,23.7,22.4,0.24,24.9,35.9,0.65,0.0
2020-11-10 19:30:00,23.5,21.9,0.24,24.9,35.9,0.65,0.0
2020-11-10 19:45:00,23.5,22.1,0.24,24.9,35.9,0.65,0.0
2020-11-10 20:00:00,23.3,21.8,0.24,24.9,35.9,0.65,0.0
2020-11-10 20:15:00,23.0,22.0,0.24,24.9,35.9,0.65,0.0
2020-11-10 20:30:00,22.8,21.9,0.24,24.9,35.9,0.65,0.0
2020-11-10 20:45:00,22.8,21.9,0.24,24.9,35.9,0.65,0.0
2020-11-10 21:00:00,22.6,21.6,0.24,24.9,35.9,0.65,0.0
2020-11-10 21:15:00,22.4,21.6,0.24,25.1,36.2,0.64,0.0
2020-11-10 21:30:00,22.1,21.6,0.24,24.9,35.9,0.65,0.0
2020-11-10 21:45:00,22.1,21.6,0.24,24.9,35.9,0.65,0.0
2020-11-10 22:00:00,21.9,21.8,0.24,24.9,36.2,0.64,0.0
2020-11-10 22:15:00,21.9,21.8,0.24,25.1,35.9,0.65,0.0
2020-11-10 22:30:00,21.7,21.8,0.24,24.9,35.9,0.65,0.0
2020-11-10 22:45:00,21.7,21.8,0.24,25.1,35.9,0.65,0.0
2020-11-10 23:00:00,21.5,21.9,0.23,25.1,35.9,0.65,0.0
2020-11-10 23:15:00,21.3,21.9,0.23,24.9,35.9,0.65,0.0
2020-11-10 23:30:00,21.3,21.5,0.24,25.1,35.9,0.65,0.0
2020-11-10 23:45:00,21.1,21.6,0.24,24.9,35.9,0.65,0.0
2020-11-11 00:00:00,21.1,21.6,0.24,25.1,35.9,0.65,0.0
2020-11-11 00:15:00,20.9,21.6,0.24,24.9,35.9,0.65,0.0
2020-11-11 00:30:00,20.9,21.6,0.24,25.1,35.9,0.65,0.0
2020-11-11 00:45:00,20.7,21.7,0.23,24.9,36.1,0.64,0.0
2020-11-11 01:00:00,20.7,21.7,0.23,24.9,35.9,0.65,0.0
2020-11-11 01:15:00,20.5,21.7,0.23,24.9,36.1,0.64,0.0
2020-11-11 01:30:00,20.3,21.6,0.23,24.9,35.9,0.65,0.0
2020-11-11 01:45:00,20.3,21.9,0.23,24.9,36.2,0.64,0.0
2020-11-11 02:00:00,20.3,21.6,0.23,24.9,36.1,0.64,0.0
2020-11-11 02:15:00,20.1,21.6,0.23,24.9,36.4,0.63,0.0
2020-11-11 02:30:00,19.9,21.6,0.23,24.9,36.1,0.64,0.0
2020-11-11 02:45:00,19.9,21.6,0.23,24.9,36.1,0.64,0.0
2020-11-11 03:00:00,19.7,21.6,0.23,24.9,36.1,0.64,0.0
2020-11-11 03:15:00,19.7,21.3,0.24,24.9,36.1,0.64,0.0
2020-11-11 03:30:00,19.5,21.7,0.23,24.9,35.7,0.65,0.0
2020-11-11 03:45:00,19.5,21.3,0.24,24.9,36.4,0.63,0.0
2020-11-11 04:00:00,19.3,21.3,0.24,24.9,36.1,0.64,0.0
2020-11-11 04:15:00,19.3,21.3,0.24,24.9,35.7,0.65,0.0
2020-11-11 04:30:00,19.1,21.4,0.23,24.9,35.3,0.65,0.0
2020-11-11 04:45:00,19.1,21.4,0.23,24.9,36.1,0.64,0.0
2020-11-11 05:00:00,19.1,21.2,0.24,24.9,35.3,0.65,0.0
2020-11-11 05:15:00,18.9,21.2,0.24,24.9,36.1,0.64,0.0
2020-11-11 05:30:00,18.9,21.2,0.24,24.9,35.3,0.65,0.0
2020-11-11 05:45:00,18.8,21.2,0.24,24.9,35.3,0.65,0.0
2020-11-11 06:00:00,18.8,21.3,0.23,24.9,36.0,0.64,0.0
2020-11-11 06:15:00,18.6,21.3,0.23,24.9,36.0,0.64,0.0
2020-11-11 06:30:00,18.6,21.3,0.23,24.7,36.0,0.64,0.0
2020-11-11 06:45:00,18.6,21.3,0.23,24.7,36.0,0.64,0.0
2020-11-11 07:00:00,18.4,21.3,0.23,24.7,35.7,0.65,0.0
2020-11-11 07:15:00,18.4,21.3,0.23,24.7,36.0,0.64,0.0
2020-11-11 07:30:00,18.4,21.3,0.23,24.7,35.3,0.65,0.0
2020-11-11 07:45:00,18.4,21.3,0.23,24.7,35.3,0.65,0.0
2020-11-11 08:00:00,18.4,21.3,0.23,24.7,36.0,0.64,0.0
2020-11-11 08:15:00,18.4,21.3,0.23,24.7,35.3,0.65,0.0
2020-11-11 08:30:00,18.6,21.3,0.23,24.7,35.3,0.66,0.0
2020-11-11 08:45:00,18.6,21.3,0.23,24.7,35.3,0.65,0.0
2020-11-11 09:00:00,18.8,21.6,0.23,24.7,35.3,0.66,0.0
2020-11-11 09:15:00,18.9,21.4,0.23,24.7,35.3,0.66,0.0
2020-11-11 09:30:00,19.1,21.4,0.23,24.7,35.3,0.66,0.0
2020-11-11 09:45:00,19.3,21.3,0.24,24.7,35.3,0.66,0.0
2020-11-11 10:00:00,19.7,21.3,0.24,24.7,35.3,0.66,0.0
2020-11-11 10:15:00,19.9,21.3,0.24,24.7,35.3,0.66,0.0
2020-11-11 10:30:00,20.3,21.2,0.24,24.4,36.0,0.64,0.0
2020-11-11 10:45:00,20.7,21.4,0.24,24.4,35.3,0.66,0.0
2020-11-11 11:00:00,21.1,21.3,0.24,24.4,35.5,0.65,0.0
2020-11-11 11:15:00,21.5,21.6,0.24,24.4,35.5,0.65,0.0
2020-11-11 11:30:00,21.9,21.7,0.24,24.4,35.5,0.65,0.0
2020-11-11 11:45:00,22.1,21.7,0.24,24.4,35.5,0.65,0.0
2020-11-11 12:00:00,22.6,21.7,0.24,24.4,35.5,0.65,0.0
2020-11-11 12:15:00,22.8,21.6,0.24,24.4,35.5,0.65,0.0
2020-11-11 12:30:00,23.5,21.4,0.24,24.4,35.5,0.65,0.0
2020-11-11 12:45:00,23.9,22.0,0.24,24.4,35.5,0.65,0.0
2020-11-11 13:00:00,24.4,21.6,0.24,24.4,35.5,0.65,0.0
2020-11-11 13:15:00,24.9,21.6,0.24,24.4,35.5,0.65,0.0
2020-11-11 13:30:00,25.1,21.7,0.24,24.2,35.5,0.65,0.0
2020-11-11 13:45:00,25.6,22.2,0.24,24.4,35.5,0.65,0.0
2020-11-11 14:00:00,25.9,21.6,0.24,24.4,35.5,0.65,0.0
2020-11-11 14:15:00,26.2,21.8,0.24,24.4,35.5,0.65,0.0
2020-11-11 14:30:00,26.4,21.8,0.24,24.2,35.5,0.65,0.0
2020-11-11 14:45:00,26.7,21.8,0.24,24.2,35.5,0.65,0.0
2020-11-11 15:00:00,26.7,21.9,0.24,24.2,35.5,0.65,0.0
2020-11-11 15:15:00,26.9,21.9,0.24,24.2,35.5,0.65,0.0
2020-11-11 15:30:00,26.9,21.9,0.24,24.2,35.5,0.65,0.0
2020-11-11 15:45:00,26.9,21.9,0.24,24.2,35.5,0.65,0.0
2020-11-11 16:00:00,26.7,21.6,0.24,24.2,35.5,0.65,0.0
2020-11-11 16:15:00,26.4,21.7,0.24,24.2,35.5,0.65,0.0
2020-11-11 16:30:00,26.2,21.8,0.23,24.2,35.5,0.65,0.0
2020-11-11 16:45:00,25.6,21.8,0.23,24.2,35.5,0.65,0.0
2020-11-11 17:00:00,25.4,21.5,0.24,24.2,35.5,0.65,0.0
2020-11-11 17:15:00,25.1,21.3,0.24,24.2,35.5,0.65,0.0
2020-11-11 17:30:00,24.9,21.4,0.24,24.4,35.5,0.65,0.0
2020-11-11 17:45:00,24.7,21.4,0.24,24.4,35.5,0.65,0.0
2020-11-11 18:00:00,24.4,21.6,0.23,24.4,35.5,0.65,0.0
2020-11-11 18:15:00,24.2,21.5,0.23,24.4,35.5,0.65,0.0
2020-11-11 18:30:00,23.9,21.5,0.23,24.4,35.5,0.65,0.0
2020-11-11 18:45:00,23.9,21.2,0.24,24.4,35.5,0.65,0.0
2020-11-11 19:00:00,23.7,21.2,0.24,24.4,35.5,0.65,0.0
2020-11-11 19:15:00,23.5,21.1,0.24,24.4,35.5,0.65,0.0
2020-11-11 19:30:00,23.3,21.1,0.24,24.4,35.5,0.65,0.0
2020-11-11 19:45:00,23.3,21.3,0.23,24.4,35.5,0.65,0.0
2020-11-11 20:00:00,23.0,21.3,0.23,24.4,35.5,0.65,0.0
2020-11-11 20:15:00,22.8,21.3,0.23,24.4,35.5,0.65,0.0
2020-11-11 20:30:00,22.8,21.3,0.23,24.4,35.5,0.65,0.0
2020-11-11 20:45:00,22.6,21.0,0.23,24.4,35.5,0.65,0.0
2020-11-11 21:00:00,22.6,21.0,0.24,24.4,35.5,0.65,0.0
2020-11-11 21:15:00,22.4,21.0,0.24,24.4,35.5,0.65,0.0
2020-11-11 21:30:00,22.4,21.1,0.23,24.4,35.5,0.65,0.0
2020-11-11 21:45:00,22.1,21.1,0.23,24.4,35.5,0.65,0.0
2020-11-11 22:00:00,22.1,21.1,0.23,24.4,35.5,0.65,0.0
2020-11-11 22:15:00,21.9,21.2,0.23,24.4,35.5,0.65,0.0
2020-11-11 22:30:00,21.9,21.2,0.23,24.4,35.5,0.65,0.0
2020-11-11 22:45:00,21.7,21.2,0.23,24.4,35.5,0.65,0.0
2020-11-11 23:00:00,21.7,20.8,0.24,24.4,35.5,0.65,0.0
2020-11-11 23:15:00,21.7,20.8,0.24,24.4,35.5,0.65,0.0
2020-11-11 23:30:00,21.5,20.9,0.23,24.4,35.5,0.65,0.0
2020-11-11 23:45:00,21.5,20.9,0.23,24.4,35.5,0.65,0.0
2020-11-12 00:00:00,21.3,20.9,0.23,24.4,35.5,0.65,0.0
2020-11-12 00:15:00,21.3,20.9,0.23,24.4,35.5,0.65,0.0
2020-11-12 00:30:00,21.3,20.9,0.23,24.2,34.4,0.65,0.0
2020-11-12 00:45:00,21.3,20.9,0.23,24.4,35.5,0.65,0.0
2020-11-12 01:00:00,21.1,21.1,0.23,24.4,35.5,0.65,0.0
2020-11-12 01:15:00,21.1,21.1,0.23,24.4,35.5,0.65,0.0
2020-11-12 01:30:00,21.1,21.1,0.23,24.4,35.5,0.65,0.0
2020-11-12 01:45:00,21.1,21.1,0.23,24.4,35.5,0.65,0.0
2020-11-12 02:00:00,21.1,21.1,0.23,24.4,35.5,0.65,0.0
2020-11-12 02:15:00,20.9,21.1,0.23,24.4,35.5,0.65,0.0
2020-11-12 02:30:00,20.9,21.1,0.23,24.4,35.5,0.65,0.0
2020-11-12 02:45:00,20.9,21.1,0.23,24.4,35.5,0.65,0.0
2020-11-12 03:00:00,20.9,21.2,0.22,24.4,35.5,0.65,0.0
2020-11-12 03:15:00,20.9,21.2,0.22,24.4,35.5,0.65,0.0
2020-11-12 03:30:00,20.9,20.8,0.23,24.4,35.5,0.65,0.0
2020-11-12 03:45:00,20.9,20.8,0.23,24.4,35.5,0.65,0.0
2020-11-12 04:00:00,20.7,20.8,0.23,24.4,35.5,0.65,0.0
2020-11-12 04:15:00,20.7,20.8,0.23,24.4,35.5,0.65,0.0
2020-11-12 04:30:00,20.7,20.8,0.23,24.4,35.5,0.65,0.0
2020-11-12 04:45:00,20.7,20.8,0.23,24.4,35.5,0.65,0.0
2020-11-12 05:00:00,20.7,20.8,0.23,24.4,35.5,0.65,0.0
2020-11-12 05:15:00,20.5,20.9,0.23,24.4,35.5,0.65,0.0
2020-11-12 05:30:00,20.5,20.9,0.23,24.4,35.5,0.65,0.0
2020-11-12 05:45:00,20.5,20.9,0.23,24.4,35.5,0.65,0.0
2020-11-12 06:00:00,20.5,20.9,0.23,24.4,35.5,0.65,0.0
2020-11-12 06:15:00,20.5,20.9,0.23,24.4,35.5,0.65,0.0
2020-11-12 06:30:00,20.5,20.9,0.23,24.4,35.5,0.65,0.0
2020-11-12 06:45:00,20.5,20.9,0.23,24.4,35.5,0.65,0.0
2020-11-12 07:00:00,20.5,20.9,0.23,24.4,35.5,0.65,0.0
2020-11-12 07:15:00,20.7,20.9,0.23,24.2,35.5,0.65,0.0
2020-11-12 07:30:00,20.7,20.9,0.23,24.4,35.5,0.65,0.0
2020-11-12 07:45:00,20.7,20.8,0.23,24.4,35.5,0.65,0.0
2020-11-12 08:00:00,20.7,20.8,0.23,24.2,35.5,0.65,0.0
2020-11-12 08:15:00,20.9,20.8,0.23,24.2,35.5,0.65,0.0
2020-11-12 08:30:00,21.1,20.8,0.23,24.2,35.5,0.65,0.0
2020-11-12 08:45:00,21.3,20.6,0.23,24.2,35.5,0.65,0.0
2020-11-12 09:00:00,21.5,20.6,0.23,24.2,35.5,0.65,0.0
2020-11-12 09:15:00,21.7,20.5,0.24,24.2,35.5,0.65,0.0
2020-11-12 09:30:00,21.9,20.9,0.23,24.2,35.5,0.65,0.0
2020-11-12 09:45:00,22.4,21.2,0.23,24.2,35.5,0.65,0.0
2020-11-12 10:00:00,22.6,21.1,0.23,24.2,35.5,0.65,0.0
2020-11-12 10:15:00,22.8,21.1,0.23,24.2,35.5,0.65,0.0
2020-11-12 10:30:00,23.3,21.1,0.23,24.2,35.5,0.65,0.0
2020-11-12 10:45:00,23.5,20.9,0.23,24.2,35.5,0.65,0.0
2020-11-12 11:00:00,23.9,21.2,0.23,24.2,35.5,0.65,0.0
2020-11-12 11:15:00,24.2,21.0,0.23,24.2,35.5,0.65,0.0
2020-11-12 11:30:00,24.7,21.1,0.23,24.2,35.5,0.65,0.0
2020-11-12 11:45:00,24.9,20.9,0.24,24.2,35.5,0.65,0.0
2020-11-12 12:00:00,25.4,21.2,0.23,24.2,35.5,0.65,0.0
2020-11-12 12:15:00,25.9,21.0,0.24,24.2,35.5,0.65,0.0
2020-11-12 12:30:00,26.2,21.3,0.23,24.2,35.5,0.65,0.0
2020-11-12 12:45:00,26.4,21.3,0.23,24.2,35.5,0.65,0.0
2020-11-12 13:00:00,26.7,21.3,0.23,24.2,35.5,0.65,0.0
2020-11-12 13:15:00,26.9,21.3,0.23,24.2,35.5,0.65,0.0
2020-11-12 13:30:00,26.9,21.3,0.23,24.2,35.5,0.65,0.0
2020-11-12 13:45:00,26.9,21.3,0.23,24.2,35.5,0.65,0.0
2020-11-12 14:00:00,26.9,20.9,0.24,24.2,35.7,0.64,0.0
2020-11-12 14:15:00,27.2,20.9,0.24,24.2,35.5,0.65,0.0
2020-11-12 14:30:00,27.2,20.9,0.23,24.2,35.5,0.65,0.0
2020-11-12 14:45:00,27.5,21.1,0.23,24.2,35.5,0.65,0.0
2020-11-12 15:00:00,27.2,21.3,0.23,24.2,35.5,0.65,0.0
2020-11-12 15:15:00,27.2,21.3,0.23,24.2,35.7,0.64,0.0
2020-11-12 15:30:00,27.2,21.3,0.23,24.2,35.7,0.64,0.0
2020-11-12 15:45:00,27.2,20.8,0.23,24.2,35.5,0.65,0.0
2020-11-12 16:00:00,27.2,21.0,0.23,24.2,35.5,0.65,0.0
2020-11-12 16:15:00,26.9,21.0,0.23,24.2,35.5,0.65,0.0
2020-11-12 16:30:00,26.9,21.0,0.23,24.2,35.5,0.65,0.0
2020-11-12 16:45:00,26.7,20.7,0.23,24.2,35.5,0.65,0.0
2020-11-12 17:00:00,26.4,20.7,0.23,24.2,35.5,0.65,0.0
2020-11-12 17:15:00,26.4,20.4,0.24,24.4,35.5,0.65,0.0
2020-11-12 17:30:00,26.2,20.6,0.23,24.4,35.5,0.65,0.0
2020-11-12 17:45:00,26.2,20.6,0.23,24.4,35.5,0.65,0.0
2020-11-12 18:00:00,25.9,20.7,0.23,24.4,35.5,0.65,0.0
2020-11-12 18:15:00,25.9,20.7,0.23,24.4,35.5,0.65,0.0
2020-11-12 18:30:00,25.6,20.7,0.23,24.4,35.5,0.65,0.0
2020-11-12 18:45:00,25.6,20.4,0.23,24.4,35.5,0.65,0.0
2020-11-12 19:00:00,25.4,20.4,0.23,24.4,35.5,0.65,0.0
2020-11-12 19:15:00,25.1,20.4,0.23,24.4,35.5,0.65,0.0
2020-11-12 19:30:00,25.1,20.4,0.23,24.4,35.5,0.65,0.0
2020-11-12 19:45:00,24.9,20.5,0.23,24.4,35.5,0.65,0.0
2020-11-12 20:00:00,24.9,20.5,0.23,24.4,35.5,0.65,0.0
2020-11-12 20:15:00,24.7,20.5,0.23,24.4,35.5,0.65,0.0
2020-11-12 20:30:00,24.7,20.7,0.22,24.4,35.5,0.65,0.0
2020-11-12 20:45:00,24.4,20.7,0.23,24.7,35.5,0.65,0.0
2020-11-12 21:00:00,24.4,20.4,0.23,24.4,35.5,0.65,0.0
2020-11-12 21:15:00,24.2,20.0,0.23,24.7,35.5,0.65,0.0
2020-11-12 21:30:00,24.2,20.1,0.23,24.7,35.5,0.65,0.0
2020-11-12 21:45:00,23.9,20.1,0.23,24.4,34.0,0.66,0.0
2020-11-12 22:00:00,23.9,20.1,0.23,24.7,35.5,0.64,0.0
2020-11-12 22:15:00,23.9,20.1,0.23,24.7,35.5,0.64,0.0
2020-11-12 22:30:00,23.7,20.3,0.23,24.7,35.5,0.64,0.0
2020-11-12 22:45:00,23.7,20.3,0.23,24.7,35.5,0.64,0.0
2020-11-12 23:00:00,23.7,20.3,0.23,24.7,35.5,0.64,0.0
2020-11-12 23:15:00,23.7,20.3,0.23,24.7,35.5,0.64,0.0
2020-11-12 23:30:00,23.7,20.3,0.23,24.7,35.5,0.64,0.0
2020-11-12 23:45:00,23.7,20.3,0.23,24.7,35.9,0.64,0.0
2020-11-13 00:00:00,23.7,20.3,0.23,24.7,35.9,0.64,0.0
2020-11-13 00:15:00,23.7,20.3,0.23,24.7,35.5,0.64,0.0
2020-11-13 00:30:00,23.5,20.0,0.23,24.7,35.5,0.64,0.0
2020-11-13 00:45:00,23.5,20.0,0.23,24.7,35.9,0.64,0.0
2020-11-13 01:00:00,23.5,20.0,0.23,24.7,35.9,0.64,0.0
2020-11-13 01:15:00,23.5,20.0,0.23,24.7,35.9,0.64,0.0
2020-11-13 01:30:00,23.5,20.0,0.23,24.7,35.5,0.64,0.0
2020-11-13 01:45:00,23.5,20.0,0.23,24.7,35.9,0.64,0.0
2020-11-13 02:00:00,23.3,20.0,0.23,24.7,35.5,0.64,0.0
2020-11-13 02:15:00,23.3,20.0,0.23,24.7,35.5,0.64,0.0
2020-11-13 02:30:00,23.3,20.0,0.23,24.7,35.5,0.64,0.0
2020-11-13 02:45:00,23.3,20.0,0.23,24.7,35.9,0.64,0.0
2020-11-13 03:00:00,23.3,20.0,0.23,24.7,35.5,0.64,0.0
2020-11-13 03:15:00,23.3,20.0,0.23,24.7,35.9,0.64,0.0
2020-11-13 03:30:00,23.3,20.0,0.23,24.7,35.5,0.64,0.0
2020-11-13 03:45:00,23.3,20.1,0.23,24.7,35.5,0.64,0.0
2020-11-13 04:00:00,23.3,20.1,0.23,24.7,35.5,0.64,0.0
2020-11-13 04:15:00,23.3,20.1,0.23,24.7,35.5,0.64,0.0
2020-11-13 04:30:00,23.3,20.1,0.23,24.7,35.5,0.64,0.2
2020-11-13 04:45:00,23.3,20.1,0.23,24.7,35.5,0.64,0.0
2020-11-13 05:00:00,23.3,20.1,0.23,24.7,35.9,0.64,0.0
2020-11-13 05:15:00,23.3,20.1,0.23,24.7,35.5,0.64,0.0
2020-11-13 05:30:00,23.3,20.1,0.23,24.7,35.9,0.64,0.2
2020-11-13 05:45:00,23.0,20.1,0.23,24.7,35.5,0.64,0.2
2020-11-13 06:00:00,23.0,20.1,0.23,24.7,35.9,0.64,0.4
2020-11-13 06:15:00,23.0,20.1,0.23,24.7,35.5,0.64,0.0
2020-11-13 06:30:00,23.0,20.1,0.23,24.7,35.5,0.64,0.4
2020-11-13 06:45:00,23.0,19.6,0.23,24.7,35.5,0.64,0.8
2020-11-13 07:00:00,23.0,20.1,0.23,24.7,35.5,0.64,1.6
2020-11-13 07:15:00,23.0,20.3,0.22,24.7,35.9,0.64,0.2
2020-11-13 07:30:00,23.0,20.1,0.23,24.7,35.9,0.64,0.0
2020-11-13 07:45:00,23.0,20.3,0.22,24.7,35.5,0.64,0.0
2020-11-13 08:00:00,23.0,19.8,0.23,24.7,35.5,0.64,0.0
2020-11-13 08:15:00,23.0,19.6,0.23,24.7,35.5,0.64,0.0
2020-11-13 08:30:00,23.3,20.1,0.23,24.7,35.5,0.64,0.0
2020-11-13 08:45:00,23.3,20.4,0.22,24.7,35.5,0.64,0.0
2020-11-13 09:00:00,23.5,20.0,0.23,24.7,35.5,0.64,0.0
2020-11-13 09:15:00,23.5,20.2,0.23,24.7,35.9,0.64,0.0
2020-11-13 09:30:00,23.7,20.0,0.23,24.7,36.1,0.63,0.0
2020-11-13 09:45:00,23.9,20.2,0.23,24.7,36.1,0.63,0.0
2020-11-13 10:00:00,24.2,20.1,0.23,24.7,35.7,0.63,0.0
2020-11-13 10:15:00,24.4,20.1,0.23,24.7,35.7,0.63,0.0
2020-11-13 10:30:00,24.7,20.5,0.22,24.7,35.5,0.64,0.0
2020-11-13 10:45:00,24.7,20.4,0.23,24.7,35.7,0.63,0.0
2020-11-13 11:00:00,24.9,20.4,0.23,24.7,35.7,0.63,0.0
2020-11-13 11:15:00,25.1,20.4,0.23,24.7,35.5,0.64,0.0
2020-11-13 11:30:00,25.1,20.2,0.23,24.7,36.1,0.63,0.0
2020-11-13 11:45:00,25.6,20.2,0.23,24.7,36.1,0.63,0.0
2020-11-13 12:00:00,25.9,20.5,0.23,24.7,35.7,0.63,0.0
2020-11-13 12:15:00,26.2,20.4,0.23,24.7,36.1,0.63,0.0
2020-11-13 12:30:00,26.2,20.4,0.23,24.7,36.1,0.63,0.0
2020-11-13 12:45:00,26.4,20.4,0.23,24.7,35.7,0.63,0.0
2020-11-13 13:00:00,26.7,20.5,0.23,24.7,35.7,0.63,0.0
2020-11-13 13:15:00,26.9,20.5,0.23,24.7,36.1,0.63,0.0
2020-11-13 13:30:00,26.9,20.5,0.23,24.7,35.7,0.63,0.0
2020-11-13 13:45:00,26.9,20.5,0.23,24.7,35.7,0.63,0.0
2020-11-13 14:00:00,26.9,20.5,0.23,24.7,36.1,0.63,0.0
2020-11-13 14:15:00,26.9,20.7,0.22,24.7,35.7,0.63,0.0
2020-11-13 14:30:00,26.7,20.6,0.23,24.7,35.7,0.63,0.0
2020-11-13 14:45:00,26.4,20.6,0.23,24.7,35.7,0.63,0.0
2020-11-13 15:00:00,26.2,20.1,0.23,24.7,35.7,0.63,0.0
2020-11-13 15:15:00,26.2,20.1,0.23,24.7,35.7,0.63,0.0
2020-11-13 15:30:00,25.9,20.0,0.23,24.7,35.7,0.63,0.0
2020-11-13 15:45:00,24.7,51.8,0.39,24.7,35.8,0.63,13.2
2020-11-13 16:00:00,21.3,51.7,0.4,24.7,42.4,0.81,8.0
2020-11-13 16:15:00,21.3,51.6,0.39,24.7,42.4,0.81,0.8
2020-11-13 16:30:00,21.7,35.8,0.33,24.7,42.6,0.8,0.8
2020-11-13 16:45:00,22.1,34.0,0.32,24.7,42.6,0.8,0.0
2020-11-13 17:00:00,22.4,33.1,0.32,24.4,42.8,0.79,0.0
2020-11-13 17:15:00,22.6,32.8,0.31,24.4,42.8,0.79,0.4
2020-11-13 17:30:00,22.8,32.5,0.31,24.4,38.9,0.73,0.2
2020-11-13 17:45:00,22.8,32.0,0.31,24.2,38.0,0.69,0.0
2020-11-13 18:00:00,22.8,31.2,0.3,24.2,37.5,0.7,0.0
2020-11-13 18:15:00,23.0,31.0,0.3,24.2,37.0,0.7,0.0
2020-11-13 18:30:00,23.0,30.7,0.3,24.2,37.2,0.69,0.0
2020-11-13 18:45:00,23.0,30.6,0.3,24.2,37.6,0.68,0.0
2020-11-13 19:00:00,23.0,30.4,0.3,24.4,37.8,0.67,0.0
2020-11-13 19:15:00,23.0,30.4,0.3,24.4,37.4,0.68,0.0
2020-11-13 19:30:00,23.0,30.2,0.29,24.4,37.1,0.69,0.0
2020-11-13 19:45:00,23.0,30.2,0.29,24.2,37.3,0.67,0.0
2020-11-13 20:00:00,23.0,30.2,0.29,24.4,37.3,0.67,0.0
2020-11-13 20:15:00,23.0,29.9,0.29,24.4,37.3,0.67,0.0
2020-11-13 20:30:00,22.8,30.0,0.29,24.4,37.3,0.67,0.0
2020-11-13 20:45:00,22.8,30.0,0.28,24.4,37.5,0.66,0.0
2020-11-13 21:00:00,22.8,29.8,0.29,24.4,37.5,0.66,0.0
2020-11-13 21:15:00,22.8,29.4,0.29,24.4,36.8,0.68,0.0
2020-11-13 21:30:00,22.8,29.5,0.29,24.4,37.5,0.66,0.0
2020-11-13 21:45:00,22.8,29.8,0.28,24.4,36.8,0.68,0.0
2020-11-13 22:00:00,22.8,29.4,0.29,24.4,36.8,0.68,0.0
2020-11-13 22:15:00,22.8,29.5,0.28,24.4,37.0,0.67,0.0
2020-11-13 22:30:00,22.8,29.1,0.29,24.4,37.0,0.67,0.0
2020-11-13 22:45:00,22.8,29.2,0.28,24.4,37.0,0.67,0.0
2020-11-13 23:00:00,22.8,29.2,0.28,24.4,37.0,0.67,0.0
2020-11-13 23:15:00,22.6,29.5,0.28,24.4,37.0,0.67,0.2
2020-11-13 23:30:00,22.6,29.5,0.28,24.4,37.0,0.67,0.0
2020-11-13 23:45:00,22.6,29.8,0.29,24.4,37.0,0.67,0.2
2020-11-14 00:00:00,22.6,29.8,0.29,24.4,37.0,0.67,0.0
2020-11-14 00:15:00,22.6,29.5,0.29,24.4,37.0,0.67,0.0
2020-11-14 00:30:00,22.6,29.5,0.29,24.4,36.8,0.68,0.2
2020-11-14 00:45:00,22.4,29.6,0.28,24.4,36.8,0.68,0.0
2020-11-14 01:00:00,22.4,29.4,0.29,24.4,36.8,0.68,0.0
2020-11-14 01:15:00,22.4,29.5,0.28,24.4,36.8,0.68,0.0
2020-11-14 01:30:00,22.4,29.5,0.28,24.4,36.8,0.68,0.0
2020-11-14 01:45:00,22.4,29.5,0.28,24.4,36.8,0.68,0.0
2020-11-14 02:00:00,22.4,29.2,0.29,24.4,36.8,0.68,0.0
2020-11-14 02:15:00,22.1,29.2,0.29,24.4,36.8,0.68,0.0
2020-11-14 02:30:00,22.1,29.3,0.28,24.4,36.8,0.68,0.0
2020-11-14 02:45:00,22.1,29.3,0.28,24.4,36.8,0.68,0.0
2020-11-14 03:00:00,22.1,28.9,0.29,24.4,36.8,0.68,0.0
2020-11-14 03:15:00,22.1,28.9,0.29,24.4,36.8,0.68,0.0
2020-11-14 03:30:00,22.1,29.0,0.28,24.4,36.8,0.68,0.0
2020-11-14 03:45:00,22.1,29.0,0.28,24.4,37.0,0.67,0.0
2020-11-14 04:00:00,22.1,29.1,0.28,24.4,37.0,0.67,0.0
2020-11-14 04:15:00,22.1,28.9,0.28,24.4,37.0,0.67,0.0
2020-11-14 04:30:00,21.9,28.9,0.28,24.4,37.0,0.67,0.0
2020-11-14 04:45:00,21.9,28.9,0.28,24.4,37.0,0.67,0.0
2020-11-14 05:00:00,21.9,28.9,0.28,24.4,37.0,0.67,0.0
2020-11-14 05:15:00,21.9,29.0,0.28,24.4,37.0,0.67,0.0
2020-11-14 05:30:00,21.9,28.6,0.29,24.4,37.0,0.67,0.0
2020-11-14 05:45:00,21.9,28.6,0.29,24.4,37.0,0.67,0.0
2020-11-14 06:00:00,21.9,28.7,0.28,24.4,37.0,0.67,0.0
2020-11-14 06:15:00,21.9,28.7,0.28,24.4,37.0,0.67,0.0
2020-11-14 06:30:00,21.9,28.7,0.28,24.4,37.0,0.67,0.0
2020-11-14 06:45:00,21.9,28.8,0.28,24.4,37.0,0.67,0.0
2020-11-14 07:00:00,21.9,28.5,0.28,24.4,37.0,0.67,0.0
2020-11-14 07:15:00,21.9,28.5,0.28,24.4,37.0,0.67,0.0
2020-11-14 07:30:00,21.9,28.5,0.28,24.4,37.0,0.67,0.0
2020-11-14 07:45:00,21.9,28.5,0.28,24.4,37.0,0.67,0.0
2020-11-14 08:00:00,22.1,28.4,0.28,24.4,37.0,0.67,0.0
2020-11-14 08:15:00,22.1,28.4,0.28,24.4,37.0,0.67,0.0
2020-11-14 08:30:00,22.4,28.4,0.28,24.4,37.0,0.67,0.0
2020-11-14 08:45:00,22.6,28.4,0.28,24.4,37.0,0.67,0.0
2020-11-14 09:00:00,22.8,28.6,0.28,24.4,37.0,0.67,0.0
2020-11-14 09:15:00,22.8,28.0,0.29,24.4,37.2,0.66,0.0
2020-11-14 09:30:00,23.0,28.4,0.28,24.4,37.2,0.66,0.0
2020-11-14 09:45:00,23.3,28.4,0.28,24.4,37.0,0.67,0.0
2020-11-14 10:00:00,23.5,28.4,0.28,24.4,37.2,0.66,0.0
2020-11-14 10:15:00,23.5,28.1,0.28,24.4,37.2,0.66,0.0
2020-11-14 10:30:00,23.7,28.1,0.28,24.4,37.2,0.66,0.0
2020-11-14 10:45:00,23.9,28.0,0.28,24.2,37.2,0.66,0.0
2020-11-14 11:00:00,24.4,28.1,0.28,24.4,36.5,0.67,0.0
2020-11-14 11:15:00,24.4,27.8,0.28,24.4,36.5,0.67,0.0
2020-11-14 11:30:00,24.7,28.0,0.27,24.2,36.5,0.67,0.0
2020-11-14 11:45:00,24.9,27.7,0.28,24.4,36.5,0.67,0.0
2020-11-14 12:00:00,24.9,27.8,0.27,24.4,36.5,0.67,0.0
2020-11-14 12:15:00,25.1,27.5,0.28,24.2,36.5,0.67,0.0
2020-11-14 12:30:00,25.4,27.7,0.27,24.2,36.5,0.67,0.0
2020-11-14 12:45:00,25.6,27.4,0.27,24.4,36.5,0.67,0.0
2020-11-14 13:00:00,25.9,27.8,0.27,24.2,36.5,0.67,0.0
2020-11-14 13:15:00,25.9,27.4,0.27,24.4,36.5,0.67,0.0
2020-11-14 13:30:00,25.6,27.5,0.27,24.2,36.5,0.67,0.0
2020-11-14 13:45:00,25.6,27.2,0.27,24.4,36.5,0.67,0.0
2020-11-14 14:00:00,25.6,27.2,0.27,24.4,36.5,0.67,0.0
2020-11-14 14:15:00,25.6,27.3,0.26,24.4,36.5,0.67,0.0
2020-11-14 14:30:00,25.9,26.9,0.27,24.2,36.5,0.67,0.0
2020-11-14 14:45:00,26.2,27.2,0.27,24.4,36.5,0.67,0.0
2020-11-14 15:00:00,26.2,26.9,0.27,24.4,36.7,0.66,0.0
2020-11-14 15:15:00,26.2,26.9,0.27,24.4,36.5,0.67,0.0
2020-11-14 15:30:00,25.9,27.0,0.26,24.4,36.5,0.67,0.0
2020-11-14 15:45:00,25.9,26.7,0.27,24.4,36.7,0.66,0.0
2020-11-14 16:00:00,25.9,26.8,0.26,24.4,36.7,0.66,0.0
2020-11-14 16:15:00,25.6,26.4,0.27,24.4,36.7,0.66,0.0
2020-11-14 16:30:00,25.4,26.5,0.26,24.4,36.5,0.67,0.0
2020-11-14 16:45:00,25.4,26.5,0.27,24.4,36.7,0.66,0.0
2020-11-14 17:00:00,25.1,26.6,0.26,24.4,36.7,0.66,0.0
2020-11-14 17:15:00,25.1,26.6,0.26,24.4,36.7,0.66,0.0
2020-11-14 17:30:00,24.9,26.7,0.26,24.4,36.7,0.66,0.0
2020-11-14 17:45:00,24.9,26.3,0.26,24.4,36.7,0.66,0.0
2020-11-14 18:00:00,24.7,26.4,0.26,24.4,36.7,0.66,0.0
2020-11-14 18:15:00,24.4,26.4,0.26,24.4,36.7,0.66,0.0
2020-11-14 18:30:00,24.4,26.2,0.26,24.4,36.7,0.66,0.0
2020-11-14 18:45:00,24.2,26.3,0.26,24.4,36.7,0.66,0.0
2020-11-14 19:00:00,24.2,26.1,0.26,24.4,36.7,0.66,0.0
2020-11-14 19:15:00,23.9,26.0,0.26,24.4,36.7,0.66,0.0
2020-11-14 19:30:00,23.9,26.2,0.26,24.4,36.7,0.66,0.0
2020-11-14 19:45:00,23.9,26.2,0.26,24.7,36.7,0.66,0.0
2020-11-14 20:00:00,23.7,26.1,0.26,24.4,36.7,0.66,0.0
2020-11-14 20:15:00,23.5,26.1,0.26,24.7,36.7,0.66,0.0
2020-11-14 20:30:00,23.5,26.1,0.26,24.4,36.7,0.66,0.0
2020-11-14 20:45:00,23.5,25.8,0.26,24.7,36.7,0.66,0.0
2020-11-14 21:00:00,23.3,25.8,0.26,24.7,36.7,0.66,0.0
2020-11-14 21:15:00,23.3,25.8,0.26,24.7,36.7,0.66,0.0
2020-11-14 21:30:00,23.0,25.9,0.26,24.7,36.7,0.66,0.0
2020-11-14 21:45:00,23.0,25.9,0.26,24.7,36.0,0.67,0.0
2020-11-14 22:00:00,23.0,25.9,0.26,24.7,36.0,0.67,0.0
2020-11-14 22:15:00,23.0,25.9,0.26,24.7,36.7,0.66,0.0
2020-11-14 22:30:00,22.8,26.0,0.25,24.7,36.7,0.66,0.0
2020-11-14 22:45:00,22.8,25.6,0.26,24.7,36.7,0.66,0.0
2020-11-14 23:00:00,22.8,25.6,0.26,24.7,36.7,0.66,0.0
2020-11-14 23:15:00,22.8,25.6,0.26,24.7,36.7,0.66,0.0
2020-11-14 23:30:00,22.8,25.9,0.25,24.7,36.0,0.67,0.0
2020-11-14 23:45:00,22.6,25.7,0.25,24.7,36.2,0.66,0.0
2020-11-15 00:00:00,22.6,25.7,0.25,24.7,36.2,0.66,0.0
2020-11-15 00:15:00,22.6,25.7,0.25,24.7,36.2,0.66,0.0
2020-11-15 00:30:00,22.6,25.7,0.25,24.7,36.2,0.66,0.0
2020-11-15 00:45:00,22.4,26.0,0.25,24.7,36.2,0.66,0.0
2020-11-15 01:00:00,22.4,25.8,0.25,24.7,36.2,0.66,0.0
2020-11-15 01:15:00,22.1,25.4,0.26,24.7,36.2,0.66,0.0
2020-11-15 01:30:00,22.1,25.6,0.26,24.7,36.2,0.66,0.0
2020-11-15 01:45:00,22.1,25.4,0.26,24.7,36.2,0.66,0.0
2020-11-15 02:00:00,22.1,25.5,0.25,24.7,36.2,0.66,0.0
2020-11-15 02:15:00,21.9,25.5,0.25,24.7,36.2,0.66,0.0
2020-11-15 02:30:00,21.9,25.5,0.25,24.7,36.2,0.66,0.0
2020-11-15 02:45:00,21.7,25.5,0.25,24.7,36.2,0.66,0.0
2020-11-15 03:00:00,21.7,25.2,0.26,24.4,36.6,0.66,0.0
2020-11-15 03:15:00,21.7,25.2,0.26,24.4,36.2,0.66,0.0
2020-11-15 03:30:00,21.5,25.2,0.26,24.4,36.2,0.66,0.0
2020-11-15 03:45:00,21.5,25.2,0.26,24.4,36.2,0.66,0.0
2020-11-15 04:00:00,21.5,25.3,0.25,24.4,36.2,0.66,0.0
2020-11-15 04:15:00,21.3,25.3,0.25,24.7,36.2,0.66,0.0
2020-11-15 04:30:00,21.3,25.3,0.25,24.4,36.2,0.66,0.0
2020-11-15 04:45:00,21.3,25.3,0.25,24.4,36.2,0.66,0.0
2020-11-15 05:00:00,21.1,25.4,0.25,24.4,36.2,0.66,0.0
2020-11-15 05:15:00,21.1,25.4,0.25,24.4,36.2,0.66,0.0
2020-11-15 05:30:00,21.1,25.4,0.25,24.4,36.2,0.66,0.0
2020-11-15 05:45:00,20.9,25.0,0.26,24.4,36.2,0.66,0.0
2020-11-15 06:00:00,20.9,25.0,0.26,24.4,36.2,0.66,0.0
2020-11-15 06:15:00,20.9,25.2,0.25,24.4,36.2,0.66,0.0
2020-11-15 06:30:00,20.9,25.2,0.25,24.4,36.6,0.66,0.0
2020-11-15 06:45:00,20.9,25.2,0.25,24.4,36.2,0.66,0.0
2020-11-15 07:00:00,20.9,25.2,0.25,24.4,36.2,0.66,0.0
2020-11-15 07:15:00,20.9,25.2,0.25,24.4,36.2,0.66,0.0
2020-11-15 07:30:00,20.9,25.2,0.25,24.4,36.2,0.66,0.0
2020-11-15 07:45:00,20.9,25.2,0.25,24.4,36.2,0.66,0.0
2020-11-15 08:00:00,21.1,25.4,0.25,24.4,36.2,0.66,0.0
2020-11-15 08:15:00,21.1,25.4,0.25,24.4,36.2,0.66,0.0
2020-11-15 08:30:00,21.3,25.4,0.25,24.4,36.2,0.66,0.0
2020-11-15 08:45:00,21.5,25.3,0.25,24.4,36.2,0.66,0.0
2020-11-15 09:00:00,21.7,25.3,0.25,24.4,36.2,0.66,0.0
2020-11-15 09:15:00,21.9,25.3,0.25,24.4,36.2,0.66,0.0
2020-11-15 09:30:00,22.1,25.3,0.25,24.4,36.4,0.65,0.0
2020-11-15 09:45:00,22.1,25.1,0.25,24.4,36.4,0.65,0.0
2020-11-15 10:00:00,22.6,25.1,0.25,24.4,36.4,0.65,0.0
2020-11-15 10:15:00,22.8,25.2,0.25,24.4,36.4,0.65,0.0
2020-11-15 10:30:00,23.0,25.2,0.25,24.4,36.4,0.65,0.0
2020-11-15 10:45:00,23.5,25.4,0.25,24.4,36.4,0.65,0.0
2020-11-15 11:00:00,23.7,25.4,0.25,24.2,36.4,0.65,0.0
2020-11-15 11:15:00,23.9,25.0,0.25,24.2,36.4,0.65,0.0
2020-11-15 11:30:00,24.2,25.0,0.25,24.2,36.4,0.65,0.0
2020-11-15 11:45:00,24.4,25.3,0.25,24.2,36.4,0.65,0.0
2020-11-15 12:00:00,24.4,25.0,0.25,24.2,36.4,0.65,0.0
2020-11-15 12:15:00,24.4,25.0,0.25,24.2,36.4,0.65,0.0
2020-11-15 12:30:00,24.4,25.1,0.25,24.2,36.4,0.65,0.0
2020-11-15 12:45:00,24.4,24.7,0.25,24.2,36.4,0.65,0.0
2020-11-15 13:00:00,24.4,24.7,0.25,24.2,36.4,0.65,0.0
2020-11-15 13:15:00,24.4,24.8,0.25,24.2,36.4,0.65,0.0
2020-11-15 13:30:00,24.7,24.8,0.25,24.2,36.4,0.65,0.0
2020-11-15 13:45:00,24.7,24.8,0.25,24.2,36.4,0.65,0.0
2020-11-15 14:00:00,24.7,24.4,0.25,24.2,36.4,0.65,0.0
2020-11-15 14:15:00,24.9,24.8,0.25,24.2,36.4,0.65,0.0
2020-11-15 14:30:00,24.9,24.8,0.25,24.2,36.4,0.65,0.0
2020-11-15 14:45:00,24.9,24.8,0.25,24.2,36.4,0.65,0.2
2020-11-15 15:00:00,24.9,24.9,0.24,24.2,36.4,0.65,0.0
2020-11-15 15:15:00,24.7,24.9,0.24,24.2,36.4,0.65,0.0
2020-11-15 15:30:00,24.9,24.9,0.24,24.2,36.4,0.65,0.0
2020-11-15 15:45:00,24.9,24.5,0.25,24.2,36.4,0.65,0.0
2020-11-15 16:00:00,24.9,24.5,0.25,24.2,36.4,0.65,0.4
2020-11-15 16:15:00,24.9,24.9,0.24,24.2,36.4,0.65,0.0
2020-11-15 16:30:00,24.7,24.8,0.25,24.2,36.4,0.65,0.0
2020-11-15 16:45:00,24.7,24.8,0.25,24.4,36.4,0.65,0.0
2020-11-15 17:00:00,24.7,24.8,0.25,24.2,36.4,0.65,0.0
2020-11-15 17:15:00,24.4,24.7,0.24,24.2,36.4,0.65,0.0
2020-11-15 17:30:00,24.4,24.9,0.24,24.4,36.8,0.65,0.0
2020-11-15 17:45:00,24.2,24.7,0.25,24.4,36.4,0.65,0.0
2020-11-15 18:00:00,24.2,24.7,0.25,24.4,36.4,0.65,0.0
2020-11-15 18:15:00,23.9,24.7,0.25,24.4,36.4,0.65,0.0
2020-11-15 18:30:00,23.9,24.6,0.25,24.4,36.4,0.65,0.0
2020-11-15 18:45:00,23.9,24.4,0.25,24.4,36.4,0.65,0.0
2020-11-15 19:00:00,23.9,24.4,0.25,24.4,36.4,0.65,0.0
2020-11-15 19:15:00,23.7,24.4,0.25,24.4,36.4,0.65,0.0
2020-11-15 19:30:00,23.7,24.4,0.25,24.4,36.4,0.65,0.0
2020-11-15 19:45:00,23.7,24.3,0.25,24.4,36.4,0.65,0.0
2020-11-15 20:00:00,23.7,24.3,0.25,24.4,36.4,0.65,0.0
2020-11-15 20:15:00,23.5,24.5,0.24,24.4,36.4,0.65,0.0
2020-11-15 20:30:00,23.5,24.5,0.24,24.4,36.4,0.65,0.0
2020-11-15 20:45:00,23.5,24.5,0.24,24.4,36.4,0.65,0.0
2020-11-15 21:00:00,23.5,24.5,0.24,24.4,36.4,0.65,0.0
2020-11-15 21:15:00,23.5,24.5,0.24,24.4,36.4,0.65,0.0
2020-11-15 21:30:00,23.5,24.5,0.24,24.4,36.4,0.65,0.0
2020-11-15 21:45:00,23.5,24.5,0.25,24.4,36.4,0.65,0.0
2020-11-15 22:00:00,23.3,24.5,0.25,24.4,36.4,0.65,0.0
2020-11-15 22:15:00,23.5,24.5,0.25,24.4,36.4,0.65,0.0
2020-11-15 22:30:00,23.3,24.6,0.24,24.4,36.4,0.65,0.0
2020-11-15 22:45:00,23.3,24.6,0.24,24.4,36.4,0.65,0.0
2020-11-15 23:00:00,23.3,24.6,0.24,24.4,36.4,0.65,0.0
2020-11-15 23:15:00,23.3,24.2,0.25,24.4,36.8,0.65,0.0
2020-11-15 23:30:00,23.3,24.2,0.25,24.4,36.4,0.65,0.0
2020-11-15 23:45:00,23.0,24.2,0.25,24.4,36.8,0.65,0.0
2020-11-16 00:00:00,23.0,24.2,0.25,24.4,36.8,0.65,0.0
2020-11-16 00:15:00,23.0,24.2,0.25,24.4,36.4,0.65,0.0
2020-11-16 00:30:00,23.0,24.2,0.25,24.4,36.4,0.65,0.0
2020-11-16 00:45:00,23.0,24.3,0.24,24.4,36.4,0.65,0.0
2020-11-16 01:00:00,23.0,24.3,0.24,24.4,36.4,0.65,0.0
2020-11-16 01:15:00,23.0,24.3,0.24,24.4,36.4,0.65,0.0
2020-11-16 01:30:00,22.8,24.3,0.24,24.4,36.4,0.65,0.2
2020-11-16 01:45:00,22.8,24.3,0.24,24.4,36.4,0.65,0.0
2020-11-16 02:00:00,22.8,24.3,0.24,24.4,36.4,0.65,0.2
2020-11-16 02:15:00,22.8,24.9,0.24,24.4,36.4,0.65,0.8
2020-11-16 02:30:00,22.8,24.8,0.25,24.4,36.4,0.65,0.0
2020-11-16 02:45:00,22.8,24.7,0.25,24.4,36.4,0.65,0.4
2020-11-16 03:00:00,22.8,24.9,0.25,24.4,36.4,0.65,0.0
2020-11-16 03:15:00,22.8,24.9,0.25,24.4,36.4,0.65,0.0
2020-11-16 03:30:00,22.8,24.9,0.25,24.4,36.4,0.65,0.0
2020-11-16 03:45:00,22.8,24.9,0.25,24.4,36.4,0.65,0.0
2020-11-16 04:00:00,22.8,25.3,0.24,24.4,36.4,0.65,0.0
2020-11-16 04:15:00,22.8,24.7,0.25,24.4,36.4,0.65,0.0
2020-11-16 04:30:00,22.6,24.7,0.25,24.4,36.4,0.65,0.0
2020-11-16 04:45:00,22.6,24.7,0.25,24.4,36.4,0.65,0.0
2020-11-16 05:00:00,22.6,25.1,0.24,24.4,36.4,0.65,0.0
2020-11-16 05:15:00,22.6,24.9,0.25,24.4,36.8,0.65,0.0
2020-11-16 05:30:00,22.6,24.7,0.25,24.4,36.4,0.65,0.0
2020-11-16 05:45:00,22.6,24.9,0.25,24.4,36.4,0.65,0.0
2020-11-16 06:00:00,22.6,24.7,0.25,24.4,36.4,0.65,0.0
2020-11-16 06:15:00,22.6,24.7,0.25,24.4,36.4,0.65,0.0
2020-11-16 06:30:00,22.6,24.7,0.25,24.4,36.4,0.65,0.0
2020-11-16 06:45:00,22.6,24.9,0.25,24.4,36.4,0.65,0.0
2020-11-16 07:00:00,22.6,24.8,0.25,24.4,36.4,0.65,0.0
2020-11-16 07:15:00,22.6,24.8,0.25,24.4,36.4,0.65,0.0
2020-11-16 07:30:00,22.6,24.9,0.25,24.4,36.4,0.65,0.0
2020-11-16 07:45:00,22.6,25.1,0.24,24.4,36.4,0.65,0.0
2020-11-16 08:00:00,22.6,25.1,0.24,24.4,36.4,0.65,0.0
2020-11-16 08:15:00,22.6,25.1,0.24,24.4,36.4,0.65,0.0
2020-11-16 08:30:00,22.6,24.9,0.25,24.4,36.4,0.65,0.0
2020-11-16 08:45:00,22.8,24.9,0.25,24.4,36.4,0.65,0.0
2020-11-16 09:00:00,23.0,24.9,0.25,24.4,36.4,0.65,0.0
2020-11-16 09:15:00,23.3,25.0,0.25,24.4,36.4,0.65,0.0
2020-11-16 09:30:00,23.5,25.0,0.25,24.4,36.4,0.65,0.0
2020-11-16 09:45:00,23.5,25.0,0.25,24.4,36.4,0.65,0.0
2020-11-16 10:00:00,23.7,25.0,0.25,24.2,36.4,0.65,0.0
2020-11-16 10:15:00,23.9,25.2,0.24,24.4,36.4,0.65,0.0
2020-11-16 10:30:00,23.9,24.8,0.25,24.2,36.4,0.65,0.0
2020-11-16 10:45:00,24.2,24.8,0.25,24.4,36.4,0.65,0.0
2020-11-16 11:00:00,24.4,24.8,0.25,24.4,36.4,0.65,0.0
2020-11-16 11:15:00,24.7,24.4,0.25,24.4,36.4,0.65,0.0
2020-11-16 11:30:00,24.9,24.7,0.25,24.2,36.4,0.65,0.0
2020-11-16 11:45:00,25.1,24.8,0.25,24.2,36.4,0.65,0.0
2020-11-16 12:00:00,25.4,24.8,0.25,24.2,36.4,0.65,0.0
2020-11-16 12:15:00,25.6,24.6,0.25,24.2,36.4,0.65,0.0
2020-11-16 12:30:00,25.9,24.6,0.25,24.2,36.4,0.65,0.0
2020-11-16 12:45:00,26.2,24.2,0.25,24.2,36.4,0.65,0.0
2020-11-16 13:00:00,26.2,24.6,0.25,24.2,36.4,0.65,0.0
2020-11-16 13:15:00,26.4,24.6,0.25,24.2,36.4,0.65,1.0
2020-11-16 13:30:00,26.4,24.3,0.25,24.4,36.4,0.65,0.0
2020-11-16 13:45:00,26.4,24.3,0.25,24.2,36.4,0.65,0.0
2020-11-16 14:00:00,26.2,24.4,0.24,24.2,36.4,0.65,0.0
2020-11-16 14:15:00,26.2,24.4,0.24,24.2,36.4,0.65,0.0
2020-11-16 14:30:00,26.2,24.1,0.25,24.4,36.8,0.65,0.0
2020-11-16 14:45:00,25.9,24.1,0.25,24.2,36.4,0.65,0.0
2020-11-16 15:00:00,25.9,24.1,0.25,24.2,36.4,0.65,0.0
2020-11-16 15:15:00,25.9,24.1,0.25,24.4,36.4,0.65,0.0
2020-11-16 15:30:00,25.9,24.1,0.25,24.2,36.4,0.65,0.0
2020-11-16 15:45:00,25.9,24.3,0.24,24.4,36.4,0.65,0.0
2020-11-16 16:00:00,25.9,24.3,0.24,24.4,36.8,0.65,0.0
2020-11-16 16:15:00,25.9,23.8,0.25,24.4,36.4,0.65,0.0
2020-11-16 16:30:00,25.9,23.8,0.25,24.4,36.4,0.65,0.0
2020-11-16 16:45:00,25.6,24.0,0.24,24.4,36.4,0.65,0.0
2020-11-16 17:00:00,25.6,24.0,0.24,24.4,36.4,0.65,0.0
2020-11-16 17:15:00,25.4,24.0,0.24,24.4,36.4,0.65,0.0
2020-11-16 17:30:00,25.4,24.1,0.24,24.4,36.8,0.65,0.0
2020-11-16 17:45:00,25.1,24.1,0.24,24.4,36.8,0.65,0.0
2020-11-16 18:00:00,25.1,24.1,0.24,24.4,36.4,0.65,0.0
2020-11-16 18:15:00,24.9,24.2,0.24,24.4,36.4,0.65,0.0
2020-11-16 18:30:00,24.9,24.0,0.24,24.4,36.4,0.65,0.0
2020-11-16 18:45:00,24.7,23.8,0.24,24.4,36.4,0.65,0.0
2020-11-16 19:00:00,24.7,23.5,0.25,24.4,36.4,0.65,0.0
2020-11-16 19:15:00,24.4,23.7,0.24,24.4,36.4,0.65,0.0
2020-11-16 19:30:00,24.4,23.7,0.24,24.4,36.4,0.65,0.0
2020-11-16 19:45:00,24.2,23.7,0.24,24.4,36.4,0.65,1.4
2020-11-16 20:00:00,24.2,24.1,0.24,24.4,36.4,0.65,3.2
2020-11-16 20:15:00,23.9,26.9,0.26,24.4,36.4,0.65,3.0
2020-11-16 20:30:00,23.9,31.3,0.31,24.4,36.8,0.65,2.6
2020-11-16 20:45:00,23.7,31.5,0.31,24.4,36.4,0.65,1.6
2020-11-16 21:00:00,23.5,30.5,0.3,24.4,36.4,0.65,0.2
2020-11-16 21:15:00,23.5,30.0,0.3,24.4,36.0,0.67,0.2
2020-11-16 21:30:00,23.5,29.7,0.3,24.4,37.0,0.67,0.2
2020-11-16 21:45:00,23.3,29.8,0.29,24.4,37.1,0.68,0.0
2020-11-16 22:00:00,23.3,29.5,0.29,24.4,37.7,0.68,0.2
2020-11-16 22:15:00,23.3,29.6,0.29,24.4,37.5,0.69,0.2
2020-11-16 22:30:00,23.0,29.3,0.29,24.4,37.5,0.69,0.2
2020-11-16 22:45:00,23.0,29.3,0.29,24.4,37.5,0.69,0.0
2020-11-16 23:00:00,23.0,29.4,0.29,24.4,37.5,0.69,0.0
2020-11-16 23:15:00,23.0,29.1,0.29,24.7,37.5,0.69,0.2
2020-11-16 23:30:00,23.0,29.1,0.29,24.7,37.7,0.68,0.2
2020-11-16 23:45:00,22.8,29.1,0.29,24.7,37.7,0.68,0.2
2020-11-17 00:00:00,22.8,28.7,0.3,24.4,37.0,0.7,0.2
2020-11-17 00:15:00,22.8,28.8,0.29,24.7,37.0,0.7,0.0
2020-11-17 00:30:00,22.8,28.7,0.29,24.7,37.2,0.69,0.0
2020-11-17 00:45:00,22.8,28.8,0.29,24.4,37.2,0.69,0.0
2020-11-17 01:00:00,22.6,28.5,0.29,24.4,37.2,0.69,0.2
2020-11-17 01:15:00,22.6,28.6,0.28,24.2,35.6,0.7,0.0
2020-11-17 01:30:00,22.6,28.2,0.29,24.4,37.2,0.69,0.0
2020-11-17 01:45:00,22.6,28.5,0.28,24.4,37.6,0.68,0.0
2020-11-17 02:00:00,22.6,28.0,0.29,24.4,37.6,0.68,0.0
2020-11-17 02:15:00,22.4,28.3,0.28,24.4,37.6,0.68,0.0
2020-11-17 02:30:00,22.4,28.4,0.28,24.4,37.6,0.68,0.0
2020-11-17 02:45:00,22.4,28.1,0.28,24.4,37.6,0.68,0.0
2020-11-17 03:00:00,22.4,28.1,0.28,24.4,37.6,0.68,0.0
2020-11-17 03:15:00,22.4,28.2,0.28,24.4,37.6,0.68,0.0
2020-11-17 03:30:00,22.1,27.9,0.28,24.4,37.2,0.69,0.0
2020-11-17 03:45:00,22.1,27.9,0.28,24.4,37.2,0.69,0.0
2020-11-17 04:00:00,22.1,27.6,0.28,24.4,37.2,0.69,0.0
2020-11-17 04:15:00,22.1,27.6,0.28,24.4,37.6,0.68,0.0
2020-11-17 04:30:00,22.1,27.7,0.28,24.4,37.6,0.68,0.0
2020-11-17 04:45:00,22.1,27.7,0.28,24.4,37.6,0.68,0.0
2020-11-17 05:00:00,22.1,27.6,0.28,24.4,37.6,0.68,0.0
2020-11-17 05:15:00,22.1,27.6,0.28,24.4,37.2,0.69,0.0
2020-11-17 05:30:00,22.1,27.7,0.27,24.4,37.6,0.68,0.0
2020-11-17 05:45:00,21.9,27.7,0.27,24.4,37.8,0.67,0.0
2020-11-17 06:00:00,21.9,27.3,0.28,24.4,37.8,0.67,0.0
2020-11-17 06:15:00,21.9,27.5,0.27,24.4,37.1,0.68,0.0
2020-11-17 06:30:00,21.9,27.5,0.27,24.4,37.8,0.67,0.0
2020-11-17 06:45:00,21.9,27.5,0.27,24.4,37.1,0.68,0.0
2020-11-17 07:00:00,21.9,27.2,0.28,24.4,37.4,0.68,0.0
2020-11-17 07:15:00,21.9,27.2,0.28,24.4,37.1,0.69,0.0
2020-11-17 07:30:00,21.9,27.2,0.28,24.4,37.1,0.69,0.0
2020-11-17 07:45:00,21.9,27.3,0.27,24.4,37.1,0.69,0.0
2020-11-17 08:00:00,21.9,27.3,0.27,24.4,36.7,0.69,0.0
2020-11-17 08:15:00,21.9,27.3,0.27,24.4,37.3,0.67,0.0
2020-11-17 08:30:00,22.1,27.1,0.27,24.4,37.3,0.67,0.0
2020-11-17 08:45:00,22.1,27.2,0.27,24.4,37.3,0.67,0.0
2020-11-17 09:00:00,22.1,27.2,0.27,24.4,37.3,0.67,0.0
2020-11-17 09:15:00,22.4,27.2,0.27,24.4,37.3,0.67,0.0
2020-11-17 09:30:00,22.6,26.8,0.27,24.4,37.3,0.67,0.0
2020-11-17 09:45:00,22.8,26.8,0.27,24.4,36.9,0.68,0.0
2020-11-17 10:00:00,23.0,27.2,0.27,24.4,37.3,0.67,0.0
2020-11-17 10:15:00,23.3,26.8,0.27,24.2,37.3,0.67,0.0
2020-11-17 10:30:00,23.5,26.8,0.27,24.4,37.3,0.67,0.0
2020-11-17 10:45:00,23.7,26.8,0.27,24.2,37.3,0.67,0.0
2020-11-17 11:00:00,23.9,26.8,0.27,24.2,37.3,0.67,0.0
2020-11-17 11:15:00,23.9,26.5,0.27,24.2,37.3,0.67,0.0
2020-11-17 11:30:00,24.2,26.5,0.27,24.2,37.3,0.67,0.0
2020-11-17 11:45:00,24.4,26.4,0.27,24.2,37.5,0.66,0.0
2020-11-17 12:00:00,24.7,26.5,0.27,24.2,37.3,0.67,0.0
2020-11-17 12:15:00,24.9,26.6,0.26,24.2,37.5,0.66,0.0
2020-11-17 12:30:00,24.9,26.2,0.27,24.2,37.5,0.66,0.0
2020-11-17 12:45:00,25.1,26.5,0.26,24.2,37.5,0.66,0.0
2020-11-17 13:00:00,25.4,26.1,0.27,24.2,36.8,0.68,0.0
2020-11-17 13:15:00,25.4,26.3,0.26,24.2,37.5,0.66,0.0
2020-11-17 13:30:00,25.4,25.8,0.27,24.2,36.8,0.68,0.0
2020-11-17 13:45:00,25.4,26.0,0.26,24.2,36.8,0.68,0.0
2020-11-17 14:00:00,25.4,26.2,0.26,24.2,37.5,0.66,0.0
2020-11-17 14:15:00,25.4,25.9,0.26,24.2,36.8,0.68,0.0
2020-11-17 14:30:00,25.6,26.0,0.26,24.2,36.8,0.68,0.0
2020-11-17 14:45:00,25.6,25.6,0.26,24.2,36.8,0.68,0.0
2020-11-17 15:00:00,25.6,25.7,0.26,24.2,36.8,0.68,0.0
2020-11-17 15:15:00,25.6,25.7,0.26,24.2,36.8,0.68,0.0
2020-11-17 15:30:00,25.4,25.9,0.25,24.2,36.8,0.68,0.0
2020-11-17 15:45:00,25.4,25.9,0.26,24.2,36.8,0.68,0.0
2020-11-17 16:00:00,25.4,25.4,0.26,24.2,36.8,0.68,0.0
2020-11-17 16:15:00,25.4,25.6,0.26,24.4,36.8,0.68,0.0
2020-11-17 16:30:00,25.4,25.6,0.26,24.4,37.0,0.67,0.0
2020-11-17 16:45:00,25.1,25.6,0.26,24.4,37.0,0.67,0.0
2020-11-17 17:00:00,25.1,25.7,0.25,24.4,36.8,0.68,0.0
2020-11-17 17:15:00,25.1,25.7,0.25,24.4,37.0,0.67,0.0
2020-11-17 17:30:00,24.9,25.7,0.25,24.4,37.0,0.67,0.0
2020-11-17 17:45:00,24.9,25.3,0.26,24.4,37.0,0.67,0.0
2020-11-17 18:00:00,24.9,25.4,0.26,24.4,37.0,0.67,3.6
2020-11-17 18:15:00,24.7,25.7,0.25,24.4,37.0,0.67,2.2
2020-11-17 18:30:00,24.7,25.7,0.25,24.4,37.0,0.67,0.2
2020-11-17 18:45:00,24.4,25.6,0.26,24.4,37.0,0.67,2.2
2020-11-17 19:00:00,24.4,25.9,0.26,24.4,37.0,0.67,1.0
2020-11-17 19:15:00,24.2,26.4,0.26,24.4,37.0,0.67,1.0
2020-11-17 19:30:00,24.2,27.3,0.27,24.4,37.0,0.67,0.6
2020-11-17 19:45:00,23.9,27.5,0.28,24.4,37.0,0.67,0.2
2020-11-17 20:00:00,23.9,27.8,0.28,24.4,37.0,0.67,0.0
2020-11-17 20:15:00,23.7,27.8,0.28,24.4,37.0,0.67,0.0
2020-11-17 20:30:00,23.7,27.9,0.27,24.4,37.0,0.67,0.0
2020-11-17 20:45:00,23.7,27.5,0.28,24.4,37.0,0.67,0.0
2020-11-17 21:00:00,23.5,27.6,0.28,24.4,37.0,0.67,0.0
2020-11-17 21:15:00,23.5,27.7,0.27,24.4,37.0,0.67,0.0
2020-11-17 21:30:00,23.5,27.6,0.27,24.4,37.0,0.67,0.0
2020-11-17 21:45:00,23.3,27.6,0.27,24.4,37.0,0.67,0.2
2020-11-17 22:00:00,23.3,27.6,0.27,24.4,37.0,0.67,0.0
2020-11-17 22:15:00,23.3,27.6,0.27,24.4,36.8,0.68,0.0
2020-11-17 22:30:00,23.3,27.6,0.27,24.4,36.8,0.68,0.0
2020-11-17 22:45:00,23.0,27.7,0.27,24.4,36.8,0.68,0.0
2020-11-17 23:00:00,23.0,27.3,0.27,24.4,36.8,0.68,0.0
2020-11-17 23:15:00,23.0,27.4,0.27,24.4,36.8,0.68,0.0
2020-11-17 23:30:00,22.8,27.1,0.27,24.4,36.8,0.68,0.0
2020-11-17 23:45:00,22.8,27.1,0.27,24.4,36.8,0.68,0.0
2020-11-18 00:00:00,22.8,27.2,0.27,24.4,37.5,0.66,0.0
2020-11-18 00:15:00,22.8,27.2,0.27,24.4,37.3,0.67,0.0
2020-11-18 00:30:00,22.6,27.2,0.27,24.4,37.3,0.67,0.2
2020-11-18 00:45:00,22.6,27.0,0.27,24.4,37.3,0.67,0.0
2020-11-18 01:00:00,22.6,27.0,0.27,24.4,37.3,0.67,0.0
2020-11-18 01:15:00,22.6,27.1,0.26,24.4,37.3,0.67,0.0
2020-11-18 01:30:00,22.6,27.1,0.26,24.4,37.3,0.67,0.0
2020-11-18 01:45:00,22.4,27.1,0.26,24.4,37.3,0.67,0.0
2020-11-18 02:00:00,22.4,26.7,0.27,24.4,37.3,0.67,0.0
2020-11-18 02:15:00,22.4,26.8,0.27,24.4,35.6,0.7,0.0
2020-11-18 02:30:00,22.4,26.8,0.27,24.4,37.3,0.67,0.0
2020-11-18 02:45:00,22.4,26.8,0.27,24.4,37.3,0.67,0.0
2020-11-18 03:00:00,22.4,26.8,0.27,24.4,37.3,0.67,0.0
2020-11-18 03:15:00,22.1,26.9,0.26,24.4,37.3,0.67,0.0
2020-11-18 03:30:00,22.1,26.5,0.27,24.4,37.3,0.67,0.0
2020-11-18 03:45:00,22.1,26.5,0.27,24.4,37.3,0.67,0.0
2020-11-18 04:00:00,22.1,26.5,0.27,24.4,37.3,0.67,0.0
2020-11-18 04:15:00,22.1,26.6,0.26,24.4,37.3,0.67,0.0
2020-11-18 04:30:00,22.1,26.6,0.26,24.4,37.3,0.67,0.0
2020-11-18 04:45:00,22.1,26.6,0.26,24.4,37.3,0.67,0.0
2020-11-18 05:00:00,22.1,26.7,0.26,24.4,37.3,0.67,0.0
2020-11-18 05:15:00,21.9,26.7,0.26,24.4,37.3,0.67,0.0
2020-11-18 05:30:00,21.9,26.3,0.27,24.4,37.3,0.67,0.0
2020-11-18 05:45:00,21.9,26.5,0.26,24.4,37.3,0.67,0.0
2020-11-18 06:00:00,21.9,26.4,0.26,24.4,37.3,0.67,0.0
2020-11-18 06:15:00,21.9,26.6,0.26,24.4,37.3,0.67,0.0
2020-11-18 06:30:00,21.9,26.6,0.26,24.4,37.3,0.67,0.0
2020-11-18 06:45:00,21.9,26.4,0.26,24.4,37.3,0.67,0.0
2020-11-18 07:00:00,21.9,26.6,0.26,24.4,37.3,0.67,0.0
2020-11-18 07:15:00,21.9,26.4,0.26,24.4,37.3,0.67,0.0
2020-11-18 07:30:00,21.9,26.4,0.26,24.4,37.3,0.67,0.0
2020-11-18 07:45:00,21.9,26.4,0.26,24.4,37.3,0.67,0.0
2020-11-18 08:00:00,22.1,26.4,0.26,24.4,37.5,0.66,0.0
2020-11-18 08:15:00,22.1,26.4,0.26,24.4,37.5,0.66,0.0
2020-11-18 08:30:00,22.1,26.4,0.26,24.2,37.5,0.66,0.0
2020-11-18 08:45:00,22.1,26.4,0.26,24.2,37.5,0.66,0.0
2020-11-18 09:00:00,22.4,26.4,0.26,24.2,37.5,0.66,0.0
2020-11-18 09:15:00,22.6,26.6,0.26,24.2,36.8,0.68,0.0
2020-11-18 09:30:00,22.6,26.2,0.26,24.2,36.8,0.68,0.0
2020-11-18 09:45:00,22.8,26.3,0.26,24.2,36.8,0.68,0.0
2020-11-18 10:00:00,23.0,26.3,0.26,24.2,36.8,0.68,0.0
2020-11-18 10:15:00,23.3,26.3,0.26,24.2,36.8,0.68,0.0
2020-11-18 10:30:00,23.3,25.9,0.26,24.2,36.8,0.68,0.0
2020-11-18 10:45:00,23.5,26.0,0.26,24.2,36.8,0.68,0.0
2020-11-18 11:00:00,23.5,26.3,0.26,24.2,36.8,0.68,0.0
2020-11-18 11:15:00,23.7,25.9,0.26,24.2,36.8,0.68,0.0
2020-11-18 11:30:00,23.9,25.9,0.26,24.2,36.8,0.68,0.0
2020-11-18 11:45:00,24.2,25.9,0.26,24.2,36.8,0.68,0.0
2020-11-18 12:00:00,24.4,25.9,0.26,24.2,36.8,0.68,0.0
2020-11-18 12:15:00,24.7,25.9,0.26,24.2,36.8,0.68,0.0
2020-11-18 12:30:00,24.9,25.9,0.26,24.2,37.0,0.67,0.0
2020-11-18 12:45:00,25.1,25.6,0.26,24.2,37.0,0.67,0.0
2020-11-18 13:00:00,25.1,25.8,0.26,24.2,37.0,0.67,0.0
2020-11-18 13:15:00,25.4,25.9,0.26,24.2,37.0,0.67,0.0
2020-11-18 13:30:00,25.4,25.6,0.26,24.2,37.0,0.67,0.0
2020-11-18 13:45:00,25.6,25.6,0.26,24.2,37.0,0.67,0.0
2020-11-18 14:00:00,25.6,25.5,0.26,24.2,37.0,0.67,0.0
2020-11-18 14:15:00,25.6,25.5,0.26,24.2,37.0,0.67,0.0
2020-11-18 14:30:00,25.9,25.7,0.25,23.7,35.0,0.69,0.0
2020-11-18 14:45:00,25.9,25.2,0.26,24.2,37.0,0.67,0.0
2020-11-18 15:00:00,25.9,25.4,0.25,24.2,37.0,0.67,0.0
2020-11-18 15:15:00,25.9,25.4,0.25,24.2,37.0,0.67,0.0
2020-11-18 15:30:00,25.9,25.6,0.25,24.2,37.0,0.67,0.0
2020-11-18 15:45:00,25.9,25.2,0.26,24.2,37.0,0.67,0.0
2020-11-18 16:00:00,25.6,25.3,0.25,24.2,37.0,0.67,0.0
2020-11-18 16:15:00,25.6,25.4,0.25,24.2,37.0,0.67,0.0
2020-11-18 16:30:00,25.4,24.8,0.26,24.2,37.0,0.67,0.0
2020-11-18 16:45:00,25.4,24.9,0.25,24.2,37.0,0.67,0.0
2020-11-18 17:00:00,25.1,24.9,0.25,24.2,37.0,0.67,0.0
2020-11-18 17:15:00,24.9,25.0,0.25,24.2,37.0,0.67,0.0
2020-11-18 17:30:00,24.9,25.0,0.25,24.2,37.0,0.67,0.0
2020-11-18 17:45:00,24.7,25.1,0.25,24.2,37.2,0.66,0.0
2020-11-18 18:00:00,24.7,24.7,0.25,24.2,37.2,0.66,0.0
2020-11-18 18:15:00,24.4,24.7,0.25,24.2,37.2,0.66,0.0
2020-11-18 18:30:00,24.4,24.8,0.25,24.2,37.2,0.66,0.0
2020-11-18 18:45:00,24.2,24.8,0.25,24.2,37.2,0.66,0.0
2020-11-18 19:00:00,24.2,24.8,0.25,24.2,36.5,0.67,0.0
2020-11-18 19:15:00,23.9,24.8,0.25,24.4,37.2,0.66,0.0
2020-11-18 19:30:00,23.9,24.9,0.24,24.4,37.2,0.66,0.0
2020-11-18 19:45:00,23.7,24.9,0.24,24.4,37.2,0.66,0.0
2020-11-18 20:00:00,23.7,24.9,0.25,24.4,36.5,0.67,0.0
2020-11-18 20:15:00,23.7,24.9,0.25,24.4,36.5,0.67,0.0
2020-11-18 20:30:00,23.5,24.9,0.25,24.4,36.5,0.67,0.0
2020-11-18 20:45:00,23.5,25.0,0.24,24.4,36.5,0.67,0.0
2020-11-18 21:00:00,23.3,24.6,0.25,24.4,36.5,0.67,0.0
2020-11-18 21:15:00,23.3,24.4,0.25,24.4,36.5,0.67,0.0
2020-11-18 21:30:00,23.3,24.6,0.25,24.4,36.5,0.67,0.0
2020-11-18 21:45:00,23.3,24.6,0.25,24.4,36.5,0.67,0.0
2020-11-18 22:00:00,23.3,24.4,0.25,24.4,36.5,0.67,0.0
2020-11-18 22:15:00,23.3,24.6,0.25,24.4,36.5,0.67,0.0
2020-11-18 22:30:00,23.3,24.8,0.24,24.4,36.5,0.67,0.0
2020-11-18 22:45:00,23.3,24.8,0.24,24.4,36.5,0.67,0.0
2020-11-18 23:00:00,23.0,24.4,0.25,24.4,36.5,0.67,0.0
2020-11-18 23:15:00,23.0,24.4,0.25,24.4,36.7,0.66,0.0
2020-11-18 23:30:00,23.0,24.6,0.25,24.4,36.5,0.67,0.0
2020-11-18 23:45:00,23.0,24.4,0.25,24.4,36.5,0.67,0.0
2020-11-19 00:00:00,23.0,24.6,0.25,24.4,36.7,0.66,0.0
2020-11-19 00:15:00,23.0,24.7,0.24,24.4,36.7,0.66,0.0
2020-11-19 00:30:00,23.0,24.5,0.25,24.4,36.7,0.66,0.0
2020-11-19 00:45:00,23.0,24.5,0.25,24.4,36.7,0.66,0.0
2020-11-19 01:00:00,22.8,24.7,0.24,24.4,36.7,0.66,0.0
2020-11-19 01:15:00,22.8,24.7,0.24,24.4,36.7,0.66,0.0
2020-11-19 01:30:00,22.8,24.5,0.25,24.4,36.7,0.66,0.0
2020-11-19 01:45:00,22.8,24.5,0.25,24.4,36.7,0.66,0.0
2020-11-19 02:00:00,22.8,24.5,0.25,24.4,36.7,0.66,0.0
2020-11-19 02:15:00,22.8,24.8,0.24,24.4,36.7,0.66,0.0
2020-11-19 02:30:00,22.8,24.8,0.24,24.4,36.7,0.66,0.0
2020-11-19 02:45:00,22.6,24.8,0.24,24.4,36.7,0.66,0.0
2020-11-19 03:00:00,22.6,24.5,0.25,24.4,36.7,0.66,0.0
2020-11-19 03:15:00,22.6,24.8,0.24,24.4,36.7,0.66,0.0
2020-11-19 03:30:00,22.6,24.8,0.24,24.4,36.7,0.66,0.0
2020-11-19 03:45:00,22.6,24.8,0.24,24.4,36.7,0.66,0.0
2020-11-19 04:00:00,22.6,24.6,0.24,24.4,36.7,0.66,0.0
2020-11-19 04:15:00,22.6,24.4,0.25,24.4,36.7,0.66,0.0
2020-11-19 04:30:00,22.4,24.2,0.25,24.4,36.7,0.66,0.0
2020-11-19 04:45:00,22.4,24.2,0.25,24.4,36.7,0.66,0.0
2020-11-19 05:00:00,22.4,24.3,0.25,24.4,36.7,0.66,0.0
2020-11-19 05:15:00,22.4,24.3,0.25,24.4,36.7,0.66,0.0
2020-11-19 05:30:00,22.1,24.3,0.25,24.4,36.7,0.66,0.0
2020-11-19 05:45:00,22.1,24.3,0.25,24.4,36.7,0.66,0.0
2020-11-19 06:00:00,22.1,24.3,0.25,24.2,36.7,0.66,0.0
2020-11-19 06:15:00,22.1,24.3,0.25,24.2,36.7,0.66,0.0
2020-11-19 06:30:00,22.1,24.3,0.25,24.2,36.7,0.66,0.0
2020-11-19 06:45:00,21.9,24.4,0.24,24.2,36.7,0.66,0.0
2020-11-19 07:00:00,21.9,24.4,0.24,24.4,36.7,0.66,0.0
2020-11-19 07:15:00,21.9,24.4,0.24,24.2,36.7,0.66,0.0
2020-11-19 07:30:00,21.9,24.4,0.24,24.2,36.7,0.66,0.0
2020-11-19 07:45:00,21.9,24.4,0.24,24.2,36.7,0.66,0.0
2020-11-19 08:00:00,21.9,24.4,0.24,24.2,36.7,0.66,0.0
2020-11-19 08:15:00,22.1,24.7,0.24,24.2,36.7,0.66,0.0
2020-11-19 08:30:00,22.1,24.7,0.24,24.2,36.7,0.66,0.0
2020-11-19 08:45:00,22.1,24.3,0.25,24.2,36.7,0.66,0.0
2020-11-19 09:00:00,22.4,24.3,0.25,24.2,36.9,0.65,0.0
2020-11-19 09:15:00,22.4,24.3,0.25,24.2,36.9,0.65,0.0
2020-11-19 09:30:00,22.6,24.3,0.25,24.2,36.9,0.65,0.0
2020-11-19 09:45:00,22.8,24.3,0.24,24.2,36.2,0.66,0.0
2020-11-19 10:00:00,22.8,24.3,0.24,24.2,36.2,0.66,0.0
2020-11-19 10:15:00,23.0,24.3,0.24,24.2,36.9,0.65,0.0
2020-11-19 10:30:00,23.3,24.3,0.24,24.2,36.2,0.66,0.0
2020-11-19 10:45:00,23.3,24.5,0.24,24.2,36.2,0.66,0.0
2020-11-19 11:00:00,23.5,24.1,0.25,24.2,36.9,0.65,0.0
2020-11-19 11:15:00,23.7,24.1,0.25,24.2,36.2,0.66,0.0
2020-11-19 11:30:00,23.7,24.1,0.25,24.2,36.2,0.66,0.0
2020-11-19 11:45:00,23.9,24.0,0.25,24.2,36.2,0.66,0.0
2020-11-19 12:00:00,24.2,24.1,0.24,24.2,36.2,0.66,0.0
2020-11-19 12:15:00,24.4,24.1,0.24,24.2,36.2,0.66,0.0
2020-11-19 12:30:00,24.4,24.1,0.24,24.2,36.2,0.66,0.0
2020-11-19 12:45:00,24.7,23.8,0.24,24.2,36.2,0.66,0.0
2020-11-19 13:00:00,24.7,23.8,0.24,24.2,36.2,0.66,0.0
2020-11-19 13:15:00,24.9,24.1,0.24,24.2,36.2,0.66,0.0
2020-11-19 13:30:00,24.9,23.7,0.25,24.2,36.2,0.66,0.0
2020-11-19 13:45:00,25.1,23.8,0.24,24.2,36.2,0.66,0.0
2020-11-19 14:00:00,25.4,23.8,0.24,24.2,36.2,0.66,0.0
2020-11-19 14:15:00,25.4,24.0,0.24,24.2,36.2,0.66,0.0
2020-11-19 14:30:00,25.6,23.8,0.24,24.2,36.2,0.66,0.0
2020-11-19 14:45:00,25.9,23.8,0.24,24.2,36.2,0.66,0.0
2020-11-19 15:00:00,25.6,23.8,0.24,24.2,36.2,0.66,0.0
2020-11-19 15:15:00,25.6,23.5,0.24,24.2,36.2,0.66,0.0
2020-11-19 15:30:00,25.6,23.5,0.24,24.2,36.2,0.66,0.0
2020-11-19 15:45:00,25.4,23.5,0.24,23.3,35.0,0.68,0.0
2020-11-19 16:00:00,25.4,23.6,0.24,24.2,36.2,0.66,0.0
2020-11-19 16:15:00,25.1,23.7,0.23,24.2,36.2,0.66,0.0
2020-11-19 16:30:00,24.9,23.3,0.24,24.2,36.2,0.66,0.0
2020-11-19 16:45:00,24.9,23.4,0.24,24.2,36.2,0.66,0.0
2020-11-19 17:00:00,24.7,23.4,0.24,24.2,36.2,0.66,0.0
2020-11-19 17:15:00,24.7,23.4,0.24,24.2,36.2,0.66,0.0
2020-11-19 17:30:00,24.4,23.5,0.23,24.2,36.2,0.66,0.0
2020-11-19 17:45:00,24.4,23.5,0.23,24.2,36.2,0.66,0.0
2020-11-19 18:00:00,24.2,23.3,0.24,24.2,36.2,0.66,0.0
2020-11-19 18:15:00,23.9,23.3,0.24,24.2,36.2,0.66,0.0
2020-11-19 18:30:00,23.9,23.2,0.24,24.2,36.2,0.66,0.0
2020-11-19 18:45:00,23.7,23.1,0.23,24.2,36.2,0.66,0.0
2020-11-19 19:00:00,23.7,23.1,0.23,24.2,36.2,0.66,0.0
2020-11-19 19:15:00,23.5,23.1,0.23,24.4,36.2,0.66,0.0
2020-11-19 19:30:00,23.5,22.7,0.24,24.4,36.2,0.66,0.0
2020-11-19 19:45:00,23.3,23.3,0.23,24.4,36.2,0.66,0.0
2020-11-19 20:00:00,23.3,22.8,0.24,24.4,36.4,0.65,0.0
2020-11-19 20:15:00,23.3,22.8,0.24,24.4,36.4,0.65,0.0
2020-11-19 20:30:00,23.0,22.8,0.24,24.4,36.4,0.65,0.0
2020-11-19 20:45:00,23.0,23.0,0.23,24.4,36.2,0.66,0.0
2020-11-19 21:00:00,22.8,23.0,0.23,24.4,36.4,0.65,0.0
2020-11-19 21:15:00,22.8,23.0,0.23,24.4,36.4,0.65,0.0
2020-11-19 21:30:00,22.8,23.0,0.23,24.4,36.8,0.65,0.0
2020-11-19 21:45:00,22.6,23.1,0.23,24.4,36.4,0.65,0.0
2020-11-19 22:00:00,22.6,23.1,0.23,24.4,36.2,0.66,0.0
2020-11-19 22:15:00,22.6,23.1,0.23,24.4,36.4,0.65,0.0
2020-11-19 22:30:00,22.4,23.1,0.23,24.4,36.4,0.65,0.0
2020-11-19 22:45:00,22.4,23.1,0.23,24.4,36.4,0.65,0.0
2020-11-19 23:00:00,22.1,22.7,0.24,24.4,36.4,0.65,0.0
2020-11-19 23:15:00,22.1,22.8,0.23,24.4,36.4,0.65,0.0
2020-11-19 23:30:00,22.1,22.8,0.23,24.4,36.4,0.65,0.0
2020-11-19 23:45:00,22.1,22.8,0.23,24.4,36.4,0.65,0.0
2020-11-20 00:00:00,21.9,22.8,0.23,24.4,36.4,0.65,0.0
2020-11-20 00:15:00,21.9,22.8,0.23,24.4,36.4,0.65,0.0
2020-11-20 00:30:00,21.9,22.8,0.23,24.4,36.4,0.65,0.0
2020-11-20 00:45:00,21.9,22.8,0.23,24.4,36.4,0.65,0.0
2020-11-20 01:00:00,21.9,22.8,0.23,24.4,36.4,0.65,0.0
2020-11-20 01:15:00,21.7,22.9,0.23,24.4,36.4,0.65,0.0
2020-11-20 01:30:00,21.7,22.9,0.23,24.4,36.4,0.65,0.0
2020-11-20 01:45:00,21.7,22.9,0.23,24.4,36.4,0.65,0.0
2020-11-20 02:00:00,21.5,22.9,0.23,24.4,36.8,0.65,0.0
2020-11-20 02:15:00,21.5,22.9,0.23,24.4,36.4,0.65,0.0
2020-11-20 02:30:00,21.5,22.9,0.23,24.4,36.8,0.65,0.0
2020-11-20 02:45:00,21.5,22.9,0.23,24.4,36.4,0.65,0.0
2020-11-20 03:00:00,21.5,22.9,0.23,24.2,36.8,0.65,0.0
2020-11-20 03:15:00,21.5,22.9,0.23,24.2,36.4,0.65,0.0
2020-11-20 03:30:00,21.5,22.9,0.23,24.2,36.4,0.65,0.0
2020-11-20 03:45:00,21.5,22.9,0.23,24.2,36.4,0.65,0.0
2020-11-20 04:00:00,21.5,22.9,0.23,24.2,36.4,0.65,0.0
2020-11-20 04:15:00,21.3,22.9,0.23,24.2,36.8,0.65,0.0
2020-11-20 04:30:00,21.3,22.9,0.23,24.2,36.4,0.65,0.0
2020-11-20 04:45:00,21.3,22.9,0.23,24.2,36.8,0.65,0.0
2020-11-20 05:00:00,21.3,23.0,0.23,24.2,36.4,0.65,0.0
2020-11-20 05:15:00,21.3,23.0,0.23,24.2,36.4,0.65,0.0
2020-11-20 05:30:00,21.3,23.0,0.23,24.2,36.4,0.65,0.0
2020-11-20 05:45:00,21.3,23.0,0.23,24.2,36.4,0.65,0.0
2020-11-20 06:00:00,21.3,23.0,0.23,24.2,36.4,0.65,0.0
2020-11-20 06:15:00,21.1,23.0,0.23,24.2,36.4,0.65,0.0
2020-11-20 06:30:00,21.1,22.6,0.23,24.2,36.4,0.65,0.0
2020-11-20 06:45:00,21.1,22.6,0.23,24.2,36.4,0.65,0.0
2020-11-20 07:00:00,21.1,22.4,0.24,24.2,36.4,0.65,0.0
2020-11-20 07:15:00,20.9,22.4,0.24,24.2,36.4,0.65,0.0
2020-11-20 07:30:00,20.9,22.4,0.24,24.2,36.4,0.65,0.0
2020-11-20 07:45:00,20.9,22.6,0.23,24.2,36.4,0.65,0.0
2020-11-20 08:00:00,21.1,22.6,0.23,24.2,36.4,0.65,0.0
2020-11-20 08:15:00,21.1,22.6,0.23,24.2,36.4,0.65,0.0
2020-11-20 08:30:00,21.1,22.6,0.23,24.2,36.4,0.65,0.0
2020-11-20 08:45:00,21.3,22.6,0.23,22.8,34.5,0.68,0.0
2020-11-20 09:00:00,21.5,22.9,0.23,24.2,36.4,0.65,0.0
2020-11-20 09:15:00,21.7,22.9,0.23,24.2,36.4,0.65,0.0
2020-11-20 09:30:00,21.9,22.9,0.23,24.2,36.4,0.65,0.0
2020-11-20 09:45:00,22.1,22.8,0.23,23.9,36.4,0.65,0.0
2020-11-20 10:00:00,22.1,23.0,0.23,23.9,36.4,0.65,0.0
2020-11-20 10:15:00,22.4,23.0,0.23,23.9,36.4,0.65,0.0
2020-11-20 10:30:00,22.6,23.0,0.23,23.9,36.4,0.65,0.0
2020-11-20 10:45:00,22.8,23.0,0.23,23.9,36.4,0.65,0.0
2020-11-20 11:00:00,23.0,22.9,0.23,23.9,36.4,0.65,0.0
2020-11-20 11:15:00,23.3,22.9,0.23,23.9,36.4,0.66,0.0
2020-11-20 11:30:00,23.5,22.9,0.23,23.9,36.4,0.66,0.0
2020-11-20 11:45:00,23.7,22.9,0.23,23.9,36.4,0.66,0.0
2020-11-20 12:00:00,23.9,22.5,0.24,23.9,36.4,0.66,0.0
2020-11-20 12:15:00,24.2,22.8,0.23,23.9,36.4,0.66,0.0
2020-11-20 12:30:00,24.4,22.8,0.23,23.9,36.4,0.66,0.0
2020-11-20 12:45:00,24.7,22.8,0.23,23.9,36.4,0.66,0.0
2020-11-20 13:00:00,24.7,22.8,0.23,23.9,36.4,0.66,0.0
2020-11-20 13:15:00,24.9,23.0,0.23,23.9,36.6,0.64,0.0
2020-11-20 13:30:00,25.1,23.0,0.23,23.9,36.6,0.64,0.0
2020-11-20 13:45:00,25.4,23.0,0.23,23.9,36.6,0.64,0.0
2020-11-20 14:00:00,25.6,22.6,0.23,23.9,36.6,0.64,0.0
2020-11-20 14:15:00,25.9,22.9,0.23,23.9,35.9,0.66,0.0
2020-11-20 14:30:00,26.4,22.9,0.23,23.9,36.4,0.66,0.0
2020-11-20 14:45:00,26.4,22.9,0.23,23.9,36.4,0.66,0.0
2020-11-20 15:00:00,26.4,22.4,0.24,23.9,36.6,0.64,0.0
2020-11-20 15:15:00,26.2,22.6,0.23,23.9,36.4,0.66,0.0
2020-11-20 15:30:00,25.9,22.6,0.23,23.9,36.4,0.66,0.0
2020-11-20 15:45:00,25.9,22.6,0.23,23.9,36.4,0.66,0.0
2020-11-20 16:00:00,25.6,22.6,0.23,23.9,35.9,0.66,0.0
2020-11-20 16:15:00,25.6,22.7,0.23,23.9,36.4,0.66,0.0
2020-11-20 16:30:00,25.4,22.5,0.23,23.9,36.4,0.66,0.0
2020-11-20 16:45:00,25.1,22.6,0.23,23.9,36.4,0.66,0.0
2020-11-20 17:00:00,24.9,22.6,0.23,23.9,36.4,0.65,0.0
2020-11-20 17:15:00,24.7,22.3,0.23,23.9,36.4,0.65,0.0
2020-11-20 17:30:00,24.7,22.3,0.23,23.9,36.4,0.65,0.0
2020-11-20 17:45:00,24.4,22.3,0.23,24.2,36.4,0.65,0.0
2020-11-20 18:00:00,24.2,22.4,0.23,24.2,36.4,0.65,0.0
2020-11-20 18:15:00,24.2,22.4,0.23,24.2,36.8,0.65,0.0
2020-11-20 18:30:00,23.9,22.6,0.22,24.2,36.4,0.65,0.0
2020-11-20 18:45:00,23.7,22.5,0.22,24.2,36.8,0.65,0.0
2020-11-20 19:00:00,23.7,21.9,0.23,24.2,36.4,0.65,0.0
2020-11-20 19:15:00,23.5,22.0,0.23,24.2,36.4,0.65,0.0
2020-11-20 19:30:00,23.3,22.2,0.23,24.2,36.4,0.65,0.0
2020-11-20 19:45:00,23.3,22.2,0.23,24.2,36.4,0.65,0.0
2020-11-20 20:00:00,23.0,22.1,0.23,24.2,36.4,0.65,0.0
2020-11-20 20:15:00,23.0,22.1,0.23,24.2,36.4,0.65,0.0
2020-11-20 20:30:00,22.8,22.1,0.23,24.2,36.4,0.65,0.0
2020-11-20 20:45:00,22.8,21.7,0.23,24.2,36.4,0.65,0.0
2020-11-20 21:00:00,22.6,21.8,0.23,24.2,36.4,0.65,0.0
2020-11-20 21:15:00,22.6,21.8,0.23,24.2,36.4,0.65,0.0
2020-11-20 21:30:00,22.4,21.8,0.23,24.2,36.4,0.65,0.0
2020-11-20 21:45:00,22.4,21.8,0.23,24.2,36.4,0.65,0.0
2020-11-20 22:00:00,22.1,22.0,0.23,24.2,36.4,0.65,0.0
2020-11-20 22:15:00,22.1,22.0,0.23,24.2,36.4,0.65,0.0
2020-11-20 22:30:00,21.9,22.0,0.23,24.2,36.4,0.65,0.0
2020-11-20 22:45:00,21.9,22.0,0.23,24.2,36.1,0.66,0.0
2020-11-20 23:00:00,21.9,22.1,0.22,24.2,36.4,0.65,0.0
2020-11-20 23:15:00,21.7,21.7,0.23,24.2,36.4,0.65,0.0
2020-11-20 23:30:00,21.7,21.7,0.23,24.2,36.4,0.65,0.0
2020-11-20 23:45:00,21.7,21.7,0.23,24.2,36.4,0.65,0.0
2020-11-21 00:00:00,21.5,21.7,0.23,24.2,36.8,0.65,0.0
2020-11-21 00:15:00,21.5,21.8,0.22,24.2,36.4,0.65,0.0
2020-11-21 00:30:00,21.3,21.8,0.23,24.2,36.4,0.65,0.0
2020-11-21 00:45:00,21.3,21.8,0.23,24.2,36.4,0.65,0.0
2020-11-21 01:00:00,21.3,21.8,0.23,24.2,36.4,0.65,0.0
2020-11-21 01:15:00,21.3,21.8,0.23,24.2,36.4,0.65,0.0
2020-11-21 01:30:00,21.1,21.9,0.22,24.2,36.4,0.65,0.0
2020-11-21 01:45:00,21.1,21.9,0.22,24.2,36.4,0.65,0.0
2020-11-21 02:00:00,20.9,21.9,0.22,24.2,36.4,0.65,0.0
2020-11-21 02:15:00,20.9,21.9,0.22,24.2,36.8,0.65,0.0
2020-11-21 02:30:00,20.9,21.5,0.23,24.2,36.4,0.65,0.0
2020-11-21 02:45:00,20.9,21.9,0.22,24.2,36.8,0.65,0.0
2020-11-21 03:00:00,20.9,21.5,0.23,24.2,36.4,0.65,0.0
2020-11-21 03:15:00,20.7,21.5,0.23,24.2,36.8,0.65,0.0
2020-11-21 03:30:00,20.7,21.5,0.23,24.2,36.4,0.65,0.0
2020-11-21 03:45:00,20.7,21.6,0.22,24.2,36.4,0.65,0.0
2020-11-21 04:00:00,20.7,21.6,0.22,24.2,36.4,0.65,0.0
2020-11-21 04:15:00,20.5,21.6,0.23,24.2,36.1,0.66,0.0
2020-11-21 04:30:00,20.5,21.6,0.23,24.2,36.4,0.65,0.0
2020-11-21 04:45:00,20.5,21.6,0.23,24.2,36.4,0.65,0.0
2020-11-21 05:00:00,20.5,21.6,0.23,24.2,36.4,0.65,0.0
2020-11-21 05:15:00,20.3,21.4,0.23,24.2,35.7,0.67,0.0
2020-11-21 05:30:00,20.3,21.4,0.23,24.2,36.4,0.65,0.0
2020-11-21 05:45:00,20.1,21.5,0.22,24.2,36.4,0.65,0.0
2020-11-21 06:00:00,20.1,21.5,0.22,24.2,36.4,0.65,0.0
2020-11-21 06:15:00,20.1,21.5,0.22,24.2,35.9,0.66,0.0
2020-11-21 06:30:00,19.9,21.5,0.22,24.2,36.4,0.65,0.0
2020-11-21 06:45:00,19.9,21.5,0.22,23.9,36.6,0.64,0.0
2020-11-21 07:00:00,19.9,21.5,0.22,23.9,36.4,0.65,0.0
2020-11-21 07:15:00,19.9,21.5,0.22,23.9,35.9,0.66,0.0
2020-11-21 07:30:00,19.9,21.6,0.22,23.9,36.6,0.64,0.0
2020-11-21 07:45:00,19.9,21.6,0.22,23.9,36.6,0.64,0.0
2020-11-21 08:00:00,19.9,21.5,0.22,23.9,35.9,0.66,0.0
2020-11-21 08:15:00,20.1,21.5,0.22,23.9,35.7,0.67,0.0
2020-11-21 08:30:00,20.1,21.5,0.22,23.9,35.9,0.66,0.0
2020-11-21 08:45:00,20.3,21.4,0.23,23.9,36.6,0.64,0.0
2020-11-21 09:00:00,20.5,21.6,0.23,23.9,35.9,0.66,0.0
2020-11-21 09:15:00,20.7,21.6,0.23,23.9,35.9,0.66,0.0
2020-11-21 09:30:00,20.9,21.6,0.22,23.9,35.9,0.66,0.0
2020-11-21 09:45:00,21.3,21.7,0.23,23.9,35.9,0.66,0.0
2020-11-21 10:00:00,21.5,21.5,0.23,23.9,35.9,0.66,0.0
2020-11-21 10:15:00,21.7,21.8,0.22,23.9,35.9,0.66,0.0
2020-11-21 10:30:00,21.9,21.6,0.23,23.9,35.9,0.66,0.0
2020-11-21 10:45:00,22.1,21.6,0.23,23.9,35.9,0.66,0.0
2020-11-21 11:00:00,22.4,21.6,0.23,23.9,35.9,0.66,0.0
2020-11-21 11:15:00,22.6,21.5,0.23,23.9,35.9,0.66,0.0
2020-11-21 11:30:00,22.8,21.5,0.23,23.9,35.9,0.66,0.0
2020-11-21 11:45:00,23.0,21.5,0.23,23.9,35.9,0.66,0.0
2020-11-21 12:00:00,23.3,21.5,0.23,23.9,35.9,0.66,0.0
2020-11-21 12:15:00,23.3,21.8,0.23,23.7,35.9,0.66,0.0
2020-11-21 12:30:00,23.5,21.8,0.23,23.7,35.9,0.66,0.0
2020-11-21 12:45:00,23.5,21.8,0.23,23.7,36.3,0.65,0.0
2020-11-21 13:00:00,23.7,21.8,0.23,23.7,35.9,0.66,0.0
2020-11-21 13:15:00,23.9,21.3,0.23,23.7,35.9,0.66,0.0
2020-11-21 13:30:00,24.2,21.8,0.22,23.7,36.1,0.65,0.0
2020-11-21 13:45:00,24.4,21.6,0.23,23.7,35.9,0.66,0.0
2020-11-21 14:00:00,24.7,21.6,0.23,23.7,35.9,0.66,0.0
2020-11-21 14:15:00,24.9,21.6,0.23,23.7,35.9,0.66,0.0
2020-11-21 14:30:00,25.4,21.5,0.23,23.7,35.9,0.66,0.0
2020-11-21 14:45:00,25.4,21.5,0.23,23.7,35.9,0.66,0.0
2020-11-21 15:00:00,25.1,21.6,0.22,23.7,35.9,0.66,0.0
2020-11-21 15:15:00,24.9,21.8,0.22,23.7,35.9,0.66,0.0
2020-11-21 15:30:00,24.9,21.8,0.22,23.9,35.9,0.66,0.0
2020-11-21 15:45:00,24.9,21.8,0.22,23.9,35.9,0.66,0.0
2020-11-21 16:00:00,24.7,21.8,0.22,23.9,35.9,0.66,0.0
2020-11-21 16:15:00,24.4,21.5,0.22,23.9,35.9,0.66,0.0
2020-11-21 16:30:00,24.2,21.5,0.22,23.9,35.9,0.66,0.0
2020-11-21 16:45:00,24.2,21.6,0.22,23.9,35.9,0.66,0.0
2020-11-21 17:00:00,23.9,21.6,0.22,23.9,35.9,0.66,0.0
2020-11-21 17:15:00,23.7,21.7,0.22,23.9,35.9,0.66,0.0
2020-11-21 17:30:00,23.5,21.3,0.22,23.9,35.9,0.66,0.0
2020-11-21 17:45:00,23.5,21.4,0.22,23.9,36.3,0.65,0.0
2020-11-21 18:00:00,23.3,21.4,0.22,23.9,35.9,0.66,0.0
2020-11-21 18:15:00,23.3,21.4,0.22,23.9,35.9,0.66,0.0
2020-11-21 18:30:00,23.0,21.4,0.22,23.9,36.3,0.65,0.0
2020-11-21 18:45:00,23.0,21.6,0.22,23.9,35.9,0.66,0.0
2020-11-21 19:00:00,22.8,21.1,0.22,23.9,35.9,0.66,0.0
2020-11-21 19:15:00,22.8,21.1,0.22,23.9,35.9,0.66,0.0
2020-11-21 19:30:00,22.6,21.0,0.22,23.9,35.9,0.66,0.0
2020-11-21 19:45:00,22.6,21.0,0.22,23.9,35.9,0.66,0.0
2020-11-21 20:00:00,22.4,21.3,0.22,23.9,36.3,0.65,0.0
2020-11-21 20:15:00,22.1,21.0,0.22,23.9,36.3,0.65,0.0
2020-11-21 20:30:00,22.1,21.2,0.22,23.9,36.3,0.65,0.0
2020-11-21 20:45:00,22.1,21.2,0.22,23.9,35.9,0.66,0.0
2020-11-21 21:00:00,21.9,21.2,0.22,24.2,35.9,0.66,0.0
2020-11-21 21:15:00,21.9,20.9,0.22,24.2,36.3,0.65,0.0
2020-11-21 21:30:00,21.7,20.9,0.22,24.2,35.9,0.66,0.0
2020-11-21 21:45:00,21.7,20.9,0.22,24.2,36.3,0.65,0.0
2020-11-21 22:00:00,21.5,20.9,0.22,24.2,36.3,0.65,0.0
2020-11-21 22:15:00,21.5,21.0,0.22,23.9,36.3,0.65,0.0
2020-11-21 22:30:00,21.5,21.0,0.22,24.2,36.3,0.65,0.0
2020-11-21 22:45:00,21.3,21.0,0.22,24.2,36.3,0.65,0.0
2020-11-21 23:00:00,21.3,21.0,0.22,24.2,35.9,0.66,0.0
2020-11-21 23:15:00,21.1,21.1,0.21,24.2,35.9,0.66,0.0
2020-11-21 23:30:00,21.1,20.7,0.22,23.9,36.3,0.65,0.0
2020-11-21 23:45:00,21.1,20.7,0.22,24.2,35.9,0.66,0.0
2020-11-22 00:00:00,20.9,20.7,0.22,24.2,36.3,0.65,0.0
2020-11-22 00:15:00,20.9,20.7,0.22,24.2,36.3,0.65,0.0
2020-11-22 00:30:00,20.7,20.7,0.22,23.9,36.3,0.65,0.0
2020-11-22 00:45:00,20.7,20.8,0.22,24.2,36.3,0.65,0.0
2020-11-22 01:00:00,20.7,20.8,0.22,24.2,36.1,0.65,0.0
2020-11-22 01:15:00,20.5,20.8,0.22,23.9,35.9,0.66,0.0
2020-11-22 01:30:00,20.5,20.4,0.22,23.9,36.3,0.65,0.0
2020-11-22 01:45:00,20.3,20.5,0.22,23.9,36.3,0.65,0.0
2020-11-22 02:00:00,20.3,20.5,0.22,23.9,35.9,0.66,0.0
2020-11-22 02:15:00,20.3,20.5,0.22,24.2,36.5,0.64,0.0
2020-11-22 02:30:00,20.1,20.3,0.22,23.9,36.3,0.65,0.0
2020-11-22 02:45:00,20.1,20.3,0.22,23.9,36.3,0.65,0.0
2020-11-22 03:00:00,19.9,20.3,0.22,23.9,36.5,0.64,0.0
2020-11-22 03:15:00,19.9,20.4,0.22,23.9,36.1,0.65,0.0
2020-11-22 03:30:00,19.9,20.4,0.22,23.9,36.5,0.64,0.0
2020-11-22 03:45:00,19.7,20.4,0.22,23.9,36.5,0.64,0.0
2020-11-22 04:00:00,19.7,20.6,0.22,23.9,36.1,0.65,0.0
2020-11-22 04:15:00,19.5,20.4,0.22,23.9,36.5,0.64,0.0
2020-11-22 04:30:00,19.5,20.6,0.22,23.9,36.5,0.64,0.0
2020-11-22 04:45:00,19.3,20.1,0.22,23.9,36.1,0.65,0.0
2020-11-22 05:00:00,19.3,20.1,0.22,23.9,36.1,0.65,0.0
2020-11-22 05:15:00,19.1,20.1,0.22,23.9,36.5,0.64,0.0
2020-11-22 05:30:00,19.1,20.3,0.22,23.9,36.1,0.65,0.0
2020-11-22 05:45:00,19.1,20.3,0.22,23.9,36.5,0.64,0.0
2020-11-22 06:00:00,18.9,20.3,0.22,23.9,36.5,0.64,0.0
2020-11-22 06:15:00,18.9,20.3,0.22,23.9,36.1,0.65,0.0
2020-11-22 06:30:00,18.8,20.4,0.21,23.9,36.1,0.65,0.0
2020-11-22 06:45:00,18.8,20.4,0.22,23.9,36.1,0.65,0.0
2020-11-22 07:00:00,18.8,20.4,0.22,23.9,36.5,0.64,0.0
2020-11-22 07:15:00,18.6,20.4,0.22,23.9,36.1,0.65,0.0
2020-11-22 07:30:00,18.6,20.4,0.22,23.9,36.1,0.65,0.0
2020-11-22 07:45:00,18.8,20.4,0.22,23.7,36.5,0.64,0.0
2020-11-22 08:00:00,18.8,20.4,0.22,23.7,36.1,0.65,0.0
2020-11-22 08:15:00,18.8,20.4,0.22,23.7,36.5,0.64,0.0
2020-11-22 08:30:00,18.9,20.3,0.22,23.7,36.1,0.65,0.0
2020-11-22 08:45:00,19.1,20.3,0.22,23.3,35.0,0.66,0.0
2020-11-22 09:00:00,19.3,20.3,0.22,23.7,36.4,0.64,0.0
2020-11-22 09:15:00,19.5,20.5,0.22,23.7,36.4,0.64,0.0
2020-11-22 09:30:00,19.7,20.4,0.22,23.7,36.1,0.65,0.0
2020-11-22 09:45:00,19.9,20.4,0.22,23.7,36.1,0.65,0.0
2020-11-22 10:00:00,20.3,20.4,0.22,23.7,36.1,0.65,0.0
2020-11-22 10:15:00,20.5,20.3,0.22,23.7,36.4,0.64,0.0
2020-11-22 10:30:00,20.7,20.5,0.22,23.7,36.1,0.65,0.0
2020-11-22 10:45:00,20.9,20.5,0.22,23.7,36.1,0.65,0.0
2020-11-22 11:00:00,21.1,20.5,0.22,23.7,36.1,0.65,0.0
2020-11-22 11:15:00,21.3,20.4,0.22,23.7,36.1,0.65,0.0
2020-11-22 11:30:00,21.7,20.4,0.22,23.7,36.1,0.65,0.0
2020-11-22 11:45:00,21.9,20.6,0.22,23.7,36.1,0.65,0.0
2020-11-22 12:00:00,22.1,20.6,0.22,23.5,36.1,0.65,0.0
2020-11-22 12:15:00,22.4,20.6,0.22,23.5,36.1,0.65,0.0
2020-11-22 12:30:00,22.6,20.5,0.22,23.5,36.1,0.65,0.0
2020-11-22 12:45:00,22.6,20.5,0.22,23.5,36.1,0.65,0.0
2020-11-22 13:00:00,22.8,20.5,0.22,23.5,36.3,0.64,0.0
2020-11-22 13:15:00,23.0,20.3,0.22,23.5,36.3,0.64,0.0
2020-11-22 13:30:00,23.3,20.3,0.22,23.5,36.3,0.64,0.0
2020-11-22 13:45:00,23.5,20.3,0.22,23.5,36.3,0.64,0.0
2020-11-22 14:00:00,23.5,20.3,0.22,23.5,36.3,0.64,0.0
2020-11-22 14:15:00,23.7,20.3,0.22,23.5,35.6,0.65,0.0
2020-11-22 14:30:00,23.9,20.3,0.22,23.5,35.6,0.65,0.0
2020-11-22 14:45:00,23.9,20.3,0.22,23.5,35.6,0.65,0.0
2020-11-22 15:00:00,23.9,20.5,0.22,23.5,36.3,0.64,0.0
2020-11-22 15:15:00,23.7,20.5,0.22,23.5,36.0,0.65,0.0
2020-11-22 15:30:00,23.7,20.5,0.22,23.5,35.6,0.65,0.0
2020-11-22 15:45:00,23.7,20.0,0.22,23.5,35.6,0.65,0.0
2020-11-22 16:00:00,23.7,20.2,0.22,23.5,35.6,0.65,0.0
2020-11-22 16:15:00,23.5,20.2,0.22,23.5,35.6,0.65,0.0
2020-11-22 16:30:00,23.5,20.2,0.22,23.5,35.6,0.65,0.0
2020-11-22 16:45:00,23.3,20.3,0.21,23.5,35.6,0.65,0.0
2020-11-22 17:00:00,23.0,20.3,0.22,23.7,35.6,0.65,0.0
2020-11-22 17:15:00,23.0,20.0,0.22,23.5,35.6,0.65,0.0
2020-11-22 17:30:00,22.8,20.0,0.22,23.7,35.6,0.65,0.0
2020-11-22 17:45:00,22.6,20.0,0.22,23.7,36.0,0.65,0.0
2020-11-22 18:00:00,22.6,20.2,0.21,23.7,35.6,0.65,0.0
2020-11-22 18:15:00,22.4,20.2,0.21,23.7,36.0,0.65,0.0
2020-11-22 18:30:00,22.4,20.2,0.21,23.7,36.0,0.65,0.0
2020-11-22 18:45:00,22.1,19.9,0.22,23.7,35.6,0.65,0.0
2020-11-22 19:00:00,21.9,19.9,0.22,23.7,36.0,0.65,0.0
2020-11-22 19:15:00,21.9,19.9,0.22,23.7,36.0,0.65,0.0
2020-11-22 19:30:00,21.7,20.0,0.21,23.7,36.0,0.65,0.0
2020-11-22 19:45:00,21.7,20.0,0.21,23.7,36.0,0.65,0.0
2020-11-22 20:00:00,21.5,20.0,0.21,23.7,35.6,0.65,0.0
2020-11-22 20:15:00,21.3,20.2,0.21,23.7,35.6,0.65,0.0
2020-11-22 20:30:00,21.3,20.2,0.21,23.7,35.6,0.65,0.0
2020-11-22 20:45:00,21.1,19.7,0.22,23.7,36.0,0.65,0.0
2020-11-22 21:00:00,21.1,19.9,0.21,23.7,36.0,0.65,0.0
2020-11-22 21:15:00,20.9,19.9,0.21,23.7,36.0,0.65,0.0
2020-11-22 21:30:00,20.9,19.6,0.22,23.7,35.6,0.65,0.0
2020-11-22 21:45:00,20.7,20.0,0.21,23.7,36.0,0.65,0.0
2020-11-22 22:00:00,20.7,19.8,0.21,23.7,36.0,0.65,0.0
2020-11-22 22:15:00,20.5,19.8,0.21,23.7,36.0,0.65,0.0
2020-11-22 22:30:00,20.5,19.5,0.21,23.7,36.0,0.65,0.0
2020-11-22 22:45:00,20.3,19.9,0.21,23.7,36.0,0.65,0.0
2020-11-22 23:00:00,20.3,19.9,0.21,23.7,36.0,0.65,0.0
2020-11-22 23:15:00,20.1,19.5,0.21,23.7,36.0,0.65,0.0
2020-11-22 23:30:00,20.1,19.5,0.21,23.7,35.6,0.65,0.0
2020-11-22 23:45:00,19.9,19.5,0.22,23.7,36.0,0.65,0.0
2020-11-23 00:00:00,19.9,19.6,0.21,23.7,36.0,0.65,0.0
2020-11-23 00:15:00,19.7,19.6,0.21,23.7,36.0,0.65,0.0
2020-11-23 00:30:00,19.7,19.6,0.21,23.7,36.0,0.65,0.0
2020-11-23 00:45:00,19.5,19.8,0.21,23.7,36.0,0.65,0.0
2020-11-23 01:00:00,19.5,19.3,0.21,23.7,36.0,0.65,0.0
2020-11-23 01:15:00,19.5,19.3,0.21,23.7,36.0,0.65,0.0
2020-11-23 01:30:00,19.5,19.3,0.21,23.7,36.0,0.65,0.0
2020-11-23 01:45:00,19.3,19.3,0.21,23.7,36.0,0.65,0.0
2020-11-23 02:00:00,19.3,19.3,0.21,23.7,36.0,0.65,0.0
2020-11-23 02:15:00,19.3,19.5,0.21,23.7,36.0,0.65,0.0
2020-11-23 02:30:00,19.1,19.5,0.21,23.7,36.0,0.65,0.0
2020-11-23 02:45:00,19.1,19.5,0.21,23.7,35.6,0.65,0.0
2020-11-23 03:00:00,19.1,19.5,0.21,23.7,35.6,0.65,0.0
2020-11-23 03:15:00,19.1,19.5,0.21,23.7,36.0,0.65,0.0
2020-11-23 03:30:00,18.9,19.5,0.21,23.7,36.0,0.65,0.0
2020-11-23 03:45:00,18.9,19.6,0.21,23.7,36.0,0.65,0.0
2020-11-23 04:00:00,18.9,19.6,0.21,23.7,36.0,0.65,0.0
2020-11-23 04:15:00,18.9,19.6,0.21,23.7,36.0,0.65,0.0
2020-11-23 04:30:00,18.8,19.2,0.21,23.7,35.6,0.65,0.0
2020-11-23 04:45:00,18.8,19.2,0.21,23.7,36.0,0.65,0.0
2020-11-23 05:00:00,18.8,19.2,0.21,23.5,36.2,0.64,0.0
2020-11-23 05:15:00,18.8,19.2,0.21,23.5,36.2,0.64,0.0
2020-11-23 05:30:00,18.8,19.2,0.21,23.5,35.6,0.65,0.0
2020-11-23 05:45:00,18.6,19.3,0.21,23.5,36.2,0.64,0.0
2020-11-23 06:00:00,18.6,19.3,0.21,23.5,35.8,0.64,0.0
2020-11-23 06:15:00,18.6,19.3,0.21,23.5,35.8,0.64,0.0
2020-11-23 06:30:00,18.6,19.3,0.21,23.5,35.8,0.64,0.0
2020-11-23 06:45:00,18.6,19.3,0.21,23.5,35.8,0.65,0.0
2020-11-23 07:00:00,18.6,19.5,0.21,23.5,36.1,0.64,0.0
2020-11-23 07:15:00,18.6,19.3,0.21,23.5,36.1,0.64,0.0
2020-11-23 07:30:00,18.6,19.3,0.21,23.5,36.1,0.64,0.0
2020-11-23 07:45:00,18.6,19.3,0.21,23.5,35.8,0.65,0.0
2020-11-23 08:00:00,18.8,19.3,0.21,23.5,36.1,0.64,0.0
2020-11-23 08:15:00,18.8,19.3,0.21,23.5,35.8,0.65,0.0
2020-11-23 08:30:00,18.9,19.3,0.21,23.5,36.1,0.64,0.0
2020-11-23 08:45:00,18.9,19.3,0.21,23.5,35.8,0.65,0.0
2020-11-23 09:00:00,18.9,19.3,0.21,23.5,35.8,0.65,0.0
2020-11-23 09:15:00,19.1,19.3,0.21,23.5,35.8,0.65,0.0
2020-11-23 09:30:00,19.3,19.2,0.21,23.5,36.1,0.64,0.0
2020-11-23 09:45:00,19.7,19.4,0.21,23.3,35.8,0.65,0.0
2020-11-23 10:00:00,19.9,19.2,0.21,23.3,35.8,0.65,0.0
2020-11-23 10:15:00,20.1,19.3,0.21,23.3,36.1,0.64,0.0
2020-11-23 10:30:00,20.3,19.3,0.21,23.3,35.8,0.65,0.0
2020-11-23 10:45:00,20.5,19.3,0.21,23.3,36.1,0.64,0.0
2020-11-23 11:00:00,20.7,19.6,0.21,23.3,35.8,0.65,0.0
2020-11-23 11:15:00,21.1,19.4,0.21,23.3,36.1,0.64,0.0
2020-11-23 11:30:00,21.5,19.4,0.21,23.3,35.8,0.65,0.0
2020-11-23 11:45:00,21.7,19.7,0.21,23.3,36.1,0.64,0.0
2020-11-23 12:00:00,22.1,19.5,0.21,23.3,35.8,0.65,0.0
2020-11-23 12:15:00,22.4,19.5,0.21,23.3,35.8,0.65,0.0
2020-11-23 12:30:00,22.6,19.5,0.21,23.3,35.8,0.65,0.0
2020-11-23 12:45:00,22.8,19.5,0.21,23.3,35.8,0.65,0.0
2020-11-23 13:00:00,22.8,19.5,0.21,23.3,35.8,0.65,0.0
2020-11-23 13:15:00,23.0,19.4,0.21,23.3,35.8,0.65,0.0
2020-11-23 13:30:00,23.3,19.4,0.21,23.3,35.8,0.65,0.0
2020-11-23 13:45:00,23.7,19.7,0.21,23.3,35.8,0.65,0.0
2020-11-23 14:00:00,23.9,19.7,0.21,23.3,35.8,0.65,0.0
2020-11-23 14:15:00,24.2,19.7,0.21,23.3,35.8,0.65,0.0
2020-11-23 14:30:00,24.4,19.2,0.21,23.3,35.8,0.65,0.0
2020-11-23 14:45:00,24.4,19.2,0.21,23.3,35.8,0.65,0.0
2020-11-23 15:00:00,24.2,19.2,0.21,23.3,36.3,0.63,0.0
2020-11-23 15:15:00,24.2,19.4,0.21,23.3,35.8,0.65,0.0
2020-11-23 15:30:00,23.9,19.4,0.21,23.3,35.8,0.65,0.0
2020-11-23 15:45:00,23.9,19.4,0.21,23.3,36.3,0.63,0.0
2020-11-23 16:00:00,23.9,19.4,0.21,23.3,36.3,0.63,0.0
2020-11-23 16:15:00,23.7,19.1,0.21,23.3,36.0,0.64,0.0
2020-11-23 16:30:00,23.7,19.1,0.21,23.3,36.0,0.64,0.0
2020-11-23 16:45:00,23.5,19.1,0.21,23.3,36.0,0.64,0.0
2020-11-23 17:00:00,23.5,19.2,0.21,23.3,36.0,0.64,0.0
2020-11-23 17:15:00,23.3,19.2,0.21,23.3,36.3,0.63,0.0
2020-11-23 17:30:00,23.3,19.4,0.2,23.3,36.3,0.63,0.0
2020-11-23 17:45:00,23.0,19.4,0.21,23.3,36.3,0.63,0.0
2020-11-23 18:00:00,23.0,19.4,0.21,23.3,36.3,0.63,0.0
2020-11-23 18:15:00,22.8,18.9,0.21,23.3,36.0,0.64,0.0
2020-11-23 18:30:00,22.6,19.1,0.21,23.3,36.1,0.64,0.0
2020-11-23 18:45:00,22.6,19.1,0.21,23.3,36.1,0.64,0.0
2020-11-23 19:00:00,22.4,19.2,0.2,23.3,36.1,0.64,0.0
2020-11-23 19:15:00,22.4,19.2,0.2,23.3,36.0,0.64,0.0
2020-11-23 19:30:00,22.1,19.2,0.2,23.3,36.3,0.63,0.0
2020-11-23 19:45:00,21.9,18.9,0.21,23.3,36.3,0.63,0.0
2020-11-23 20:00:00,21.9,18.9,0.21,23.5,36.3,0.63,0.0
2020-11-23 20:15:00,21.9,18.9,0.21,23.3,36.3,0.63,0.0
2020-11-23 20:30:00,21.7,19.1,0.2,23.5,36.0,0.64,0.0
2020-11-23 20:45:00,21.7,19.1,0.2,23.5,36.1,0.64,0.0
2020-11-23 21:00:00,21.5,19.1,0.2,23.5,36.3,0.63,0.0
2020-11-23 21:15:00,21.5,19.1,0.2,23.5,36.1,0.64,0.0
2020-11-23 21:30:00,21.3,19.2,0.2,23.5,36.1,0.64,0.0
2020-11-23 21:45:00,21.3,19.0,0.2,23.5,36.1,0.64,0.0
2020-11-23 22:00:00,21.3,18.5,0.21,23.5,35.5,0.65,0.0
2020-11-23 22:15:00,21.1,18.8,0.21,23.5,36.1,0.64,0.0
2020-11-23 22:30:00,21.1,18.5,0.21,23.5,35.8,0.65,0.0
2020-11-23 22:45:00,21.1,18.9,0.2,23.5,35.5,0.65,0.0
2020-11-23 23:00:00,21.1,18.9,0.2,23.5,36.1,0.64,0.0
2020-11-23 23:15:00,20.9,18.7,0.2,23.5,36.1,0.64,0.0
2020-11-23 23:30:00,20.9,18.9,0.2,23.5,36.1,0.64,0.0
2020-11-23 23:45:00,20.9,18.9,0.2,23.5,36.1,0.64,0.0
2020-11-24 00:00:00,20.9,18.8,0.2,23.5,36.1,0.64,0.0
2020-11-24 00:15:00,20.9,19.1,0.2,23.5,36.1,0.64,0.0
2020-11-24 00:30:00,20.9,19.1,0.2,23.5,36.1,0.64,0.0
2020-11-24 00:45:00,20.7,18.6,0.2,23.5,36.1,0.64,0.0
2020-11-24 01:00:00,20.7,18.6,0.2,23.5,36.1,0.64,0.0
2020-11-24 01:15:00,20.7,18.6,0.21,23.5,36.1,0.64,0.0
2020-11-24 01:30:00,20.7,18.6,0.21,23.5,35.7,0.64,0.0
2020-11-24 01:45:00,20.7,18.6,0.21,23.5,36.1,0.64,0.0
2020-11-24 02:00:00,20.7,18.6,0.21,23.5,35.7,0.64,0.0
2020-11-24 02:15:00,20.7,18.8,0.2,23.5,36.1,0.64,0.0
2020-11-24 02:30:00,20.7,18.8,0.2,23.5,36.1,0.64,0.0
2020-11-24 02:45:00,20.7,18.8,0.2,23.5,35.7,0.64,0.0
2020-11-24 03:00:00,20.5,18.8,0.2,23.5,36.1,0.64,0.0
2020-11-24 03:15:00,20.7,18.8,0.2,23.5,36.3,0.63,0.0
2020-11-24 03:30:00,20.5,18.8,0.2,23.5,36.3,0.63,0.0
2020-11-24 03:45:00,20.5,18.8,0.2,23.5,35.7,0.64,0.0
2020-11-24 04:00:00,20.5,18.8,0.2,23.5,36.3,0.63,0.0
2020-11-24 04:15:00,20.5,18.8,0.2,23.5,36.3,0.63,0.0
2020-11-24 04:30:00,20.5,18.8,0.2,23.5,35.7,0.64,0.0
2020-11-24 04:45:00,20.5,18.8,0.2,23.5,36.3,0.63,0.0
2020-11-24 05:00:00,20.5,18.5,0.2,23.5,36.3,0.63,0.0
2020-11-24 05:15:00,20.5,18.5,0.2,23.5,35.7,0.64,0.0
2020-11-24 05:30:00,20.5,18.5,0.2,23.5,35.7,0.64,0.0
2020-11-24 05:45:00,20.3,18.7,0.2,23.5,35.7,0.64,0.0
2020-11-24 06:00:00,20.3,18.2,0.21,23.5,36.3,0.63,0.0
2020-11-24 06:15:00,20.3,18.2,0.21,23.3,35.7,0.64,0.0
2020-11-24 06:30:00,20.1,18.4,0.2,23.3,36.0,0.64,0.0
2020-11-24 06:45:00,20.1,18.4,0.2,23.5,35.7,0.64,0.0
2020-11-24 07:00:00,20.1,18.4,0.2,23.3,35.7,0.64,0.0
2020-11-24 07:15:00,19.9,18.4,0.2,23.3,35.7,0.64,0.0
2020-11-24 07:30:00,19.9,18.4,0.2,23.3,36.0,0.64,0.0
2020-11-24 07:45:00,19.9,18.4,0.2,23.3,35.7,0.64,0.0
2020-11-24 08:00:00,19.9,18.6,0.2,23.3,35.7,0.64,0.0
2020-11-24 08:15:00,20.1,18.4,0.2,23.3,35.7,0.64,0.0
2020-11-24 08:30:00,20.1,18.4,0.2,23.3,35.7,0.64,0.0
2020-11-24 08:45:00,20.1,18.4,0.2,23.3,35.7,0.64,0.0
2020-11-24 09:00:00,20.3,18.7,0.2,23.3,35.6,0.64,0.0
2020-11-24 09:15:00,20.5,18.7,0.2,23.3,35.3,0.65,0.0
2020-11-24 09:30:00,20.5,18.7,0.2,23.3,35.6,0.64,0.0
2020-11-24 09:45:00,20.7,18.7,0.2,23.3,35.6,0.64,0.0
2020-11-24 10:00:00,20.9,18.5,0.2,23.3,35.6,0.64,0.0
2020-11-24 10:15:00,21.1,18.5,0.2,23.3,35.6,0.64,0.0
2020-11-24 10:30:00,21.3,18.8,0.2,23.3,35.6,0.64,0.0
2020-11-24 10:45:00,21.5,18.6,0.2,23.3,35.5,0.64,0.0
2020-11-24 11:00:00,21.5,18.6,0.2,23.3,35.6,0.64,0.0
2020-11-24 11:15:00,21.7,18.6,0.2,23.3,35.6,0.64,0.0
2020-11-24 11:30:00,21.9,18.6,0.2,23.3,35.6,0.64,0.0
2020-11-24 11:45:00,21.9,18.6,0.2,23.3,35.3,0.65,0.0
2020-11-24 12:00:00,22.1,18.5,0.21,23.3,35.6,0.65,0.0
2020-11-24 12:15:00,22.4,18.5,0.2,23.3,35.3,0.65,0.0
2020-11-24 12:30:00,22.6,18.5,0.2,23.3,35.6,0.65,0.0
2020-11-24 12:45:00,22.6,18.5,0.2,23.3,35.6,0.65,0.0
2020-11-24 13:00:00,23.0,18.6,0.21,23.3,35.8,0.64,0.0
2020-11-24 13:15:00,23.3,18.6,0.2,23.3,35.6,0.65,0.0
2020-11-24 13:30:00,23.5,18.6,0.2,23.3,35.5,0.64,0.0
2020-11-24 13:45:00,23.5,18.6,0.2,23.3,35.8,0.64,0.0
2020-11-24 14:00:00,23.7,18.6,0.2,23.3,35.6,0.65,0.0
2020-11-24 14:15:00,23.9,18.6,0.2,23.3,35.8,0.64,0.0
2020-11-24 14:30:00,23.9,18.6,0.2,23.3,35.8,0.64,0.0
2020-11-24 14:45:00,23.9,18.6,0.2,23.3,35.8,0.64,0.0
2020-11-24 15:00:00,23.9,18.6,0.2,23.3,35.8,0.64,0.0
2020-11-24 15:15:00,23.9,18.6,0.2,23.0,35.8,0.64,0.0
2020-11-24 15:30:00,23.9,18.6,0.2,23.3,35.8,0.64,0.0
2020-11-24 15:45:00,23.9,18.6,0.2,23.3,35.8,0.64,0.0
2020-11-24 16:00:00,23.9,18.6,0.2,23.3,35.8,0.64,0.0
2020-11-24 16:15:00,23.9,18.8,0.2,23.3,35.8,0.64,0.0
2020-11-24 16:30:00,23.9,18.8,0.2,23.3,35.8,0.64,0.0
2020-11-24 16:45:00,23.9,18.6,0.2,23.3,35.5,0.64,0.0
2020-11-24 17:00:00,23.9,18.6,0.2,23.3,35.8,0.64,0.0
2020-11-24 17:15:00,23.9,18.6,0.2,23.3,35.8,0.64,0.0
2020-11-24 17:30:00,23.7,18.6,0.2,23.3,35.8,0.64,0.0
2020-11-24 17:45:00,23.7,18.7,0.2,23.3,35.8,0.63,0.0
2020-11-24 18:00:00,23.7,18.5,0.2,23.3,35.8,0.63,0.0
2020-11-24 18:15:00,23.5,18.5,0.2,23.3,35.8,0.63,0.0
2020-11-24 18:30:00,23.5,18.9,0.2,23.3,35.8,0.63,0.0
2020-11-24 18:45:00,23.3,18.2,0.2,23.3,35.8,0.63,0.0
2020-11-24 19:00:00,23.3,18.1,0.2,23.3,35.8,0.63,0.0
2020-11-24 19:15:00,23.0,18.3,0.2,23.3,35.8,0.63,0.0
2020-11-24 19:30:00,23.0,18.3,0.2,23.3,35.8,0.63,0.0
2020-11-24 19:45:00,22.8,18.3,0.2,23.3,35.8,0.63,0.0
2020-11-24 20:00:00,22.8,18.3,0.2,23.3,35.9,0.63,0.0
2020-11-24 20:15:00,22.6,18.5,0.2,23.3,35.9,0.63,0.0
2020-11-24 20:30:00,22.6,18.5,0.2,23.3,35.9,0.63,0.0
2020-11-24 20:45:00,22.6,18.0,0.2,23.3,35.9,0.63,0.0
2020-11-24 21:00:00,22.4,18.5,0.2,23.3,35.9,0.63,0.0
2020-11-24 21:15:00,22.4,18.2,0.2,23.3,35.9,0.63,0.0
2020-11-24 21:30:00,22.4,18.2,0.2,23.3,35.9,0.63,0.0
2020-11-24 21:45:00,22.1,18.2,0.2,23.3,35.9,0.63,0.0
2020-11-24 22:00:00,22.1,18.2,0.2,23.3,35.9,0.63,0.0
2020-11-24 22:15:00,22.1,18.3,0.2,23.3,35.9,0.63,0.0
2020-11-24 22:30:00,21.9,18.3,0.2,23.5,35.9,0.63,0.0
2020-11-24 22:45:00,21.9,18.3,0.2,23.5,35.9,0.63,0.0
2020-11-24 23:00:00,21.9,17.9,0.2,23.5,35.9,0.63,0.0
2020-11-24 23:15:00,21.9,17.9,0.2,23.5,35.9,0.63,0.0
2020-11-24 23:30:00,21.9,17.9,0.2,23.5,35.9,0.63,0.0
2020-11-24 23:45:00,21.7,18.0,0.2,23.5,35.9,0.63,0.0
2020-11-25 00:00:00,21.7,18.0,0.2,23.5,35.9,0.63,0.0
2020-11-25 00:15:00,21.7,18.0,0.2,23.5,35.9,0.63,0.0
2020-11-25 00:30:00,21.7,18.0,0.2,23.5,35.9,0.63,0.0
2020-11-25 00:45:00,21.7,18.0,0.2,23.5,35.9,0.63,0.0
2020-11-25 01:00:00,21.5,18.2,0.19,23.5,35.5,0.64,0.0
2020-11-25 01:15:00,21.5,18.2,0.19,23.5,35.9,0.63,0.0
2020-11-25 01:30:00,21.3,18.2,0.19,23.5,35.9,0.63,0.0
2020-11-25 01:45:00,21.3,18.2,0.2,23.5,35.9,0.63,0.0
2020-11-25 02:00:00,21.3,17.7,0.2,23.5,35.9,0.63,0.0
2020-11-25 02:15:00,21.3,17.9,0.2,23.5,35.9,0.63,0.0
2020-11-25 02:30:00,21.1,17.9,0.2,23.5,35.9,0.63,0.0
2020-11-25 02:45:00,21.1,17.9,0.2,23.5,35.9,0.63,0.0
2020-11-25 03:00:00,21.1,17.9,0.2,23.5,35.9,0.63,0.0
2020-11-25 03:15:00,21.1,17.9,0.2,23.5,35.9,0.63,0.0
2020-11-25 03:30:00,21.1,17.9,0.2,23.5,35.9,0.63,0.0
2020-11-25 03:45:00,20.9,17.9,0.2,23.5,35.9,0.63,0.0
2020-11-25 04:00:00,20.9,18.1,0.19,23.5,35.9,0.63,0.0
2020-11-25 04:15:00,20.9,18.1,0.19,23.5,35.9,0.63,0.0
2020-11-25 04:30:00,20.9,18.1,0.19,23.5,35.9,0.63,0.0
2020-11-25 04:45:00,20.9,18.0,0.19,23.3,35.1,0.65,0.0
2020-11-25 05:00:00,20.7,17.6,0.2,23.5,35.9,0.63,0.0
2020-11-25 05:15:00,20.7,17.8,0.2,23.5,35.9,0.63,0.0
2020-11-25 05:30:00,20.7,17.8,0.2,23.5,35.9,0.63,0.0
2020-11-25 05:45:00,20.7,17.8,0.2,23.5,35.9,0.63,0.0
2020-11-25 06:00:00,20.5,17.8,0.2,23.5,35.9,0.63,0.0
2020-11-25 06:15:00,20.5,17.8,0.2,23.5,35.9,0.63,0.0
2020-11-25 06:30:00,20.5,17.7,0.2,23.5,35.4,0.64,0.0
2020-11-25 06:45:00,20.5,17.9,0.19,23.3,35.4,0.64,0.0
2020-11-25 07:00:00,20.5,17.9,0.19,23.3,35.4,0.64,0.0
2020-11-25 07:15:00,20.5,17.9,0.19,23.3,35.4,0.64,0.0
2020-11-25 07:30:00,20.5,17.9,0.19,23.3,35.4,0.64,0.0
2020-11-25 07:45:00,20.5,17.9,0.19,23.3,35.4,0.64,0.0
2020-11-25 08:00:00,20.7,17.8,0.2,23.3,35.4,0.64,0.0
2020-11-25 08:15:00,20.7,17.8,0.2,23.3,35.4,0.64,0.0
2020-11-25 08:30:00,20.9,18.0,0.19,23.3,35.4,0.64,0.0
2020-11-25 08:45:00,21.1,18.0,0.19,23.3,35.4,0.64,0.0
2020-11-25 09:00:00,21.1,18.0,0.19,23.3,35.4,0.64,0.0
2020-11-25 09:15:00,21.3,18.0,0.19,23.3,35.4,0.64,0.0
2020-11-25 09:30:00,21.5,17.9,0.2,23.3,35.4,0.64,0.0
2020-11-25 09:45:00,21.7,17.9,0.2,23.3,35.4,0.64,0.0
2020-11-25 10:00:00,21.9,17.9,0.2,23.3,35.4,0.64,0.0
2020-11-25 10:15:00,21.9,17.9,0.19,23.3,35.4,0.64,0.0
2020-11-25 10:30:00,22.1,17.9,0.19,23.3,35.4,0.64,0.0
2020-11-25 10:45:00,22.4,17.7,0.2,23.3,35.4,0.64,0.0
2020-11-25 11:00:00,22.6,18.0,0.2,23.3,35.4,0.64,0.0
2020-11-25 11:15:00,22.8,18.0,0.2,23.3,35.4,0.64,0.0
2020-11-25 11:30:00,22.8,18.0,0.19,23.3,35.4,0.64,0.0
2020-11-25 11:45:00,22.8,18.0,0.19,23.3,35.4,0.64,0.0
2020-11-25 12:00:00,23.0,18.0,0.19,23.3,35.4,0.64,0.0
2020-11-25 12:15:00,23.3,18.0,0.19,23.3,35.4,0.64,0.0
2020-11-25 12:30:00,23.5,17.8,0.2,23.3,35.4,0.64,0.0
2020-11-25 12:45:00,23.7,18.1,0.2,23.3,35.4,0.64,0.0
2020-11-25 13:00:00,23.9,18.1,0.19,23.3,35.4,0.64,0.0
2020-11-25 13:15:00,24.2,18.1,0.19,23.3,35.6,0.63,0.0
2020-11-25 13:30:00,24.4,18.1,0.19,23.3,35.6,0.63,0.0
2020-11-25 13:45:00,24.4,18.1,0.19,23.3,35.6,0.63,0.0
2020-11-25 14:00:00,24.4,17.6,0.2,23.3,35.6,0.63,0.0
2020-11-25 14:15:00,24.4,17.6,0.2,23.3,35.6,0.63,0.0
2020-11-25 14:30:00,24.7,17.6,0.2,23.3,35.6,0.63,0.0
2020-11-25 14:45:00,24.9,17.6,0.2,23.3,35.6,0.63,0.0
2020-11-25 15:00:00,24.9,17.6,0.2,23.3,35.6,0.63,0.0
2020-11-25 15:15:00,24.9,17.8,0.19,23.3,35.6,0.63,0.0
2020-11-25 15:30:00,24.7,17.8,0.19,23.3,35.6,0.63,0.0
2020-11-25 15:45:00,24.7,17.8,0.19,23.3,35.6,0.63,0.0
2020-11-25 16:00:00,24.7,17.8,0.19,23.3,35.6,0.63,0.0
2020-11-25 16:15:00,24.7,17.8,0.19,23.3,35.6,0.63,0.0
2020-11-25 16:30:00,24.7,17.8,0.19,23.3,35.6,0.63,0.0
2020-11-25 16:45:00,24.7,17.8,0.19,23.3,35.6,0.63,0.0
2020-11-25 17:00:00,24.4,17.5,0.2,23.3,35.6,0.63,0.0
2020-11-25 17:15:00,24.4,17.8,0.19,23.3,35.6,0.63,0.0
2020-11-25 17:30:00,24.4,17.5,0.2,23.3,35.6,0.63,0.0
2020-11-25 17:45:00,24.2,17.7,0.19,23.3,35.6,0.63,0.0
2020-11-25 18:00:00,24.2,17.7,0.19,23.3,35.6,0.63,0.0
2020-11-25 18:15:00,23.9,17.2,0.2,23.5,35.6,0.63,0.0
2020-11-25 18:30:00,23.9,17.4,0.19,23.5,35.6,0.63,0.0
2020-11-25 18:45:00,23.9,17.4,0.19,23.5,35.6,0.63,0.0
2020-11-25 19:00:00,23.7,17.4,0.19,23.5,35.6,0.63,0.0
2020-11-25 19:15:00,23.7,17.4,0.19,23.5,35.6,0.63,0.0
2020-11-25 19:30:00,23.5,17.5,0.19,23.5,35.6,0.63,0.0
2020-11-25 19:45:00,23.5,17.5,0.19,23.5,35.6,0.63,0.0
2020-11-25 20:00:00,23.5,17.5,0.19,23.5,35.6,0.63,0.0
2020-11-25 20:15:00,23.5,17.5,0.19,23.5,35.6,0.63,0.0
2020-11-25 20:30:00,23.3,17.0,0.2,23.5,35.6,0.63,0.0
2020-11-25 20:45:00,23.3,17.2,0.19,23.5,35.6,0.63,0.0
2020-11-25 21:00:00,23.3,17.2,0.19,23.5,35.6,0.63,0.0
2020-11-25 21:15:00,23.3,17.2,0.19,23.5,35.6,0.63,0.0
2020-11-25 21:30:00,23.0,17.2,0.19,23.5,35.6,0.63,0.0
2020-11-25 21:45:00,23.0,17.2,0.19,23.5,35.6,0.63,0.0
2020-11-25 22:00:00,23.0,17.4,0.19,23.5,35.6,0.63,0.0
2020-11-25 22:15:00,23.0,17.4,0.19,23.5,35.6,0.63,0.0
2020-11-25 22:30:00,23.0,17.4,0.19,23.5,35.6,0.63,0.0
2020-11-25 22:45:00,23.0,17.4,0.19,23.5,35.6,0.63,0.0
2020-11-25 23:00:00,22.8,17.4,0.19,23.5,35.6,0.63,0.0
2020-11-25 23:15:00,22.8,16.9,0.2,23.5,35.6,0.63,0.0
2020-11-25 23:30:00,22.8,16.9,0.2,23.5,35.6,0.63,0.0
2020-11-25 23:45:00,22.8,17.1,0.19,23.5,35.6,0.63,0.0
2020-11-26 00:00:00,22.8,17.1,0.19,23.5,35.6,0.63,0.0
2020-11-26 00:15:00,22.8,17.1,0.19,23.5,35.6,0.63,0.0
2020-11-26 00:30:00,22.8,17.1,0.19,23.5,35.6,0.63,0.0
2020-11-26 00:45:00,22.8,17.1,0.19,23.5,35.6,0.63,0.0
2020-11-26 01:00:00,22.6,17.3,0.19,23.5,35.6,0.63,0.0
2020-11-26 01:15:00,22.6,17.3,0.19,23.5,35.6,0.63,0.0
2020-11-26 01:30:00,22.6,17.3,0.19,23.7,35.6,0.63,0.0
2020-11-26 01:45:00,22.6,17.3,0.19,23.7,35.6,0.63,0.0
2020-11-26 02:00:00,22.4,16.8,0.19,23.5,35.6,0.63,0.0
2020-11-26 02:15:00,22.4,17.0,0.19,23.7,35.6,0.63,0.0
2020-11-26 02:30:00,22.4,17.0,0.19,23.7,35.4,0.64,0.0
2020-11-26 02:45:00,22.4,17.0,0.19,23.7,35.6,0.63,0.0
2020-11-26 03:00:00,22.4,17.0,0.19,23.7,35.6,0.63,0.0
2020-11-26 03:15:00,22.4,17.0,0.19,23.7,35.6,0.63,0.2
2020-11-26 03:30:00,22.4,17.2,0.19,23.7,35.6,0.63,0.0
2020-11-26 03:45:00,22.1,17.0,0.19,23.7,35.6,0.63,0.0
2020-11-26 04:00:00,22.1,17.0,0.19,23.7,35.6,0.63,0.0
2020-11-26 04:15:00,22.1,17.4,0.19,23.7,35.4,0.64,0.2
2020-11-26 04:30:00,22.1,17.4,0.19,23.7,35.4,0.64,0.0
2020-11-26 04:45:00,22.1,17.1,0.19,23.7,35.4,0.64,0.0
2020-11-26 05:00:00,22.1,17.4,0.19,23.7,35.4,0.64,0.0
2020-11-26 05:15:00,22.1,16.9,0.19,23.7,35.4,0.64,0.0
2020-11-26 05:30:00,22.1,16.9,0.19,23.7,35.4,0.64,0.0
2020-11-26 05:45:00,22.1,16.6,0.19,23.7,35.4,0.64,0.0
2020-11-26 06:00:00,22.1,17.1,0.19,23.7,35.2,0.65,0.0
2020-11-26 06:15:00,21.9,17.1,0.19,23.7,35.4,0.64,0.0
2020-11-26 06:30:00,21.9,17.1,0.19,23.7,35.2,0.65,0.0
2020-11-26 06:45:00,21.9,17.1,0.19,23.7,35.2,0.65,0.0
2020-11-26 07:00:00,21.9,17.1,0.19,23.5,35.2,0.65,0.0
2020-11-26 07:15:00,21.9,17.1,0.19,23.5,35.2,0.65,0.0
2020-11-26 07:30:00,21.9,17.1,0.19,23.5,35.2,0.65,0.0
2020-11-26 07:45:00,21.9,17.1,0.19,23.5,35.2,0.65,0.0
2020-11-26 08:00:00,21.9,17.1,0.19,23.5,35.2,0.65,0.0
2020-11-26 08:15:00,21.9,17.1,0.19,23.5,35.2,0.65,0.0
2020-11-26 08:30:00,22.1,17.1,0.19,23.5,35.9,0.63,0.0
2020-11-26 08:45:00,22.1,17.1,0.19,23.5,35.9,0.63,0.0
2020-11-26 09:00:00,22.1,17.1,0.19,23.5,35.9,0.63,0.0
2020-11-26 09:15:00,22.4,17.1,0.19,23.5,35.7,0.64,0.0
2020-11-26 09:30:00,22.4,17.1,0.19,23.5,35.7,0.64,0.0
2020-11-26 09:45:00,22.6,17.1,0.19,23.5,35.7,0.64,0.0
2020-11-26 10:00:00,22.6,16.9,0.19,23.5,35.7,0.64,0.0
2020-11-26 10:15:00,22.8,16.9,0.19,23.5,35.7,0.64,0.0
2020-11-26 10:30:00,22.8,16.9,0.19,23.5,35.7,0.64,0.0
2020-11-26 10:45:00,22.8,16.9,0.19,23.5,35.7,0.64,0.0
2020-11-26 11:00:00,23.0,16.9,0.19,23.5,35.5,0.65,0.0
2020-11-26 11:15:00,23.0,16.9,0.19,23.5,35.7,0.64,0.0
2020-11-26 11:30:00,23.0,17.2,0.19,23.5,35.5,0.65,0.0
2020-11-26 11:45:00,23.3,16.9,0.19,23.5,35.5,0.65,0.0
2020-11-26 12:00:00,23.3,16.9,0.19,23.5,35.5,0.65,0.0
2020-11-26 12:15:00,23.3,17.2,0.19,23.5,35.5,0.65,0.0
2020-11-26 12:30:00,23.5,17.2,0.19,23.5,35.5,0.65,0.0
2020-11-26 12:45:00,23.5,17.2,0.19,23.5,35.5,0.65,0.0
2020-11-26 13:00:00,23.5,17.2,0.19,23.5,36.1,0.64,0.0
2020-11-26 13:15:00,23.5,17.2,0.19,23.5,35.5,0.65,0.0
2020-11-26 13:30:00,23.5,17.2,0.19,23.5,35.5,0.65,0.0
2020-11-26 13:45:00,23.5,17.2,0.19,23.5,36.1,0.64,0.0
2020-11-26 14:00:00,23.5,17.2,0.19,23.5,36.1,0.64,0.0
2020-11-26 14:15:00,23.7,17.2,0.19,23.5,36.1,0.64,0.0
2020-11-26 14:30:00,23.7,17.2,0.19,23.5,36.1,0.64,0.0
2020-11-26 14:45:00,23.7,17.2,0.19,23.5,36.1,0.64,0.0
2020-11-26 15:00:00,23.7,17.2,0.19,23.5,35.9,0.65,0.0
2020-11-26 15:15:00,23.7,17.2,0.19,23.5,36.1,0.64,0.0
2020-11-26 15:30:00,23.7,17.2,0.19,23.5,35.9,0.65,0.0
2020-11-26 15:45:00,23.7,16.7,0.19,23.5,35.9,0.65,0.0
2020-11-26 16:00:00,23.9,16.7,0.19,23.5,35.9,0.65,0.0
2020-11-26 16:15:00,23.9,16.7,0.19,23.5,35.9,0.65,0.0
2020-11-26 16:30:00,23.7,16.7,0.19,23.5,36.0,0.65,0.0
2020-11-26 16:45:00,23.7,16.9,0.19,23.5,36.0,0.65,0.0
2020-11-26 17:00:00,23.7,16.9,0.19,23.5,36.0,0.65,0.0
2020-11-26 17:15:00,23.7,16.9,0.19,23.5,36.0,0.65,0.0
2020-11-26 17:30:00,23.7,16.9,0.19,23.5,36.0,0.65,0.0
2020-11-26 17:45:00,23.7,16.9,0.19,23.5,36.0,0.65,0.0
2020-11-26 18:00:00,23.5,16.9,0.19,23.5,36.0,0.65,0.0
2020-11-26 18:15:00,23.5,16.9,0.19,23.5,36.0,0.65,0.0
2020-11-26 18:30:00,23.3,17.1,0.18,23.5,36.0,0.65,0.0
2020-11-26 18:45:00,23.3,17.1,0.18,23.5,36.0,0.65,0.0
2020-11-26 19:00:00,23.0,17.1,0.18,23.5,36.0,0.65,0.0
2020-11-26 19:15:00,23.0,16.8,0.19,23.5,36.0,0.65,0.0
2020-11-26 19:30:00,23.0,16.8,0.19,23.5,36.0,0.65,0.0
2020-11-26 19:45:00,22.8,16.8,0.19,23.5,36.0,0.65,0.0
2020-11-26 20:00:00,22.8,16.8,0.19,23.5,36.0,0.65,0.0
2020-11-26 20:15:00,22.6,17.0,0.18,23.5,36.0,0.65,0.0
2020-11-26 20:30:00,22.6,17.0,0.18,23.5,36.0,0.65,0.0
2020-11-26 20:45:00,22.6,16.9,0.18,23.7,36.0,0.65,0.0
2020-11-26 21:00:00,22.6,16.9,0.18,23.7,36.0,0.65,0.0
2020-11-26 21:15:00,22.4,16.9,0.18,23.5,35.8,0.66,0.0
2020-11-26 21:30:00,22.4,16.9,0.18,23.7,35.8,0.66,0.0
2020-11-26 21:45:00,22.4,16.9,0.18,23.7,35.8,0.66,0.0
2020-11-26 22:00:00,22.4,16.5,0.19,23.7,35.8,0.66,0.0
2020-11-26 22:15:00,22.4,16.6,0.19,23.7,35.8,0.66,0.0
2020-11-26 22:30:00,22.4,17.1,0.18,23.7,35.8,0.66,0.0
2020-11-26 22:45:00,22.4,16.6,0.19,23.7,35.8,0.66,0.0
2020-11-26 23:00:00,22.4,16.6,0.19,23.7,35.8,0.66,0.0
2020-11-26 23:15:00,22.4,16.6,0.19,23.7,35.8,0.66,0.0
2020-11-26 23:30:00,22.1,16.6,0.19,23.7,35.8,0.66,0.0
2020-11-26 23:45:00,22.1,16.6,0.19,23.7,35.8,0.66,0.0
2020-11-27 00:00:00,22.1,16.6,0.19,23.7,35.8,0.66,0.0
2020-11-27 00:15:00,22.1,16.6,0.19,23.7,35.8,0.66,0.0
2020-11-27 00:30:00,22.1,16.6,0.19,23.7,35.8,0.66,0.0
2020-11-27 00:45:00,22.1,16.8,0.18,23.7,35.8,0.66,0.0
2020-11-27 01:00:00,22.1,16.8,0.18,23.7,35.8,0.66,0.0
2020-11-27 01:15:00,21.9,16.8,0.18,23.7,35.8,0.66,0.0
2020-11-27 01:30:00,21.9,16.8,0.18,23.7,35.8,0.66,0.0
2020-11-27 01:45:00,21.9,16.8,0.18,23.7,35.8,0.66,0.0
2020-11-27 02:00:00,21.9,16.8,0.18,23.7,35.8,0.66,0.0
2020-11-27 02:15:00,21.7,16.3,0.19,23.7,35.8,0.66,0.0
2020-11-27 02:30:00,21.7,16.5,0.18,23.7,35.8,0.66,0.0
2020-11-27 02:45:00,21.7,16.5,0.18,23.7,35.8,0.66,0.0
2020-11-27 03:00:00,21.7,16.5,0.18,23.7,35.8,0.66,0.0
2020-11-27 03:15:00,21.5,16.5,0.18,23.7,35.8,0.66,0.0
2020-11-27 03:30:00,21.5,16.5,0.18,23.7,35.8,0.66,0.0
2020-11-27 03:45:00,21.5,16.5,0.18,23.5,35.8,0.66,0.0
2020-11-27 04:00:00,21.3,16.7,0.18,23.5,35.8,0.66,0.0
2020-11-27 04:15:00,21.3,16.7,0.18,23.7,35.8,0.66,0.0
2020-11-27 04:30:00,21.3,16.7,0.18,23.5,35.8,0.66,0.0
2020-11-27 04:45:00,21.3,16.7,0.18,23.5,35.8,0.66,0.0
2020-11-27 05:00:00,21.3,16.7,0.18,23.5,35.8,0.66,0.0
2020-11-27 05:15:00,21.1,16.7,0.18,23.5,35.8,0.66,0.0
2020-11-27 05:30:00,21.1,16.4,0.18,23.5,35.8,0.66,0.0
2020-11-27 05:45:00,21.1,16.4,0.18,23.5,35.8,0.66,0.0
2020-11-27 06:00:00,21.1,16.4,0.18,23.5,35.8,0.66,0.0
2020-11-27 06:15:00,20.9,16.4,0.18,23.5,35.8,0.66,0.0
2020-11-27 06:30:00,20.9,16.4,0.18,23.5,35.8,0.66,0.0
2020-11-27 06:45:00,20.9,16.5,0.18,23.5,35.8,0.66,0.0
2020-11-27 07:00:00,20.7,16.5,0.18,23.5,35.8,0.66,0.0
2020-11-27 07:15:00,20.7,16.5,0.18,23.5,35.8,0.66,0.0
2020-11-27 07:30:00,20.7,16.3,0.18,23.5,35.8,0.66,0.0
2020-11-27 07:45:00,20.7,16.5,0.18,23.5,35.7,0.66,0.0
2020-11-27 08:00:00,20.7,16.5,0.18,23.5,35.7,0.66,0.0
2020-11-27 08:15:00,20.9,16.5,0.18,23.5,35.7,0.66,0.0
2020-11-27 08:30:00,20.9,16.4,0.18,23.5,35.7,0.66,0.0
2020-11-27 08:45:00,21.1,16.4,0.18,23.5,35.7,0.66,0.0
2020-11-27 09:00:00,21.1,16.4,0.18,23.5,35.7,0.66,0.0
2020-11-27 09:15:00,21.3,16.4,0.18,23.5,35.7,0.66,0.0
2020-11-27 09:30:00,21.5,16.4,0.18,23.5,35.7,0.66,0.0
2020-11-27 09:45:00,21.7,16.2,0.19,23.5,35.7,0.66,0.0
2020-11-27 10:00:00,21.9,16.2,0.19,23.5,35.7,0.66,0.0
2020-11-27 10:15:00,22.1,16.2,0.19,23.5,35.7,0.66,0.0
2020-11-27 10:30:00,22.4,16.5,0.18,23.5,35.7,0.66,0.0
2020-11-27 10:45:00,22.6,16.8,0.18,23.5,35.7,0.66,0.0
2020-11-27 11:00:00,22.8,16.8,0.18,23.5,35.7,0.66,0.0
2020-11-27 11:15:00,23.0,16.8,0.18,23.5,35.7,0.66,0.0
2020-11-27 11:30:00,23.0,16.8,0.18,23.5,35.7,0.66,0.0
2020-11-27 11:45:00,23.3,16.6,0.18,23.5,35.9,0.65,0.0
2020-11-27 12:00:00,23.5,16.6,0.18,23.5,35.9,0.65,0.0
2020-11-27 12:15:00,23.7,16.6,0.18,23.5,35.9,0.65,0.0
2020-11-27 12:30:00,23.9,16.6,0.18,23.5,35.9,0.65,0.0
2020-11-27 12:45:00,23.9,16.6,0.18,23.5,35.9,0.65,0.0
2020-11-27 13:00:00,24.2,16.9,0.18,23.5,35.9,0.65,0.0
2020-11-27 13:15:00,24.4,16.7,0.18,23.5,35.9,0.65,0.0
2020-11-27 13:30:00,24.9,16.3,0.19,23.5,35.9,0.65,0.0
2020-11-27 13:45:00,25.1,16.8,0.18,23.5,35.9,0.65,0.0
2020-11-27 14:00:00,25.4,16.8,0.18,23.5,35.9,0.65,0.0
2020-11-27 14:15:00,25.4,16.8,0.18,23.5,35.9,0.65,0.0
2020-11-27 14:30:00,25.6,16.9,0.18,23.5,35.9,0.65,0.0
2020-11-27 14:45:00,25.6,16.4,0.19,23.5,35.9,0.65,0.0
2020-11-27 15:00:00,25.6,16.6,0.18,23.5,35.9,0.65,0.0
2020-11-27 15:15:00,25.6,16.5,0.18,23.5,35.9,0.65,0.0
2020-11-27 15:30:00,25.4,16.7,0.18,23.5,35.9,0.65,0.0
2020-11-27 15:45:00,25.4,16.7,0.18,23.5,35.9,0.65,0.0
2020-11-27 16:00:00,25.1,16.7,0.18,23.5,35.9,0.65,0.0
2020-11-27 16:15:00,25.1,16.4,0.18,23.5,35.9,0.65,0.0
2020-11-27 16:30:00,24.9,16.4,0.18,23.5,35.9,0.65,0.0
2020-11-27 16:45:00,24.9,16.4,0.18,23.5,35.9,0.65,0.0
2020-11-27 17:00:00,24.7,16.3,0.18,23.5,35.9,0.65,0.0
2020-11-27 17:15:00,24.4,16.6,0.18,23.5,35.9,0.65,0.0
2020-11-27 17:30:00,24.4,16.3,0.18,23.5,35.9,0.65,0.0
2020-11-27 17:45:00,24.2,16.0,0.18,23.5,36.0,0.65,0.0
2020-11-27 18:00:00,23.9,16.0,0.18,23.5,36.0,0.65,0.0
2020-11-27 18:15:00,23.9,16.0,0.18,23.5,36.0,0.65,0.0
2020-11-27 18:30:00,23.7,16.2,0.18,23.5,36.0,0.65,0.0
2020-11-27 18:45:00,23.7,16.2,0.18,23.5,36.0,0.65,0.0
2020-11-27 19:00:00,23.5,16.2,0.18,23.7,36.0,0.65,0.0
2020-11-27 19:15:00,23.5,16.4,0.18,23.7,36.0,0.65,0.0
2020-11-27 19:30:00,23.3,16.4,0.18,23.7,36.0,0.65,0.0
2020-11-27 19:45:00,23.3,16.1,0.18,23.7,36.0,0.65,0.0
2020-11-27 20:00:00,23.0,16.1,0.18,23.7,36.0,0.65,0.0
2020-11-27 20:15:00,23.0,16.0,0.18,23.7,36.0,0.65,0.0
2020-11-27 20:30:00,22.8,16.0,0.18,23.7,36.0,0.65,0.0
2020-11-27 20:45:00,22.8,16.2,0.18,23.7,36.0,0.65,0.0
2020-11-27 21:00:00,22.8,16.2,0.18,23.7,36.0,0.65,0.0
2020-11-27 21:15:00,22.6,16.2,0.18,23.7,36.0,0.65,0.0
2020-11-27 21:30:00,22.6,15.7,0.18,23.7,36.0,0.65,0.0
2020-11-27 21:45:00,22.4,15.7,0.18,23.7,36.0,0.65,0.0
2020-11-27 22:00:00,22.4,15.9,0.18,23.7,36.0,0.65,0.0
2020-11-27 22:15:00,22.4,15.9,0.18,23.7,36.0,0.65,0.0
2020-11-27 22:30:00,22.4,15.9,0.18,23.7,36.0,0.65,0.0
2020-11-27 22:45:00,22.4,15.9,0.18,23.7,36.0,0.65,0.0
2020-11-27 23:00:00,22.4,15.9,0.18,23.7,36.0,0.65,0.0
2020-11-27 23:15:00,22.4,15.9,0.18,23.7,36.0,0.65,0.0
2020-11-27 23:30:00,22.1,15.9,0.18,23.7,36.0,0.65,0.0
2020-11-27 23:45:00,22.1,16.1,0.18,23.7,36.0,0.65,0.0
2020-11-28 00:00:00,22.1,16.1,0.18,23.7,36.0,0.65,0.0
2020-11-28 00:15:00,22.1,16.1,0.18,23.7,36.0,0.65,0.0
2020-11-28 00:30:00,22.1,15.6,0.18,23.7,36.0,0.65,0.0
2020-11-28 00:45:00,22.1,15.6,0.18,23.7,35.8,0.66,0.0
2020-11-28 01:00:00,21.9,15.6,0.18,23.7,35.8,0.66,0.0
2020-11-28 01:15:00,21.9,15.8,0.18,23.7,36.0,0.65,0.0
2020-11-28 01:30:00,21.9,15.8,0.18,23.7,36.0,0.65,0.0
2020-11-28 01:45:00,21.9,15.8,0.18,23.7,35.8,0.66,0.0
2020-11-28 02:00:00,21.9,15.8,0.18,23.7,35.8,0.66,0.0
2020-11-28 02:15:00,21.9,15.8,0.18,23.7,35.8,0.66,0.0
2020-11-28 02:30:00,21.9,15.8,0.18,23.7,36.0,0.65,0.0
2020-11-28 02:45:00,21.7,16.0,0.17,23.7,35.8,0.66,0.0
2020-11-28 03:00:00,21.7,16.0,0.17,23.7,35.8,0.66,0.0
2020-11-28 03:15:00,21.7,16.0,0.17,23.7,35.8,0.66,0.0
2020-11-28 03:30:00,21.7,15.5,0.18,23.5,34.9,0.66,0.0
2020-11-28 03:45:00,21.7,15.5,0.18,23.7,35.8,0.66,0.0
2020-11-28 04:00:00,21.7,15.5,0.18,23.7,35.8,0.66,0.0
2020-11-28 04:15:00,21.7,15.7,0.18,23.7,35.8,0.66,0.0
2020-11-28 04:30:00,21.5,15.7,0.18,23.7,35.8,0.66,0.0
2020-11-28 04:45:00,21.5,15.7,0.18,23.7,35.8,0.66,0.0
2020-11-28 05:00:00,21.5,15.7,0.18,23.7,35.8,0.66,0.0
2020-11-28 05:15:00,21.5,15.7,0.18,23.5,34.6,0.67,0.0
2020-11-28 05:30:00,21.5,15.7,0.18,23.7,35.8,0.66,0.0
2020-11-28 05:45:00,21.5,15.7,0.18,23.7,35.8,0.66,0.0
2020-11-28 06:00:00,21.5,15.7,0.18,23.7,35.8,0.66,0.0
2020-11-28 06:15:00,21.3,15.8,0.17,23.7,35.8,0.66,0.0
2020-11-28 06:30:00,21.3,15.8,0.17,23.7,35.8,0.66,0.0
2020-11-28 06:45:00,21.3,15.4,0.18,23.7,35.8,0.66,0.0
2020-11-28 07:00:00,21.3,15.4,0.18,23.7,35.8,0.66,0.0
2020-11-28 07:15:00,21.3,15.4,0.18,23.7,35.8,0.66,0.0
2020-11-28 07:30:00,21.3,15.4,0.18,23.7,36.0,0.65,0.0
2020-11-28 07:45:00,21.3,15.4,0.18,23.7,35.8,0.66,0.0
2020-11-28 08:00:00,21.3,15.4,0.18,23.7,35.8,0.66,0.0
2020-11-28 08:15:00,21.3,15.4,0.18,23.7,35.8,0.66,0.0
2020-11-28 08:30:00,21.3,15.4,0.18,23.7,35.8,0.66,0.0
2020-11-28 08:45:00,21.5,15.4,0.18,23.7,35.8,0.66,0.0
2020-11-28 09:00:00,21.5,15.6,0.18,23.7,35.8,0.66,0.0
2020-11-28 09:15:00,21.7,15.6,0.18,23.7,35.8,0.66,0.0
2020-11-28 09:30:00,21.7,15.6,0.18,23.7,36.0,0.65,0.0
2020-11-28 09:45:00,21.7,15.6,0.18,23.7,36.0,0.65,0.0
2020-11-28 10:00:00,21.9,15.6,0.17,23.7,36.0,0.65,0.0
2020-11-28 10:15:00,22.1,15.6,0.17,23.7,36.0,0.65,0.0
2020-11-28 10:30:00,22.4,15.5,0.18,23.5,36.0,0.65,0.0
2020-11-28 10:45:00,22.4,15.5,0.18,23.5,36.0,0.65,0.0
2020-11-28 11:00:00,22.6,15.5,0.18,23.5,36.0,0.65,0.0
2020-11-28 11:15:00,22.8,15.5,0.18,23.5,36.0,0.65,0.0
2020-11-28 11:30:00,23.0,15.3,0.18,23.5,36.0,0.65,0.0
2020-11-28 11:45:00,23.3,15.3,0.18,23.5,36.0,0.65,0.0
2020-11-28 12:00:00,23.5,16.1,0.17,23.5,36.0,0.65,0.0
2020-11-28 12:15:00,23.7,16.1,0.17,23.5,36.0,0.65,0.0
2020-11-28 12:30:00,23.9,15.9,0.18,23.5,36.0,0.65,0.0
2020-11-28 12:45:00,24.2,15.9,0.17,22.4,33.9,0.69,0.0
2020-11-28 13:00:00,24.2,15.9,0.17,23.5,35.9,0.65,0.0
2020-11-28 13:15:00,24.4,15.9,0.17,23.5,35.9,0.65,0.0
2020-11-28 13:30:00,24.7,15.9,0.17,23.5,35.9,0.65,0.0
2020-11-28 13:45:00,24.7,15.4,0.18,23.5,35.9,0.65,0.0
2020-11-28 14:00:00,24.9,16.0,0.17,23.5,35.9,0.65,0.0
2020-11-28 14:15:00,25.4,16.0,0.17,23.5,35.9,0.65,0.0
2020-11-28 14:30:00,25.6,16.0,0.17,23.5,35.9,0.65,0.0
2020-11-28 14:45:00,25.6,16.0,0.17,23.5,35.9,0.65,0.0
2020-11-28 15:00:00,25.6,15.5,0.18,23.5,35.9,0.65,0.0
2020-11-28 15:15:00,25.6,15.8,0.18,23.5,35.9,0.65,0.0
2020-11-28 15:30:00,25.6,15.8,0.18,23.5,35.9,0.65,0.0
2020-11-28 15:45:00,25.6,15.7,0.17,23.5,35.9,0.65,0.0
2020-11-28 16:00:00,25.4,15.7,0.17,23.5,35.9,0.65,0.0
2020-11-28 16:15:00,25.4,15.7,0.17,23.5,36.0,0.65,0.0
2020-11-28 16:30:00,25.1,15.9,0.17,23.5,36.0,0.65,0.0
2020-11-28 16:45:00,25.1,15.9,0.17,23.5,36.0,0.65,0.0
2020-11-28 17:00:00,24.9,15.4,0.18,23.5,36.0,0.65,0.0
2020-11-28 17:15:00,24.9,15.6,0.17,23.5,36.0,0.65,0.0
2020-11-28 17:30:00,24.7,15.6,0.17,23.5,36.0,0.65,0.0
2020-11-28 17:45:00,24.7,15.6,0.17,23.5,36.0,0.65,0.0
2020-11-28 18:00:00,24.4,15.6,0.17,23.7,36.0,0.65,0.0
2020-11-28 18:15:00,24.4,15.7,0.17,23.7,35.3,0.66,0.0
2020-11-28 18:30:00,24.2,15.7,0.17,23.7,36.0,0.65,0.0
2020-11-28 18:45:00,23.9,15.4,0.17,23.7,36.0,0.65,0.0
2020-11-28 19:00:00,23.9,15.4,0.17,23.7,36.0,0.65,0.0
2020-11-28 19:15:00,23.7,15.4,0.17,23.7,36.0,0.65,0.0
2020-11-28 19:30:00,23.7,15.6,0.17,23.7,36.0,0.65,0.0
2020-11-28 19:45:00,23.5,15.6,0.17,23.7,36.0,0.65,0.0
2020-11-28 20:00:00,23.5,15.6,0.17,23.7,36.0,0.65,0.0
2020-11-28 20:15:00,23.3,15.3,0.17,23.7,36.0,0.65,0.0
2020-11-28 20:30:00,23.3,15.3,0.17,23.7,36.0,0.65,0.0
2020-11-28 20:45:00,23.0,15.0,0.17,23.7,36.0,0.65,0.0
2020-11-28 21:00:00,23.0,15.3,0.17,23.7,36.0,0.65,0.0
2020-11-28 21:15:00,23.0,15.0,0.17,23.7,36.0,0.65,0.0
2020-11-28 21:30:00,22.8,15.2,0.17,23.7,36.0,0.65,0.0
2020-11-28 21:45:00,22.8,15.5,0.17,23.7,36.0,0.65,0.0
2020-11-28 22:00:00,22.6,15.2,0.17,23.7,36.0,0.65,0.0
2020-11-28 22:15:00,22.6,15.2,0.17,23.7,36.0,0.65,0.0
2020-11-28 22:30:00,22.6,15.4,0.17,23.7,36.0,0.65,0.0
2020-11-28 22:45:00,22.6,15.4,0.17,23.7,36.0,0.65,0.0
2020-11-28 23:00:00,22.4,14.9,0.17,23.7,36.0,0.65,0.0
2020-11-28 23:15:00,22.4,15.2,0.17,23.7,36.0,0.65,0.0
2020-11-28 23:30:00,22.4,14.9,0.17,23.7,36.0,0.65,0.0
2020-11-28 23:45:00,22.4,15.1,0.17,23.7,36.0,0.65,0.0
2020-11-29 00:00:00,22.1,15.1,0.17,23.7,36.0,0.65,0.0
2020-11-29 00:15:00,22.1,15.3,0.17,23.7,36.0,0.65,0.0
2020-11-29 00:30:00,22.1,15.3,0.17,23.7,36.0,0.65,0.0
2020-11-29 00:45:00,22.1,15.1,0.17,23.7,36.0,0.65,0.0
2020-11-29 01:00:00,22.1,15.3,0.17,23.7,36.0,0.65,0.0
2020-11-29 01:15:00,21.9,15.0,0.17,23.7,36.0,0.65,0.0
2020-11-29 01:30:00,22.1,15.3,0.17,23.7,36.0,0.65,0.0
2020-11-29 01:45:00,22.1,14.8,0.17,23.7,36.0,0.65,0.0
2020-11-29 02:00:00,22.1,15.0,0.17,23.7,36.0,0.65,0.0
2020-11-29 02:15:00,21.9,15.0,0.17,23.7,36.0,0.65,0.0
2020-11-29 02:30:00,21.9,15.0,0.17,23.7,36.0,0.65,0.0
2020-11-29 02:45:00,21.9,15.0,0.17,23.7,36.0,0.65,0.0
2020-11-29 03:00:00,21.9,14.8,0.17,23.7,36.0,0.65,0.0
2020-11-29 03:15:00,21.9,15.2,0.17,23.7,36.0,0.65,0.0
2020-11-29 03:30:00,21.9,15.2,0.17,23.7,36.0,0.65,0.0
2020-11-29 03:45:00,21.7,15.2,0.17,23.7,36.0,0.65,0.0
2020-11-29 04:00:00,21.7,15.0,0.17,23.7,36.0,0.65,0.0
2020-11-29 04:15:00,21.7,15.2,0.17,23.7,36.0,0.65,0.0
2020-11-29 04:30:00,21.7,15.2,0.17,23.7,36.0,0.65,0.0
2020-11-29 04:45:00,21.5,14.9,0.17,23.7,36.0,0.65,0.0
2020-11-29 05:00:00,21.5,14.9,0.17,23.7,36.0,0.65,0.0
2020-11-29 05:15:00,21.5,14.6,0.17,23.7,36.0,0.65,0.0
2020-11-29 05:30:00,21.5,14.9,0.17,23.7,36.0,0.65,0.0
2020-11-29 05:45:00,21.3,15.1,0.17,23.7,36.0,0.65,0.0
2020-11-29 06:00:00,21.3,14.8,0.17,23.7,36.0,0.65,0.0
2020-11-29 06:15:00,21.3,15.1,0.17,23.7,36.0,0.65,0.0
2020-11-29 06:30:00,21.3,15.1,0.17,23.7,36.0,0.65,0.0
2020-11-29 06:45:00,21.1,15.1,0.17,23.7,36.0,0.65,0.0
2020-11-29 07:00:00,21.1,14.8,0.17,23.7,36.0,0.65,0.0
2020-11-29 07:15:00,21.1,15.3,0.16,23.7,36.0,0.65,0.0
2020-11-29 07:30:00,21.1,14.8,0.17,23.7,36.0,0.65,0.0
2020-11-29 07:45:00,21.1,15.3,0.16,23.7,36.0,0.65,0.0
2020-11-29 08:00:00,21.3,14.8,0.17,23.7,36.0,0.65,0.0
2020-11-29 08:15:00,21.3,14.8,0.17,23.7,36.0,0.65,0.0
2020-11-29 08:30:00,21.3,14.6,0.17,23.7,36.0,0.65,0.0
2020-11-29 08:45:00,21.5,14.6,0.17,23.7,36.0,0.65,0.0
2020-11-29 09:00:00,21.7,14.6,0.17,23.7,36.0,0.65,0.0
2020-11-29 09:15:00,21.7,15.1,0.17,23.7,36.0,0.65,0.0
2020-11-29 09:30:00,21.9,15.1,0.17,23.7,36.0,0.65,0.0
2020-11-29 09:45:00,21.9,15.1,0.16,23.5,36.0,0.65,0.0
2020-11-29 10:00:00,22.1,14.9,0.17,23.7,36.0,0.65,0.0
2020-11-29 10:15:00,22.4,14.9,0.17,23.5,36.0,0.65,0.0
2020-11-29 10:30:00,22.6,15.2,0.17,23.5,36.0,0.65,0.0
2020-11-29 10:45:00,22.8,15.0,0.17,23.5,36.0,0.65,0.0
2020-11-29 11:00:00,23.0,15.0,0.17,23.5,36.0,0.65,0.0
2020-11-29 11:15:00,23.3,15.0,0.17,23.5,36.0,0.65,0.0
2020-11-29 11:30:00,23.5,15.0,0.17,23.5,36.0,0.65,0.0
2020-11-29 11:45:00,23.5,14.8,0.17,23.5,36.0,0.65,0.0
2020-11-29 12:00:00,23.7,14.8,0.17,23.5,36.0,0.65,0.0
2020-11-29 12:15:00,23.9,14.8,0.17,23.5,36.0,0.65,0.0
2020-11-29 12:30:00,24.2,14.9,0.17,23.5,36.0,0.65,0.0
2020-11-29 12:45:00,24.2,14.9,0.17,23.5,36.0,0.65,0.0
2020-11-29 13:00:00,24.4,15.1,0.17,23.5,36.0,0.65,0.0
2020-11-29 13:15:00,24.4,15.1,0.17,23.5,35.9,0.65,0.0
2020-11-29 13:30:00,24.7,15.1,0.17,23.5,35.9,0.65,0.0
2020-11-29 13:45:00,24.7,15.1,0.17,23.5,35.9,0.65,0.0
2020-11-29 14:00:00,24.9,15.1,0.17,23.5,35.5,0.65,0.0
2020-11-29 14:15:00,25.1,15.1,0.17,23.5,35.9,0.65,0.0
2020-11-29 14:30:00,25.4,15.4,0.16,23.5,36.1,0.64,0.0
2020-11-29 14:45:00,25.4,15.4,0.16,23.5,36.0,0.65,0.0
2020-11-29 15:00:00,25.4,14.9,0.17,23.5,35.5,0.65,0.0
2020-11-29 15:15:00,25.1,14.9,0.17,23.5,35.5,0.65,0.0
2020-11-29 15:30:00,25.1,14.9,0.17,23.5,35.5,0.65,0.0
2020-11-29 15:45:00,25.1,15.1,0.17,23.5,35.5,0.65,0.0
2020-11-29 16:00:00,25.1,15.1,0.17,23.5,35.3,0.66,0.0
2020-11-29 16:15:00,24.9,15.1,0.17,23.5,36.0,0.65,0.0
2020-11-29 16:30:00,24.9,15.1,0.17,23.5,36.0,0.65,0.0
2020-11-29 16:45:00,24.9,15.3,0.16,23.5,35.5,0.65,0.0
2020-11-29 17:00:00,24.9,14.8,0.17,23.5,36.2,0.64,0.0
2020-11-29 17:15:00,24.7,14.8,0.17,23.5,35.3,0.66,0.0
2020-11-29 17:30:00,24.7,14.8,0.17,23.5,35.5,0.65,0.0
2020-11-29 17:45:00,24.7,14.8,0.17,23.7,36.0,0.65,0.0
2020-11-29 18:00:00,24.4,15.0,0.16,23.7,36.2,0.64,0.0
2020-11-29 18:15:00,24.4,15.0,0.16,23.7,35.5,0.65,0.0
2020-11-29 18:30:00,24.2,14.7,0.17,23.7,35.5,0.65,0.0
2020-11-29 18:45:00,24.2,14.7,0.17,23.7,36.2,0.64,0.0
2020-11-29 19:00:00,24.2,15.2,0.16,23.7,36.0,0.65,0.0
2020-11-29 19:15:00,23.9,14.9,0.16,23.7,36.0,0.65,0.0
2020-11-29 19:30:00,23.9,14.4,0.17,23.7,36.0,0.65,0.0
2020-11-29 19:45:00,23.7,14.6,0.16,23.7,35.5,0.65,0.0
2020-11-29 20:00:00,23.7,14.6,0.17,23.7,36.0,0.65,0.0
2020-11-29 20:15:00,23.5,14.6,0.17,23.7,35.3,0.66,0.0
2020-11-29 20:30:00,23.5,14.6,0.17,23.7,36.0,0.65,0.0
2020-11-29 20:45:00,23.3,14.6,0.17,23.7,35.3,0.66,0.0
2020-11-29 21:00:00,23.3,14.8,0.16,23.7,36.0,0.65,0.0
2020-11-29 21:15:00,23.3,14.8,0.16,23.7,35.3,0.66,0.0
2020-11-29 21:30:00,23.0,14.3,0.17,23.7,36.0,0.65,0.0
2020-11-29 21:45:00,23.0,14.5,0.16,23.7,35.3,0.66,0.0
2020-11-29 22:00:00,22.8,14.5,0.16,23.7,36.0,0.65,0.0
2020-11-29 22:15:00,22.8,14.5,0.16,23.7,35.3,0.66,0.0
2020-11-29 22:30:00,22.8,14.5,0.16,23.7,35.3,0.66,0.0
2020-11-29 22:45:00,22.6,14.7,0.16,23.7,36.0,0.65,0.0
2020-11-29 23:00:00,22.6,14.7,0.16,23.7,35.3,0.66,0.0
2020-11-29 23:15:00,22.6,14.7,0.16,23.7,36.0,0.65,0.0
2020-11-29 23:30:00,22.6,14.6,0.16,23.7,35.3,0.66,0.0
2020-11-29 23:45:00,22.6,14.6,0.16,23.7,36.0,0.65,0.0
2020-11-30 00:00:00,22.6,14.1,0.17,23.7,35.3,0.66,0.0
2020-11-30 00:15:00,22.6,14.1,0.17,23.7,35.3,0.66,0.0
2020-11-30 00:30:00,22.6,14.3,0.16,23.7,35.3,0.66,0.0
2020-11-30 00:45:00,22.6,14.3,0.16,23.7,35.3,0.66,0.0
2020-11-30 01:00:00,22.6,14.3,0.16,23.7,35.3,0.66,0.0
2020-11-30 01:15:00,22.6,14.3,0.16,23.7,35.3,0.66,0.0
2020-11-30 01:30:00,22.4,14.3,0.16,23.7,35.3,0.66,0.0
2020-11-30 01:45:00,22.4,14.3,0.16,23.7,35.3,0.66,0.0
2020-11-30 02:00:00,22.4,14.3,0.16,23.7,35.3,0.66,0.0
2020-11-30 02:15:00,22.4,14.8,0.16,23.7,35.5,0.65,0.0
2020-11-30 02:30:00,22.4,14.8,0.16,23.9,35.3,0.66,0.0
2020-11-30 02:45:00,22.4,14.5,0.16,23.7,35.3,0.66,0.0
2020-11-30 03:00:00,22.4,14.5,0.16,23.7,35.3,0.66,0.0
2020-11-30 03:15:00,22.4,14.3,0.16,23.7,35.3,0.66,0.0
2020-11-30 03:30:00,22.4,14.8,0.16,23.7,35.3,0.66,0.0
2020-11-30 03:45:00,22.4,14.3,0.16,23.7,35.5,0.65,0.0
2020-11-30 04:00:00,22.4,14.0,0.16,23.7,35.5,0.65,0.0
2020-11-30 04:15:00,22.4,14.5,0.16,23.7,35.3,0.66,0.0
2020-11-30 04:30:00,22.4,14.5,0.16,23.7,35.5,0.65,0.0
2020-11-30 04:45:00,22.1,14.5,0.16,23.7,35.5,0.65,0.0
2020-11-30 05:00:00,22.1,14.5,0.16,23.7,35.5,0.65,0.0
2020-11-30 05:15:00,22.1,14.5,0.16,23.7,35.3,0.66,0.0
2020-11-30 05:30:00,22.1,14.5,0.16,23.7,35.5,0.65,0.0
2020-11-30 05:45:00,22.1,14.5,0.16,23.7,35.5,0.65,0.0
2020-11-30 06:00:00,22.1,14.5,0.16,23.7,35.5,0.65,0.0
2020-11-30 06:15:00,22.1,14.7,0.16,23.7,35.3,0.66,0.0
2020-11-30 06:30:00,22.1,14.7,0.16,23.7,35.5,0.65,0.0
2020-11-30 06:45:00,22.1,14.2,0.16,23.7,35.3,0.66,0.0
2020-11-30 07:00:00,22.1,14.2,0.16,23.7,35.5,0.65,0.0
2020-11-30 07:15:00,22.1,14.2,0.16,23.7,35.5,0.65,0.0
2020-11-30 07:30:00,22.1,14.2,0.16,23.7,35.5,0.65,0.0
2020-11-30 07:45:00,22.1,14.2,0.16,23.7,35.5,0.65,0.0
2020-11-30 08:00:00,22.1,14.2,0.16,23.7,35.5,0.65,0.0
2020-11-30 08:15:00,22.1,14.2,0.16,23.7,35.5,0.65,0.0
2020-11-30 08:30:00,22.1,14.2,0.16,23.7,35.5,0.65,0.0
2020-11-30 08:45:00,22.1,14.2,0.16,23.7,35.5,0.65,0.0
2020-11-30 09:00:00,22.4,14.2,0.16,23.7,35.5,0.65,0.0
2020-11-30 09:15:00,22.4,14.2,0.16,23.7,35.5,0.65,0.0
2020-11-30 09:30:00,22.6,14.2,0.16,23.7,35.5,0.65,0.0
2020-11-30 09:45:00,22.6,14.2,0.16,23.7,35.5,0.65,0.0
2020-11-30 10:00:00,22.8,14.2,0.16,23.7,35.5,0.65,0.0
2020-11-30 10:15:00,23.0,14.2,0.16,23.7,35.5,0.65,0.0
2020-11-30 10:30:00,23.0,14.2,0.16,23.7,35.5,0.65,0.0
2020-11-30 10:45:00,23.3,14.0,0.16,23.7,35.5,0.65,0.0
2020-11-30 11:00:00,23.5,14.3,0.16,23.7,35.5,0.65,0.0
2020-11-30 11:15:00,23.5,14.3,0.16,23.7,35.5,0.65,0.0
2020-11-30 11:30:00,23.7,14.3,0.16,23.7,35.5,0.65,0.0
2020-11-30 11:45:00,23.9,14.3,0.16,23.7,35.5,0.65,0.0
2020-11-30 12:00:00,24.2,14.1,0.16,23.7,35.5,0.65,0.0
2020-11-30 12:15:00,24.4,14.1,0.16,23.7,35.5,0.65,0.0
2020-11-30 12:30:00,24.7,14.1,0.16,23.7,35.5,0.65,0.0
2020-11-30 12:45:00,24.9,14.4,0.16,23.7,35.5,0.65,0.0
2020-11-30 13:00:00,25.1,14.2,0.16,23.7,35.5,0.65,0.0
2020-11-30 13:15:00,25.4,14.2,0.16,23.7,35.5,0.65,0.0
2020-11-30 13:30:00,25.6,14.2,0.16,23.7,35.5,0.65,0.0
2020-11-30 13:45:00,25.6,14.2,0.16,23.7,35.5,0.65,0.0
2020-11-30 14:00:00,25.9,14.2,0.16,23.7,35.5,0.65,0.0
2020-11-30 14:15:00,25.9,14.5,0.16,23.7,35.5,0.65,0.0
2020-11-30 14:30:00,26.2,14.5,0.16,23.7,35.5,0.65,0.0
2020-11-30 14:45:00,25.9,14.5,0.16,23.7,35.5,0.65,0.0
2020-11-30 15:00:00,25.9,14.2,0.16,23.7,35.5,0.65,0.0
2020-11-30 15:15:00,25.9,14.2,0.16,23.7,35.5,0.65,0.0
2020-11-30 15:30:00,25.9,14.2,0.16,23.7,35.5,0.65,0.0
2020-11-30 15:45:00,25.6,14.4,0.16,23.7,35.5,0.65,0.0
2020-11-30 16:00:00,25.6,14.4,0.16,23.7,35.5,0.65,0.0
2020-11-30 16:15:00,25.6,14.4,0.16,23.7,35.5,0.65,0.0
2020-11-30 16:30:00,25.4,14.4,0.16,23.7,35.5,0.65,0.0
2020-11-30 16:45:00,25.4,14.3,0.16,23.7,35.5,0.65,0.0
2020-11-30 17:00:00,25.4,13.8,0.16,23.7,35.5,0.65,0.0
2020-11-30 17:15:00,25.1,13.8,0.16,23.7,35.5,0.65,0.0
2020-11-30 17:30:00,25.1,13.8,0.16,23.7,35.5,0.65,0.0
2020-11-30 17:45:00,24.9,14.0,0.16,23.7,35.5,0.65,0.0
2020-11-30 18:00:00,24.9,14.0,0.16,23.7,35.5,0.65,0.0
2020-11-30 18:15:00,24.7,14.0,0.16,23.9,35.5,0.65,0.0
2020-11-30 18:30:00,24.7,14.2,0.16,23.9,35.5,0.65,0.0
2020-11-30 18:45:00,24.4,14.2,0.16,23.7,34.3,0.66,0.0
2020-11-30 19:00:00,24.4,13.7,0.16,23.9,35.5,0.65,0.0
2020-11-30 19:15:00,24.2,13.9,0.16,23.9,35.5,0.65,0.0
2020-11-30 19:30:00,24.2,13.9,0.16,23.9,35.5,0.65,0.0
2020-11-30 19:45:00,23.9,13.9,0.16,23.9,35.5,0.65,0.0
2020-11-30 20:00:00,23.9,14.1,0.16,23.9,35.5,0.65,0.0
2020-11-30 20:15:00,23.7,14.1,0.16,23.9,35.5,0.65,0.0
2020-11-30 20:30:00,23.7,14.0,0.16,23.9,35.5,0.65,0.0
2020-11-30 20:45:00,23.5,13.5,0.16,23.9,35.5,0.65,0.0
2020-11-30 21:00:00,23.5,13.7,0.16,23.9,35.5,0.65,0.0
2020-11-30 21:15:00,23.3,13.7,0.16,23.9,35.5,0.65,0.0
2020-11-30 21:30:00,23.3,13.7,0.16,23.9,35.5,0.65,0.0
2020-11-30 21:45:00,23.3,13.7,0.16,23.9,35.5,0.65,0.0
2020-11-30 22:00:00,23.0,13.9,0.15,23.9,35.5,0.65,0.0
2020-11-30 22:15:00,23.0,13.9,0.15,23.9,35.5,0.65,0.0
2020-11-30 22:30:00,22.8,13.4,0.16,23.9,35.5,0.65,0.0
2020-11-30 22:45:00,22.8,13.6,0.16,23.9,35.5,0.65,0.0
2020-11-30 23:00:00,22.8,13.6,0.16,23.9,35.5,0.65,0.0
2020-11-30 23:15:00,22.8,13.6,0.16,23.9,35.9,0.64,0.0
2020-11-30 23:30:00,22.6,13.6,0.16,23.9,35.9,0.64,0.0
2020-11-30 23:45:00,22.6,13.6,0.16,23.9,35.9,0.64,0.0
2020-12-01 00:00:00,22.6,13.8,0.15,23.9,35.5,0.65,0.0
2020-12-01 00:15:00,22.6,13.8,0.15,23.9,35.9,0.64,0.0
2020-12-01 00:30:00,22.6,13.8,0.15,23.9,35.5,0.65,0.0
2020-12-01 00:45:00,22.6,13.8,0.15,23.9,35.9,0.64,0.0
2020-12-01 01:00:00,22.4,13.3,0.16,23.9,35.5,0.65,0.0
2020-12-01 01:15:00,22.4,13.3,0.16,23.9,35.5,0.65,0.0
2020-12-01 01:30:00,22.4,13.5,0.15,23.9,35.5,0.65,0.0
2020-12-01 01:45:00,22.4,13.5,0.16,23.9,35.5,0.65,0.0
2020-12-01 02:00:00,22.4,13.5,0.16,23.9,35.9,0.64,0.0
2020-12-01 02:15:00,22.4,13.5,0.16,23.9,35.5,0.65,0.0
2020-12-01 02:30:00,22.4,13.5,0.16,23.9,35.5,0.65,0.0
2020-12-01 02:45:00,22.1,13.7,0.15,23.9,35.9,0.64,0.0
2020-12-01 03:00:00,22.1,13.2,0.16,23.9,35.9,0.64,0.0
2020-12-01 03:15:00,22.1,13.7,0.15,23.9,35.5,0.65,0.0
2020-12-01 03:30:00,21.9,13.2,0.16,23.9,36.1,0.63,0.0
2020-12-01 03:45:00,21.9,13.4,0.15,23.9,35.2,0.66,0.0
2020-12-01 04:00:00,21.9,13.4,0.15,23.9,35.7,0.64,0.0
2020-12-01 04:15:00,21.7,13.4,0.15,23.9,35.2,0.66,0.0
2020-12-01 04:30:00,21.7,13.6,0.15,23.9,35.7,0.64,0.0
2020-12-01 04:45:00,21.7,13.6,0.15,23.9,35.7,0.64,0.0
2020-12-01 05:00:00,21.5,13.1,0.16,23.9,36.1,0.63,0.0
2020-12-01 05:15:00,21.5,13.1,0.16,23.9,35.5,0.65,0.0
2020-12-01 05:30:00,21.5,13.3,0.15,23.9,35.7,0.64,0.0
2020-12-01 05:45:00,21.3,13.3,0.15,23.9,35.7,0.64,0.0
2020-12-01 06:00:00,21.3,13.3,0.15,23.9,35.7,0.64,0.0
2020-12-01 06:15:00,21.3,13.3,0.15,23.9,35.5,0.65,0.0
2020-12-01 06:30:00,21.1,13.5,0.15,23.9,35.7,0.64,0.0
2020-12-01 06:45:00,21.1,12.9,0.15,23.9,35.7,0.64,0.0
2020-12-01 07:00:00,21.1,12.9,0.15,23.9,35.7,0.64,0.0
2020-12-01 07:15:00,20.9,12.9,0.15,23.9,35.7,0.64,0.0
2020-12-01 07:30:00,20.9,13.1,0.15,23.9,35.7,0.64,0.0
2020-12-01 07:45:00,20.9,13.1,0.15,23.9,36.1,0.63,0.0
2020-12-01 08:00:00,20.9,13.1,0.15,23.9,35.7,0.64,0.0
2020-12-01 08:15:00,21.1,13.1,0.15,23.9,35.7,0.64,0.0
2020-12-01 08:30:00,21.1,13.2,0.15,23.9,35.7,0.64,0.0
2020-12-01 08:45:00,21.3,12.9,0.15,23.9,35.7,0.64,0.0
2020-12-01 09:00:00,21.3,12.9,0.15,23.9,35.0,0.65,0.0
2020-12-01 09:15:00,21.5,13.2,0.15,23.9,35.7,0.64,0.0
2020-12-01 09:30:00,21.7,13.2,0.15,23.7,35.0,0.65,0.0
2020-12-01 09:45:00,21.9,13.2,0.15,23.7,35.7,0.64,0.0
2020-12-01 10:00:00,22.1,13.0,0.15,23.7,35.0,0.65,0.0
2020-12-01 10:15:00,22.1,13.0,0.15,23.7,35.0,0.65,0.0
2020-12-01 10:30:00,22.6,13.0,0.15,23.7,35.0,0.65,0.0
2020-12-01 10:45:00,22.8,13.4,0.15,23.7,35.0,0.65,0.0
2020-12-01 11:00:00,23.0,13.4,0.15,23.7,35.0,0.65,0.0
2020-12-01 11:15:00,23.3,13.4,0.15,23.7,35.2,0.64,0.0
2020-12-01 11:30:00,23.5,13.5,0.15,23.7,35.2,0.64,0.0
2020-12-01 11:45:00,23.5,13.5,0.15,23.7,35.2,0.64,0.0
2020-12-01 12:00:00,23.7,13.5,0.15,23.7,35.2,0.64,0.0
2020-12-01 12:15:00,23.9,13.5,0.15,23.7,35.2,0.64,0.0
2020-12-01 12:30:00,24.2,13.5,0.15,23.7,35.6,0.64,0.0
2020-12-01 12:45:00,24.4,13.3,0.15,23.7,35.2,0.64,0.0
2020-12-01 13:00:00,24.7,13.3,0.15,23.7,35.2,0.64,0.0
2020-12-01 13:15:00,24.7,13.3,0.15,23.7,35.6,0.64,0.0
2020-12-01 13:30:00,24.9,13.6,0.15,23.7,35.6,0.64,0.0
2020-12-01 13:45:00,25.1,13.4,0.15,23.7,35.6,0.64,0.0
2020-12-01 14:00:00,25.4,13.4,0.15,23.7,35.6,0.64,0.0
2020-12-01 14:15:00,25.6,13.4,0.15,23.7,35.8,0.63,0.0
2020-12-01 14:30:00,25.9,13.7,0.15,22.8,34.0,0.66,0.0
2020-12-01 14:45:00,25.9,13.4,0.15,23.7,35.8,0.63,0.0
2020-12-01 15:00:00,25.9,13.1,0.16,23.7,35.1,0.64,0.0
2020-12-01 15:15:00,25.6,13.3,0.15,23.7,35.1,0.64,0.0
2020-12-01 15:30:00,25.6,13.3,0.15,23.7,33.9,0.66,0.0
2020-12-01 15:45:00,25.6,13.5,0.15,23.7,35.8,0.63,0.0
2020-12-01 16:00:00,25.4,13.3,0.15,23.7,35.1,0.64,0.0
2020-12-01 16:15:00,25.1,13.3,0.15,23.7,34.7,0.65,0.0
2020-12-01 16:30:00,25.1,12.9,0.15,23.7,35.1,0.64,0.0
2020-12-01 16:45:00,24.9,12.9,0.15,23.7,35.1,0.64,0.0
2020-12-01 17:00:00,24.9,12.9,0.15,23.7,35.1,0.64,0.0
2020-12-01 17:15:00,24.7,13.1,0.15,23.7,35.1,0.64,0.0
2020-12-01 17:30:00,24.7,13.1,0.15,23.7,35.1,0.64,0.0
2020-12-01 17:45:00,24.7,13.1,0.15,23.7,35.1,0.64,0.0
2020-12-01 18:00:00,24.4,13.1,0.15,23.7,35.1,0.64,0.0
2020-12-01 18:15:00,24.4,13.3,0.15,23.7,35.1,0.64,0.0
2020-12-01 18:30:00,24.2,13.3,0.15,23.9,35.1,0.64,0.0
2020-12-01 18:45:00,23.9,13.0,0.15,23.9,35.1,0.64,0.0
2020-12-01 19:00:00,23.9,13.0,0.15,23.9,35.1,0.64,0.0
2020-12-01 19:15:00,23.7,13.0,0.15,23.9,35.1,0.64,0.0
2020-12-01 19:30:00,23.7,13.0,0.15,23.9,35.1,0.64,0.0
2020-12-01 19:45:00,23.5,13.2,0.15,23.9,35.1,0.64,0.0
2020-12-01 20:00:00,23.5,13.2,0.15,23.9,35.1,0.64,0.0
2020-12-01 20:15:00,23.3,12.9,0.15,23.9,35.1,0.64,0.0
2020-12-01 20:30:00,23.0,12.9,0.15,23.9,35.1,0.64,0.0
2020-12-01 20:45:00,23.0,12.6,0.15,23.7,33.8,0.64,0.0
2020-12-01 21:00:00,22.8,13.1,0.15,23.9,35.3,0.63,0.0
2020-12-01 21:15:00,22.8,13.1,0.15,23.9,35.1,0.64,0.0
2020-12-01 21:30:00,22.6,13.1,0.15,23.9,35.3,0.63,0.0
2020-12-01 21:45:00,22.6,12.8,0.15,23.9,35.3,0.63,0.0
2020-12-01 22:00:00,22.4,12.5,0.15,23.9,35.3,0.63,0.0
2020-12-01 22:15:00,22.4,12.8,0.15,23.9,35.3,0.63,0.0
2020-12-01 22:30:00,22.1,13.0,0.15,23.9,35.3,0.63,0.0
2020-12-01 22:45:00,22.1,12.7,0.15,23.9,35.3,0.63,0.0
2020-12-01 23:00:00,22.1,12.4,0.15,23.9,35.3,0.63,0.0
2020-12-01 23:15:00,21.9,12.7,0.15,23.9,35.3,0.63,0.0
2020-12-01 23:30:00,21.9,12.7,0.15,23.9,35.3,0.63,0.0
2020-12-01 23:45:00,21.9,12.7,0.15,23.9,35.3,0.63,0.0
2020-12-02 00:00:00,21.7,12.9,0.14,23.9,35.3,0.63,0.0
2020-12-02 00:15:00,21.7,12.9,0.15,23.9,35.3,0.63,0.0
2020-12-02 00:30:00,21.5,12.9,0.15,23.9,35.3,0.63,0.0
2020-12-02 00:45:00,21.5,12.3,0.15,23.9,35.3,0.63,0.0
2020-12-02 01:00:00,21.3,13.1,0.14,23.9,35.3,0.63,0.0
2020-12-02 01:15:00,21.3,12.5,0.15,23.9,35.3,0.63,0.0
2020-12-02 01:30:00,21.3,12.5,0.15,23.9,35.3,0.63,0.0
2020-12-02 01:45:00,21.3,12.5,0.15,23.9,35.3,0.63,0.0
2020-12-02 02:00:00,21.1,12.8,0.14,23.9,35.3,0.63,0.0
2020-12-02 02:15:00,21.1,12.8,0.14,23.9,34.6,0.64,0.0
2020-12-02 02:30:00,21.1,12.8,0.14,23.9,35.3,0.63,0.0
2020-12-02 02:45:00,21.1,12.4,0.15,23.9,35.3,0.63,0.0
2020-12-02 03:00:00,20.9,12.4,0.15,23.9,35.3,0.63,0.0
2020-12-02 03:15:00,20.9,12.4,0.15,23.9,35.3,0.63,0.0
2020-12-02 03:30:00,20.9,12.4,0.15,23.9,34.8,0.63,0.0
2020-12-02 03:45:00,20.7,12.6,0.14,23.9,35.5,0.62,0.0
2020-12-02 04:00:00,20.7,12.6,0.14,23.9,34.8,0.63,0.0
2020-12-02 04:15:00,20.7,12.1,0.15,23.9,34.8,0.63,0.0
2020-12-02 04:30:00,20.5,12.4,0.14,23.9,34.8,0.63,0.0
2020-12-02 04:45:00,20.5,12.3,0.14,23.9,34.8,0.63,0.0
2020-12-02 05:00:00,20.5,12.3,0.14,23.9,34.8,0.63,0.0
2020-12-02 05:15:00,20.5,12.3,0.14,23.9,34.8,0.63,0.0
2020-12-02 05:30:00,20.3,12.3,0.14,23.9,34.8,0.63,0.0
2020-12-02 05:45:00,20.3,12.3,0.14,23.9,34.8,0.63,0.0
2020-12-02 06:00:00,20.3,12.5,0.14,23.9,34.8,0.63,0.0
2020-12-02 06:15:00,20.3,12.5,0.14,23.9,34.8,0.63,0.0
2020-12-02 06:30:00,20.3,12.2,0.14,23.9,34.8,0.63,0.0
2020-12-02 06:45:00,20.1,12.2,0.14,23.7,35.0,0.62,0.0
2020-12-02 07:00:00,20.1,12.2,0.14,23.9,35.0,0.62,0.0
2020-12-02 07:15:00,20.1,11.9,0.14,23.7,35.0,0.62,0.0
2020-12-02 07:30:00,20.1,12.2,0.14,23.7,35.0,0.62,0.0
2020-12-02 07:45:00,20.1,12.2,0.14,23.7,35.0,0.62,0.0
2020-12-02 08:00:00,20.1,12.2,0.14,23.7,35.0,0.63,0.0
2020-12-02 08:15:00,20.1,12.2,0.14,23.7,35.0,0.63,0.0
2020-12-02 08:30:00,20.1,12.2,0.14,23.7,35.0,0.63,0.0
2020-12-02 08:45:00,20.3,12.2,0.14,23.7,35.0,0.63,0.0
2020-12-02 09:00:00,20.5,12.2,0.14,23.7,35.0,0.63,0.0
2020-12-02 09:15:00,20.7,12.0,0.15,23.7,35.0,0.63,0.0
2020-12-02 09:30:00,20.9,12.0,0.14,23.7,35.0,0.63,0.0
2020-12-02 09:45:00,21.1,12.3,0.14,23.7,35.0,0.63,0.0
2020-12-02 10:00:00,21.3,12.3,0.14,23.7,35.2,0.62,0.0
2020-12-02 10:15:00,21.5,12.1,0.15,23.7,35.2,0.62,0.0
2020-12-02 10:30:00,21.7,12.1,0.15,23.7,35.2,0.62,0.0
2020-12-02 10:45:00,21.9,12.4,0.14,23.7,35.2,0.62,0.0
2020-12-02 11:00:00,22.4,12.4,0.14,23.7,35.2,0.62,0.0
2020-12-02 11:15:00,22.6,12.2,0.15,23.7,35.2,0.62,0.0
2020-12-02 11:30:00,22.8,12.2,0.15,23.7,35.2,0.62,0.0
2020-12-02 11:45:00,23.0,12.2,0.15,23.5,34.5,0.63,0.0
2020-12-02 12:00:00,23.0,12.2,0.14,23.7,34.7,0.62,0.0
2020-12-02 12:15:00,23.5,12.3,0.15,23.5,34.7,0.62,0.0
2020-12-02 12:30:00,23.7,12.3,0.15,23.5,34.7,0.62,0.0
2020-12-02 12:45:00,23.9,12.1,0.15,23.5,34.7,0.62,0.0
2020-12-02 13:00:00,24.2,12.6,0.14,23.5,34.7,0.62,0.0
2020-12-02 13:15:00,24.4,12.6,0.14,23.5,34.7,0.62,0.0
2020-12-02 13:30:00,24.9,12.9,0.14,23.5,34.7,0.62,0.0
2020-12-02 13:45:00,24.9,12.7,0.14,23.5,34.9,0.61,0.0
2020-12-02 14:00:00,25.1,12.7,0.14,23.5,34.9,0.61,0.0
2020-12-02 14:15:00,25.1,12.2,0.15,23.5,34.9,0.61,0.0
2020-12-02 14:30:00,25.1,12.2,0.15,23.5,34.9,0.61,0.0
2020-12-02 14:45:00,25.1,12.4,0.14,23.5,34.9,0.61,0.0
2020-12-02 15:00:00,25.1,12.4,0.14,23.5,34.3,0.62,0.0
2020-12-02 15:15:00,24.9,12.4,0.14,23.5,34.3,0.62,0.0
2020-12-02 15:30:00,24.9,12.6,0.14,23.5,34.3,0.62,0.0
2020-12-02 15:45:00,24.9,12.6,0.14,23.5,34.3,0.62,0.0
2020-12-02 16:00:00,24.9,12.6,0.14,23.5,34.3,0.62,0.0
2020-12-02 16:15:00,24.9,12.6,0.14,23.5,34.3,0.62,0.0
2020-12-02 16:30:00,24.7,12.6,0.14,23.5,34.5,0.61,0.0
2020-12-02 16:45:00,24.7,12.1,0.15,23.5,34.5,0.61,0.0
2020-12-02 17:00:00,24.7,12.3,0.14,23.5,34.5,0.61,0.0
2020-12-02 17:15:00,24.4,12.3,0.14,23.7,34.5,0.61,0.0
2020-12-02 17:30:00,24.4,12.3,0.14,23.7,34.5,0.61,0.0
2020-12-02 17:45:00,24.4,12.5,0.14,23.7,34.5,0.61,0.0
2020-12-02 18:00:00,24.2,12.5,0.14,23.7,34.5,0.61,0.0
2020-12-02 18:15:00,24.2,12.5,0.14,23.7,34.5,0.61,0.0
2020-12-02 18:30:00,23.9,12.5,0.14,23.7,34.5,0.61,0.0
2020-12-02 18:45:00,23.9,12.2,0.14,23.7,34.5,0.61,0.0
2020-12-02 19:00:00,23.7,12.2,0.14,23.7,34.5,0.61,0.0
2020-12-02 19:15:00,23.7,12.2,0.14,23.7,34.5,0.61,0.0
2020-12-02 19:30:00,23.5,12.4,0.14,23.7,34.5,0.61,0.0
2020-12-02 19:45:00,23.5,12.4,0.14,23.7,34.5,0.61,0.0
2020-12-02 20:00:00,23.5,12.4,0.14,23.7,34.5,0.61,0.0
2020-12-02 20:15:00,23.3,12.1,0.14,23.7,34.5,0.61,0.0
2020-12-02 20:30:00,23.3,12.1,0.14,23.7,34.5,0.61,0.0
2020-12-02 20:45:00,23.0,12.1,0.14,23.7,34.5,0.61,0.0
2020-12-02 21:00:00,23.0,12.3,0.14,23.7,34.5,0.61,0.0
2020-12-02 21:15:00,23.0,12.3,0.14,23.7,34.5,0.61,0.0
2020-12-02 21:30:00,22.8,12.3,0.14,23.7,34.5,0.61,0.0
2020-12-02 21:45:00,22.8,12.5,0.14,23.7,34.5,0.61,0.0
2020-12-02 22:00:00,22.6,12.0,0.14,23.7,34.5,0.61,0.0
2020-12-02 22:15:00,22.6,12.0,0.14,23.7,34.5,0.61,0.0
2020-12-02 22:30:00,22.6,12.0,0.14,23.7,34.5,0.61,0.0
2020-12-02 22:45:00,22.4,12.2,0.14,23.7,34.5,0.61,0.0
2020-12-02 23:00:00,22.4,12.2,0.14,23.7,34.5,0.61,0.0
2020-12-02 23:15:00,22.4,12.2,0.14,23.7,34.5,0.61,0.0
2020-12-02 23:30:00,22.1,11.6,0.14,23.7,34.5,0.61,0.0
2020-12-02 23:45:00,22.1,11.9,0.14,23.7,34.5,0.61,0.0
2020-12-03 00:00:00,22.1,11.9,0.14,23.7,34.5,0.61,0.0
2020-12-03 00:15:00,22.1,11.8,0.14,23.7,34.5,0.61,0.0
2020-12-03 00:30:00,22.1,11.8,0.14,23.7,34.5,0.61,0.0
2020-12-03 00:45:00,22.1,11.8,0.14,23.7,34.5,0.61,0.0
2020-12-03 01:00:00,22.1,12.1,0.14,23.7,34.5,0.61,0.0
2020-12-03 01:15:00,21.9,12.1,0.14,23.7,34.5,0.61,0.0
2020-12-03 01:30:00,21.9,12.1,0.14,23.7,34.5,0.61,0.0
2020-12-03 01:45:00,21.9,11.5,0.14,23.7,34.5,0.61,0.0
2020-12-03 02:00:00,21.9,11.5,0.14,23.9,34.5,0.61,0.0
2020-12-03 02:15:00,21.9,11.7,0.14,23.7,34.5,0.61,0.0
2020-12-03 02:30:00,21.7,11.7,0.14,23.7,34.5,0.61,0.0
2020-12-03 02:45:00,21.7,11.7,0.14,23.9,34.5,0.61,0.0
2020-12-03 03:00:00,21.7,11.7,0.14,23.7,34.5,0.61,0.0
2020-12-03 03:15:00,21.7,11.7,0.14,23.7,34.5,0.61,0.0
2020-12-03 03:30:00,21.7,11.7,0.14,23.7,34.8,0.61,0.0
2020-12-03 03:45:00,21.7,11.7,0.14,23.7,34.5,0.61,0.0
2020-12-03 04:00:00,21.7,12.0,0.14,23.7,34.5,0.61,0.0
2020-12-03 04:15:00,21.7,12.0,0.14,23.7,34.5,0.61,0.0
2020-12-03 04:30:00,21.7,11.4,0.14,23.7,34.5,0.61,0.0
2020-12-03 04:45:00,21.7,11.4,0.14,23.7,34.5,0.61,0.0
2020-12-03 05:00:00,21.7,11.4,0.14,23.7,34.5,0.61,0.0
2020-12-03 05:15:00,21.7,11.4,0.14,23.7,34.5,0.61,0.0
2020-12-03 05:30:00,21.7,11.4,0.14,23.7,34.5,0.61,0.0
2020-12-03 05:45:00,21.7,11.4,0.14,23.7,34.5,0.61,0.0
2020-12-03 06:00:00,21.7,11.4,0.14,23.7,34.5,0.61,0.0
2020-12-03 06:15:00,21.7,11.6,0.14,23.7,34.5,0.61,0.0
2020-12-03 06:30:00,21.7,11.6,0.14,23.7,34.5,0.61,0.0
2020-12-03 06:45:00,21.7,11.6,0.14,23.7,34.5,0.61,0.0
2020-12-03 07:00:00,21.7,11.6,0.14,23.7,34.5,0.61,0.0
2020-12-03 07:15:00,21.7,11.6,0.14,23.7,34.5,0.61,0.0
2020-12-03 07:30:00,21.7,11.6,0.14,23.7,34.5,0.61,0.0
2020-12-03 07:45:00,21.7,11.6,0.14,23.7,34.5,0.61,0.0
2020-12-03 08:00:00,21.9,11.6,0.14,23.7,34.5,0.61,0.0
2020-12-03 08:15:00,21.9,11.6,0.14,23.7,34.7,0.6,0.0
2020-12-03 08:30:00,21.9,11.6,0.14,23.7,34.5,0.61,0.0
2020-12-03 08:45:00,21.9,11.1,0.14,23.7,34.5,0.61,0.0
2020-12-03 09:00:00,21.9,11.4,0.14,23.7,34.7,0.6,0.0
2020-12-03 09:15:00,21.9,11.6,0.14,23.7,34.7,0.6,0.0
2020-12-03 09:30:00,22.1,11.4,0.14,23.7,34.5,0.61,0.0
2020-12-03 09:45:00,22.1,11.9,0.13,23.7,34.5,0.61,0.0
2020-12-03 10:00:00,22.1,11.4,0.14,23.7,34.7,0.6,0.0
2020-12-03 10:15:00,22.4,11.9,0.13,23.7,34.7,0.6,0.0
2020-12-03 10:30:00,22.4,11.4,0.14,23.7,34.7,0.6,0.0
2020-12-03 10:45:00,22.4,11.4,0.14,23.7,34.7,0.6,0.0
2020-12-03 11:00:00,22.6,11.4,0.14,23.7,34.7,0.6,0.0
2020-12-03 11:15:00,22.4,11.4,0.14,23.7,35.0,0.6,0.0
2020-12-03 11:30:00,22.6,11.4,0.14,23.7,34.7,0.6,0.0
2020-12-03 11:45:00,22.6,11.4,0.14,22.4,32.6,0.64,0.0
2020-12-03 12:00:00,22.6,11.4,0.14,23.7,34.0,0.62,0.0
2020-12-03 12:15:00,22.6,11.4,0.14,23.7,34.0,0.62,0.0
2020-12-03 12:30:00,22.6,11.4,0.14,23.7,34.0,0.62,0.0
2020-12-03 12:45:00,22.8,11.4,0.14,23.7,34.0,0.62,0.0
2020-12-03 13:00:00,22.8,11.4,0.14,23.7,34.0,0.62,0.0
2020-12-03 13:15:00,22.8,11.4,0.14,23.5,34.7,0.6,0.0
2020-12-03 13:30:00,22.8,11.4,0.14,23.5,34.0,0.62,0.0
2020-12-03 13:45:00,23.0,11.4,0.14,23.7,34.0,0.62,0.0
2020-12-03 14:00:00,23.0,11.4,0.14,23.5,34.0,0.62,0.0
2020-12-03 14:15:00,23.0,11.4,0.14,23.5,34.2,0.61,0.0
2020-12-03 14:30:00,23.0,11.4,0.14,23.5,34.2,0.61,0.0
2020-12-03 14:45:00,23.0,11.4,0.14,23.7,34.2,0.61,0.0
2020-12-03 15:00:00,23.0,11.4,0.14,23.5,34.6,0.6,0.0
2020-12-03 15:15:00,23.0,11.4,0.14,23.5,34.2,0.61,0.0
2020-12-03 15:30:00,23.0,11.4,0.14,23.5,34.6,0.6,0.0
2020-12-03 15:45:00,23.0,11.4,0.14,23.5,34.2,0.61,0.2
2020-12-03 16:00:00,23.0,11.4,0.14,23.5,34.2,0.61,0.0
2020-12-03 16:15:00,23.0,11.7,0.14,23.5,34.2,0.61,0.0
2020-12-03 16:30:00,23.0,11.4,0.14,23.5,34.6,0.6,0.0
2020-12-03 16:45:00,23.0,11.4,0.14,23.5,34.6,0.6,0.0
2020-12-03 17:00:00,23.0,11.4,0.14,23.5,34.6,0.6,0.0
2020-12-03 17:15:00,23.0,11.6,0.13,23.5,34.2,0.61,0.0
2020-12-03 17:30:00,23.0,11.9,0.13,23.5,34.2,0.61,0.0
2020-12-03 17:45:00,23.0,11.6,0.13,23.5,34.2,0.61,0.0
2020-12-03 18:00:00,22.8,11.6,0.13,23.5,34.6,0.6,0.0
2020-12-03 18:15:00,22.8,11.6,0.13,23.5,34.2,0.61,0.2
2020-12-03 18:30:00,22.8,11.4,0.14,23.5,34.2,0.61,0.0
2020-12-03 18:45:00,22.8,11.4,0.14,23.5,34.2,0.61,0.0
2020-12-03 19:00:00,22.8,11.6,0.13,23.5,34.2,0.61,0.0
2020-12-03 19:15:00,22.6,11.6,0.13,23.5,34.2,0.61,0.0
2020-12-03 19:30:00,22.6,11.6,0.13,23.5,34.2,0.61,0.0
2020-12-03 19:45:00,22.6,11.3,0.14,23.5,34.2,0.61,0.0
2020-12-03 20:00:00,22.6,11.6,0.13,23.5,34.6,0.6,0.0
2020-12-03 20:15:00,22.6,11.3,0.14,23.5,34.2,0.61,0.0
2020-12-03 20:30:00,22.6,11.8,0.13,23.5,34.2,0.61,0.0
2020-12-03 20:45:00,22.6,11.3,0.14,23.5,34.2,0.61,0.2
2020-12-03 21:00:00,22.6,11.3,0.14,23.5,34.2,0.61,0.0
2020-12-03 21:15:00,22.4,11.8,0.13,23.5,34.2,0.61,0.0
2020-12-03 21:30:00,22.4,11.8,0.13,23.5,33.3,0.62,0.0
2020-12-03 21:45:00,22.4,11.8,0.13,23.5,34.6,0.6,0.0
2020-12-03 22:00:00,22.4,11.5,0.13,23.5,34.6,0.6,0.0
2020-12-03 22:15:00,22.4,11.8,0.13,23.5,34.2,0.61,0.2
2020-12-03 22:30:00,22.4,11.3,0.14,23.5,34.2,0.61,0.0
2020-12-03 22:45:00,22.1,11.8,0.13,23.7,34.2,0.61,0.0
2020-12-03 23:00:00,22.1,11.0,0.14,23.5,34.2,0.61,0.0
2020-12-03 23:15:00,22.1,11.5,0.13,23.5,34.2,0.61,0.0
2020-12-03 23:30:00,22.1,11.5,0.13,23.5,34.2,0.61,0.0
2020-12-03 23:45:00,22.1,11.5,0.13,23.5,34.2,0.61,0.0
2020-12-04 00:00:00,22.1,11.2,0.13,23.5,34.2,0.61,0.2
2020-12-04 00:15:00,21.9,11.5,0.13,23.5,34.6,0.6,0.0
2020-12-04 00:30:00,21.9,11.2,0.13,23.5,34.6,0.6,0.0
2020-12-04 00:45:00,21.9,11.5,0.13,23.5,34.2,0.61,0.0
2020-12-04 01:00:00,21.9,11.5,0.13,23.5,34.2,0.61,0.0
2020-12-04 01:15:00,21.9,11.5,0.13,23.5,34.6,0.6,0.0
2020-12-04 01:30:00,21.9,11.5,0.13,23.5,34.2,0.61,0.0
2020-12-04 01:45:00,21.9,11.7,0.13,23.7,34.6,0.6,0.0
2020-12-04 02:00:00,21.9,11.5,0.13,23.5,34.2,0.61,0.0
2020-12-04 02:15:00,21.9,11.7,0.13,23.5,34.2,0.61,0.0
2020-12-04 02:30:00,21.9,11.7,0.13,23.5,34.2,0.61,0.0
2020-12-04 02:45:00,21.9,11.7,0.13,23.5,34.2,0.61,0.0
2020-12-04 03:00:00,21.9,11.7,0.13,23.5,34.6,0.6,0.0
2020-12-04 03:15:00,21.9,11.7,0.13,23.5,34.2,0.61,0.0
2020-12-04 03:30:00,21.9,11.7,0.13,23.5,34.6,0.6,0.0
2020-12-04 03:45:00,21.9,11.7,0.13,23.5,34.2,0.61,0.0
2020-12-04 04:00:00,21.9,11.7,0.13,23.5,34.2,0.61,0.0
2020-12-04 04:15:00,21.9,11.7,0.13,23.5,34.2,0.61,0.0
2020-12-04 04:30:00,21.7,11.7,0.13,23.5,34.6,0.6,0.2
2020-12-04 04:45:00,21.7,11.7,0.13,23.5,34.2,0.61,0.2
2020-12-04 05:00:00,21.7,11.7,0.13,23.5,34.2,0.61,0.2
2020-12-04 05:15:00,21.7,11.2,0.13,23.5,34.2,0.61,0.0
2020-12-04 05:30:00,21.7,11.7,0.13,23.5,34.6,0.6,0.2
2020-12-04 05:45:00,21.7,11.2,0.13,23.5,34.2,0.61,0.2
2020-12-04 06:00:00,21.7,11.2,0.13,23.5,34.6,0.6,0.2
2020-12-04 06:15:00,21.7,11.2,0.13,23.5,34.2,0.61,0.0
2020-12-04 06:30:00,21.7,11.2,0.13,23.5,34.2,0.61,0.0
2020-12-04 06:45:00,21.7,11.4,0.13,23.5,34.2,0.61,0.0
2020-12-04 07:00:00,21.7,11.4,0.13,23.5,34.6,0.6,0.0
2020-12-04 07:15:00,21.7,11.2,0.14,23.5,34.2,0.61,0.0
2020-12-04 07:30:00,21.7,11.4,0.13,23.5,34.2,0.61,0.0
2020-12-04 07:45:00,21.7,11.4,0.13,23.5,34.2,0.61,0.0
2020-12-04 08:00:00,21.7,11.4,0.13,23.5,34.2,0.61,0.0
2020-12-04 08:15:00,21.7,11.4,0.13,23.5,34.2,0.61,0.0
2020-12-04 08:30:00,21.7,11.4,0.13,23.5,34.6,0.6,0.0
2020-12-04 08:45:00,21.7,11.4,0.13,23.5,34.2,0.61,0.0
2020-12-04 09:00:00,21.7,11.4,0.13,23.5,34.2,0.61,0.0
2020-12-04 09:15:00,21.7,11.4,0.13,23.5,34.2,0.61,0.0
2020-12-04 09:30:00,21.9,11.2,0.13,23.5,34.2,0.61,0.0
2020-12-04 09:45:00,21.9,11.2,0.13,23.5,34.2,0.61,0.0
2020-12-04 10:00:00,21.9,11.7,0.13,23.5,34.4,0.6,0.0
2020-12-04 10:15:00,22.1,11.7,0.13,23.5,34.4,0.6,0.0
2020-12-04 10:30:00,22.1,11.7,0.13,23.5,34.4,0.6,0.0
2020-12-04 10:45:00,22.1,11.7,0.13,23.5,34.4,0.6,0.0
2020-12-04 11:00:00,22.1,11.7,0.13,23.5,34.4,0.6,0.0
2020-12-04 11:15:00,22.1,11.7,0.13,23.5,34.4,0.6,0.0
2020-12-04 11:30:00,22.1,11.7,0.13,23.5,34.4,0.6,0.0
2020-12-04 11:45:00,22.1,11.5,0.13,23.5,34.7,0.59,0.0
2020-12-04 12:00:00,22.1,11.5,0.13,23.5,34.4,0.6,0.0
2020-12-04 12:15:00,22.1,11.5,0.13,23.5,34.4,0.6,0.0
2020-12-04 12:30:00,22.4,11.5,0.13,23.5,34.4,0.6,0.0
2020-12-04 12:45:00,22.4,11.5,0.13,23.5,34.4,0.6,0.0
2020-12-04 13:00:00,22.4,11.5,0.13,23.5,34.4,0.6,0.0
2020-12-04 13:15:00,22.6,11.5,0.13,23.5,33.7,0.61,0.0
2020-12-04 13:30:00,22.6,11.5,0.13,23.5,34.1,0.61,0.0
2020-12-04 13:45:00,22.6,11.5,0.13,23.5,33.7,0.61,0.0
2020-12-04 14:00:00,22.6,11.5,0.13,23.5,34.1,0.61,0.0
2020-12-04 14:15:00,22.6,11.5,0.13,23.5,33.7,0.61,0.0
2020-12-04 14:30:00,22.6,11.5,0.13,23.5,34.4,0.6,0.0
2020-12-04 14:45:00,22.6,11.5,0.13,23.5,33.7,0.61,0.0
2020-12-04 15:00:00,22.6,11.5,0.13,23.5,34.1,0.61,0.0
2020-12-04 15:15:00,22.6,11.5,0.13,23.5,34.1,0.61,0.0
2020-12-04 15:30:00,22.6,11.5,0.13,23.5,33.7,0.61,0.0
2020-12-04 15:45:00,22.6,11.5,0.13,23.5,34.1,0.61,0.0
2020-12-04 16:00:00,22.6,11.5,0.13,23.5,33.7,0.61,0.0
2020-12-04 16:15:00,22.8,11.5,0.13,23.5,34.1,0.61,0.0
2020-12-04 16:30:00,22.8,11.5,0.13,23.5,34.1,0.61,0.0
2020-12-04 16:45:00,22.8,11.5,0.13,23.5,34.1,0.61,0.0
2020-12-04 17:00:00,22.8,11.3,0.14,23.5,34.3,0.6,0.0
2020-12-04 17:15:00,22.8,11.3,0.14,23.5,33.9,0.6,0.0
2020-12-04 17:30:00,22.8,11.3,0.14,23.5,34.3,0.6,0.0
2020-12-04 17:45:00,22.8,11.3,0.14,23.5,34.3,0.6,0.0
2020-12-04 18:00:00,22.8,11.5,0.13,23.5,33.7,0.61,0.0
2020-12-04 18:15:00,22.6,11.5,0.13,23.5,33.7,0.61,0.0
2020-12-04 18:30:00,22.6,11.5,0.13,23.5,33.7,0.61,0.0
2020-12-04 18:45:00,22.6,11.5,0.13,23.5,34.4,0.6,0.0
2020-12-04 19:00:00,22.6,11.5,0.13,23.5,34.1,0.61,0.0
2020-12-04 19:15:00,22.6,11.5,0.13,23.5,34.4,0.6,0.0
2020-12-04 19:30:00,22.4,11.5,0.13,23.5,34.4,0.6,0.0
2020-12-04 19:45:00,22.4,11.5,0.13,23.5,34.4,0.6,0.0
2020-12-04 20:00:00,22.4,11.5,0.13,23.5,34.7,0.59,0.0
2020-12-04 20:15:00,22.4,11.5,0.13,23.5,34.4,0.6,0.0
2020-12-04 20:30:00,22.4,11.5,0.13,23.5,34.4,0.6,0.0
2020-12-04 20:45:00,22.4,11.5,0.13,23.5,34.4,0.6,0.0
2020-12-04 21:00:00,22.4,11.5,0.13,23.5,34.7,0.59,0.0
2020-12-04 21:15:00,22.4,11.5,0.13,23.5,34.4,0.6,0.0
2020-12-04 21:30:00,22.4,11.5,0.13,23.5,34.4,0.6,0.0
2020-12-04 21:45:00,22.4,11.5,0.13,23.5,34.7,0.59,0.0
2020-12-04 22:00:00,22.4,11.5,0.13,23.5,34.4,0.6,0.4
2020-12-04 22:15:00,22.1,11.5,0.13,23.5,34.4,0.6,0.6
2020-12-04 22:30:00,22.1,11.5,0.13,23.5,34.4,0.6,0.0
2020-12-04 22:45:00,22.1,11.5,0.13,23.5,34.4,0.6,0.0
2020-12-04 23:00:00,22.1,11.7,0.13,23.5,34.4,0.6,0.0
2020-12-04 23:15:00,22.1,11.5,0.13,23.5,34.7,0.59,0.0
2020-12-04 23:30:00,22.1,11.7,0.13,23.5,34.6,0.6,0.0
2020-12-04 23:45:00,22.1,11.7,0.13,23.7,34.2,0.61,0.0
2020-12-05 00:00:00,22.1,11.7,0.13,23.5,34.2,0.61,0.0
2020-12-05 00:15:00,22.1,11.7,0.13,23.5,34.2,0.61,0.0
2020-12-05 00:30:00,22.1,11.7,0.13,23.5,34.2,0.61,0.0
2020-12-05 00:45:00,22.1,11.7,0.13,23.5,34.2,0.61,0.0
2020-12-05 01:00:00,22.1,11.7,0.13,23.5,34.2,0.61,0.0
2020-12-05 01:15:00,21.9,11.7,0.13,23.5,34.2,0.61,0.0
2020-12-05 01:30:00,21.9,11.2,0.13,23.5,34.2,0.61,0.0
2020-12-05 01:45:00,21.9,11.7,0.13,23.5,34.6,0.6,0.0
2020-12-05 02:00:00,21.9,11.7,0.13,23.5,34.2,0.61,0.0
2020-12-05 02:15:00,21.9,11.7,0.13,23.5,34.2,0.61,0.0
2020-12-05 02:30:00,21.9,11.7,0.13,23.5,34.6,0.6,0.0
2020-12-05 02:45:00,21.9,11.7,0.13,23.3,34.2,0.61,0.0
2020-12-05 03:00:00,21.9,11.7,0.13,23.5,34.2,0.61,0.0
2020-12-05 03:15:00,21.9,11.7,0.13,23.5,34.2,0.61,0.0
2020-12-05 03:30:00,21.9,11.7,0.13,23.5,34.2,0.61,0.0
2020-12-05 03:45:00,21.9,11.7,0.13,23.5,34.2,0.61,0.0
2020-12-05 04:00:00,21.9,11.7,0.13,23.3,34.2,0.61,0.0
2020-12-05 04:15:00,21.9,11.7,0.13,23.3,34.2,0.61,0.0
2020-12-05 04:30:00,21.9,11.7,0.13,23.5,34.2,0.61,0.0
2020-12-05 04:45:00,21.9,11.7,0.13,23.3,34.5,0.6,0.0
2020-12-05 05:00:00,21.9,11.7,0.13,23.3,34.2,0.61,0.0
2020-12-05 05:15:00,21.7,11.2,0.13,23.5,34.2,0.61,0.0
2020-12-05 05:30:00,21.7,11.2,0.13,23.5,34.2,0.61,0.0
2020-12-05 05:45:00,21.7,11.7,0.13,23.3,34.2,0.61,0.0
2020-12-05 06:00:00,21.7,11.7,0.13,23.3,34.2,0.61,0.0
2020-12-05 06:15:00,21.7,11.7,0.13,23.5,34.2,0.61,0.0
2020-12-05 06:30:00,21.7,11.7,0.13,23.3,34.2,0.61,0.0
2020-12-05 06:45:00,21.7,11.7,0.13,23.3,34.2,0.61,0.0
2020-12-05 07:00:00,21.7,11.2,0.13,23.3,34.2,0.61,0.0
2020-12-05 07:15:00,21.7,11.7,0.13,23.3,34.2,0.61,0.0
2020-12-05 07:30:00,21.7,11.7,0.13,23.3,34.2,0.61,0.0
2020-12-05 07:45:00,21.7,11.7,0.13,23.3,34.2,0.61,0.0
2020-12-05 08:00:00,21.7,11.7,0.13,23.3,34.2,0.61,0.0
2020-12-05 08:15:00,21.7,11.4,0.13,23.3,34.2,0.61,0.0
2020-12-05 08:30:00,21.9,11.7,0.13,23.3,34.2,0.61,0.0
2020-12-05 08:45:00,21.9,11.7,0.13,23.3,34.2,0.61,0.0
2020-12-05 09:00:00,21.9,11.5,0.13,23.3,34.2,0.61,0.0
2020-12-05 09:15:00,22.1,11.5,0.13,23.3,34.2,0.61,0.0
2020-12-05 09:30:00,22.1,11.5,0.13,23.3,34.2,0.61,0.0
2020-12-05 09:45:00,22.1,11.5,0.13,23.3,34.2,0.61,0.0
2020-12-05 10:00:00,22.4,11.5,0.13,23.3,34.2,0.61,0.0
2020-12-05 10:15:00,22.4,11.5,0.13,23.3,34.2,0.61,0.0
2020-12-05 10:30:00,22.4,11.5,0.13,23.3,34.5,0.6,0.0
2020-12-05 10:45:00,22.4,11.5,0.13,23.3,34.2,0.61,0.0
2020-12-05 11:00:00,22.4,11.5,0.13,23.3,34.4,0.6,0.0
2020-12-05 11:15:00,22.6,11.3,0.14,23.3,34.4,0.6,0.0
2020-12-05 11:30:00,22.6,11.3,0.14,23.3,34.4,0.6,0.0
2020-12-05 11:45:00,22.8,11.3,0.14,23.3,34.4,0.6,0.0
2020-12-05 12:00:00,22.8,11.3,0.13,23.3,34.7,0.59,0.0
2020-12-05 12:15:00,23.0,11.3,0.13,23.3,34.4,0.6,0.0
2020-12-05 12:30:00,23.0,11.3,0.13,23.3,34.4,0.6,0.0
2020-12-05 12:45:00,23.0,11.8,0.13,23.3,34.4,0.6,0.0
2020-12-05 13:00:00,23.0,11.6,0.13,23.3,34.4,0.6,0.0
2020-12-05 13:15:00,23.0,11.6,0.13,23.3,34.4,0.6,0.2
2020-12-05 13:30:00,23.3,11.6,0.13,23.3,34.4,0.6,0.4
2020-12-05 13:45:00,23.3,11.6,0.13,23.3,34.1,0.61,1.0
2020-12-05 14:00:00,23.3,11.6,0.13,23.3,34.4,0.6,0.0
2020-12-05 14:15:00,23.3,11.6,0.13,23.3,34.4,0.6,0.0
2020-12-05 14:30:00,23.5,11.6,0.13,23.3,33.7,0.61,0.0
2020-12-05 14:45:00,23.5,11.6,0.13,23.3,34.4,0.6,0.0
2020-12-05 15:00:00,23.5,11.6,0.13,23.3,34.4,0.6,0.0
2020-12-05 15:15:00,23.5,11.6,0.13,23.3,34.4,0.6,0.0
2020-12-05 15:30:00,23.5,11.6,0.13,23.3,34.4,0.6,0.0
2020-12-05 15:45:00,23.5,11.4,0.14,23.3,34.4,0.6,0.0
2020-12-05 16:00:00,23.5,11.4,0.14,23.3,33.7,0.61,0.0
2020-12-05 16:15:00,23.5,11.4,0.14,23.3,34.1,0.61,0.0
2020-12-05 16:30:00,23.5,11.6,0.13,23.3,34.4,0.6,0.0
2020-12-05 16:45:00,23.5,11.4,0.14,23.3,33.7,0.61,0.0
2020-12-05 17:00:00,23.7,11.4,0.14,23.3,34.1,0.61,0.0
2020-12-05 17:15:00,23.5,11.4,0.14,23.3,34.1,0.61,0.0
2020-12-05 17:30:00,23.5,11.4,0.14,23.3,33.7,0.61,0.0
2020-12-05 17:45:00,23.5,11.6,0.13,23.3,34.4,0.6,0.0
2020-12-05 18:00:00,23.3,11.6,0.13,23.3,33.7,0.61,0.0
2020-12-05 18:15:00,23.3,11.6,0.13,23.3,33.7,0.61,0.0
2020-12-05 18:30:00,23.3,11.6,0.13,23.3,34.1,0.61,0.0
2020-12-05 18:45:00,23.0,11.6,0.13,23.3,34.1,0.61,0.0
2020-12-05 19:00:00,23.0,11.6,0.13,23.3,34.4,0.6,0.0
2020-12-05 19:15:00,23.0,11.8,0.13,23.3,34.1,0.61,0.0
2020-12-05 19:30:00,22.8,11.8,0.13,23.3,34.1,0.61,0.0
2020-12-05 19:45:00,22.8,11.8,0.13,23.3,34.1,0.61,0.0
2020-12-05 20:00:00,22.8,11.3,0.13,23.3,34.1,0.61,0.0
2020-12-05 20:15:00,22.8,11.3,0.14,23.3,33.7,0.61,0.0
2020-12-05 20:30:00,22.6,11.3,0.14,23.3,34.4,0.6,0.0
2020-12-05 20:45:00,22.6,11.3,0.14,23.3,33.7,0.61,0.0
2020-12-05 21:00:00,22.6,11.3,0.14,23.3,33.7,0.61,0.0
2020-12-05 21:15:00,22.6,11.3,0.14,23.3,34.4,0.6,0.0
2020-12-05 21:30:00,22.6,11.3,0.14,23.3,34.4,0.6,0.0
2020-12-05 21:45:00,22.6,11.3,0.14,23.3,34.4,0.6,0.0
2020-12-05 22:00:00,22.6,11.3,0.14,23.3,34.7,0.59,0.4
2020-12-05 22:15:00,22.4,11.5,0.13,23.5,34.4,0.6,0.0
2020-12-05 22:30:00,22.4,11.5,0.13,23.3,34.1,0.61,0.0
2020-12-05 22:45:00,22.4,11.5,0.13,23.3,34.4,0.6,0.0
2020-12-05 23:00:00,22.4,11.5,0.13,23.5,34.4,0.6,0.0
2020-12-05 23:15:00,22.4,11.5,0.13,23.3,34.4,0.6,0.0
2020-12-05 23:30:00,22.4,11.5,0.13,23.5,34.4,0.6,0.0
2020-12-05 23:45:00,22.4,11.5,0.13,23.3,34.7,0.59,0.0
2020-12-06 00:00:00,22.4,11.5,0.13,23.5,34.1,0.61,0.0
2020-12-06 00:15:00,22.1,11.5,0.13,23.5,34.1,0.61,0.0
2020-12-06 00:30:00,22.1,11.5,0.13,23.5,34.7,0.59,0.0
2020-12-06 00:45:00,22.1,11.5,0.13,23.3,34.4,0.6,0.0
2020-12-06 01:00:00,22.1,11.5,0.13,23.5,34.1,0.61,0.0
2020-12-06 01:15:00,22.1,11.5,0.13,23.5,34.7,0.59,0.0
2020-12-06 01:30:00,22.1,11.5,0.13,23.5,34.1,0.61,0.0
2020-12-06 01:45:00,22.1,11.5,0.13,23.5,34.4,0.6,0.0
2020-12-06 02:00:00,22.1,11.5,0.13,23.5,34.4,0.6,0.0
2020-12-06 02:15:00,21.9,11.5,0.13,23.5,33.7,0.61,0.0
2020-12-06 02:30:00,21.9,11.5,0.13,23.5,34.4,0.6,0.0
2020-12-06 02:45:00,21.9,11.5,0.13,23.5,34.4,0.6,0.0
2020-12-06 03:00:00,21.9,11.7,0.13,23.5,34.7,0.59,0.0
2020-12-06 03:15:00,21.9,11.2,0.13,23.5,34.4,0.6,0.0
2020-12-06 03:30:00,21.9,11.7,0.13,23.5,34.4,0.6,0.0
2020-12-06 03:45:00,21.9,11.7,0.13,23.5,34.7,0.59,0.0
2020-12-06 04:00:00,21.9,11.7,0.13,23.5,34.1,0.61,0.0
2020-12-06 04:15:00,21.9,11.7,0.13,23.3,34.4,0.6,0.0
2020-12-06 04:30:00,21.7,11.2,0.13,23.5,34.4,0.6,0.0
2020-12-06 04:45:00,21.7,11.7,0.13,23.3,34.4,0.6,0.0
2020-12-06 05:00:00,21.7,11.7,0.13,23.3,34.4,0.6,0.0
2020-12-06 05:15:00,21.7,11.7,0.13,23.3,34.4,0.6,0.0
2020-12-06 05:30:00,21.7,11.7,0.13,23.3,34.1,0.61,0.0
2020-12-06 05:45:00,21.7,11.7,0.13,23.5,34.4,0.6,0.0
2020-12-06 06:00:00,21.7,11.7,0.13,23.5,33.7,0.61,0.0
2020-12-06 06:15:00,21.7,11.4,0.13,23.3,34.4,0.6,0.0
2020-12-06 06:30:00,21.7,11.4,0.13,23.3,34.4,0.6,0.4
2020-12-06 06:45:00,21.7,11.4,0.13,23.5,34.4,0.6,0.0
2020-12-06 07:00:00,21.7,11.7,0.13,23.3,34.1,0.61,0.0
2020-12-06 07:15:00,21.7,11.4,0.13,23.3,34.1,0.61,0.6
2020-12-06 07:30:00,21.7,11.4,0.13,23.3,34.1,0.61,0.0
2020-12-06 07:45:00,21.7,11.4,0.13,23.3,34.4,0.6,0.0
2020-12-06 08:00:00,21.7,11.4,0.13,23.3,33.7,0.61,0.0
2020-12-06 08:15:00,21.7,11.7,0.13,23.3,34.4,0.6,0.0
2020-12-06 08:30:00,21.7,11.7,0.13,23.3,34.4,0.6,0.0
2020-12-06 08:45:00,21.7,11.4,0.13,23.3,34.4,0.6,0.0
2020-12-06 09:00:00,21.7,11.5,0.13,23.3,34.7,0.59,0.0
2020-12-06 09:15:00,21.9,11.5,0.13,23.3,33.7,0.61,0.0
2020-12-06 09:30:00,21.9,11.2,0.13,23.3,34.4,0.6,0.0
2020-12-06 09:45:00,21.9,11.5,0.13,23.3,34.1,0.61,0.0
2020-12-06 10:00:00,21.9,11.5,0.13,23.3,33.7,0.61,0.0
2020-12-06 10:15:00,22.1,11.5,0.13,23.3,34.4,0.6,0.0
2020-12-06 10:30:00,22.1,11.3,0.14,23.3,34.1,0.61,0.0
2020-12-06 10:45:00,22.4,11.8,0.13,23.3,33.7,0.61,0.0
2020-12-06 11:00:00,22.6,11.8,0.13,23.3,33.7,0.61,0.0
2020-12-06 11:15:00,22.8,11.6,0.13,23.3,33.7,0.61,0.0
2020-12-06 11:30:00,23.0,11.6,0.13,23.3,33.7,0.61,0.0
2020-12-06 11:45:00,23.0,11.6,0.13,23.3,33.7,0.61,0.0
2020-12-06 12:00:00,23.0,11.6,0.13,23.3,34.4,0.6,0.2
2020-12-06 12:15:00,22.8,11.6,0.13,23.3,34.4,0.6,0.2
2020-12-06 12:30:00,22.8,11.6,0.13,23.3,33.7,0.61,0.0
2020-12-06 12:45:00,22.8,11.6,0.13,23.3,33.7,0.61,0.0
2020-12-06 13:00:00,22.8,11.6,0.13,23.3,34.1,0.61,0.0
2020-12-06 13:15:00,23.0,11.6,0.13,23.3,33.7,0.61,0.0
2020-12-06 13:30:00,23.3,11.4,0.14,23.3,33.7,0.61,0.0
2020-12-06 13:45:00,23.5,11.4,0.14,23.3,34.1,0.61,0.0
2020-12-06 14:00:00,23.7,11.2,0.14,23.3,33.7,0.61,0.0
2020-12-06 14:15:00,23.7,11.2,0.14,23.3,34.1,0.61,0.0
2020-12-06 14:30:00,23.7,11.2,0.14,23.3,34.4,0.6,0.0
2020-12-06 14:45:00,23.7,11.2,0.14,23.3,33.9,0.6,0.0
2020-12-06 15:00:00,23.7,11.7,0.13,23.3,33.7,0.61,0.0
2020-12-06 15:15:00,23.7,11.2,0.14,23.3,33.7,0.61,0.0
2020-12-06 15:30:00,23.9,11.7,0.13,23.3,34.1,0.61,0.0
2020-12-06 15:45:00,23.9,11.2,0.14,23.3,33.7,0.61,0.0
2020-12-06 16:00:00,23.7,11.7,0.13,23.3,33.7,0.61,0.0
2020-12-06 16:15:00,23.7,11.2,0.14,23.3,33.9,0.6,0.0
2020-12-06 16:30:00,23.7,11.4,0.14,23.3,33.7,0.61,1.4
2020-12-06 16:45:00,23.5,11.9,0.13,23.3,33.7,0.61,0.0
2020-12-06 17:00:00,23.5,11.4,0.14,23.3,33.7,0.61,0.0
2020-12-06 17:15:00,23.5,11.4,0.14,23.3,33.7,0.61,0.0
2020-12-06 17:30:00,23.5,11.9,0.13,23.3,34.1,0.61,0.0
2020-12-06 17:45:00,23.5,11.4,0.14,23.3,33.7,0.61,0.0
2020-12-06 18:00:00,23.5,11.4,0.14,23.3,34.1,0.61,0.0
2020-12-06 18:15:00,23.3,11.4,0.14,23.3,34.1,0.61,0.0
2020-12-06 18:30:00,23.3,11.4,0.14,23.3,34.1,0.61,0.0
2020-12-06 18:45:00,23.3,11.4,0.14,23.3,33.7,0.61,1.2
2020-12-06 19:00:00,23.0,11.4,0.14,23.3,34.1,0.61,0.0
2020-12-06 19:15:00,23.0,11.9,0.14,23.3,33.7,0.61,1.0
2020-12-06 19:30:00,22.8,12.8,0.15,23.3,34.1,0.61,0.2
2020-12-06 19:45:00,22.8,14.1,0.16,23.3,33.7,0.61,0.0
2020-12-06 20:00:00,22.8,14.9,0.17,23.3,33.7,0.61,0.0
2020-12-06 20:15:00,22.6,15.8,0.17,23.3,33.7,0.61,0.0
2020-12-06 20:30:00,22.6,16.6,0.17,23.3,34.7,0.59,0.0
2020-12-06 20:45:00,22.6,16.6,0.18,23.3,33.7,0.61,0.0
2020-12-06 21:00:00,22.6,16.7,0.18,23.3,34.1,0.61,0.0
2020-12-06 21:15:00,22.6,16.8,0.18,23.3,33.7,0.61,0.0
2020-12-06 21:30:00,22.6,16.9,0.18,23.3,33.7,0.61,0.0
2020-12-06 21:45:00,22.6,17.2,0.18,23.3,33.7,0.61,0.2
2020-12-06 22:00:00,22.4,17.0,0.18,23.3,34.1,0.61,0.2
2020-12-06 22:15:00,22.4,17.3,0.18,23.3,34.4,0.6,0.0
2020-12-06 22:30:00,22.4,17.0,0.18,23.3,34.1,0.61,0.0
2020-12-06 22:45:00,22.4,17.3,0.18,23.3,34.4,0.6,0.0
2020-12-06 23:00:00,22.4,17.3,0.18,23.3,34.4,0.6,0.0
2020-12-06 23:15:00,22.4,17.1,0.19,23.3,34.4,0.6,0.0
2020-12-06 23:30:00,22.4,17.1,0.19,23.3,33.7,0.61,0.0
2020-12-06 23:45:00,22.4,17.6,0.18,23.3,34.4,0.6,0.0
2020-12-07 00:00:00,22.1,17.4,0.19,23.3,34.1,0.61,0.0
2020-12-07 00:15:00,22.1,17.4,0.19,23.3,33.7,0.61,0.0
2020-12-07 00:30:00,22.1,17.4,0.19,23.3,34.1,0.61,0.0
2020-12-07 00:45:00,22.1,17.4,0.19,23.3,34.4,0.6,0.0
2020-12-07 01:00:00,22.1,17.7,0.18,23.3,34.1,0.61,0.0
2020-12-07 01:15:00,22.1,17.5,0.19,23.5,33.7,0.61,0.0
2020-12-07 01:30:00,22.1,17.5,0.19,23.3,34.1,0.61,0.0
2020-12-07 01:45:00,22.1,17.5,0.19,23.3,33.7,0.61,0.0
2020-12-07 02:00:00,22.1,17.5,0.19,23.3,33.7,0.61,0.0
2020-12-07 02:15:00,21.9,17.3,0.19,23.3,34.4,0.6,0.0
2020-12-07 02:30:00,21.9,17.3,0.19,23.3,34.4,0.6,0.0
2020-12-07 02:45:00,21.9,17.3,0.19,23.3,33.7,0.61,0.0
2020-12-07 03:00:00,21.9,17.3,0.19,23.3,33.7,0.61,0.0
2020-12-07 03:15:00,21.9,17.3,0.19,23.3,34.4,0.6,0.0
2020-12-07 03:30:00,21.9,17.3,0.19,23.3,33.7,0.61,0.0
2020-12-07 03:45:00,21.9,17.8,0.19,23.3,34.1,0.61,0.0
2020-12-07 04:00:00,21.9,17.8,0.19,23.3,34.1,0.61,0.0
2020-12-07 04:15:00,21.9,17.8,0.19,23.3,34.1,0.61,0.0
2020-12-07 04:30:00,21.9,17.8,0.19,23.3,34.4,0.6,0.0
2020-12-07 04:45:00,21.7,17.8,0.19,23.3,34.1,0.61,0.0
2020-12-07 05:00:00,21.7,17.7,0.19,23.3,34.1,0.61,0.0
2020-12-07 05:15:00,21.7,17.7,0.19,23.3,33.7,0.61,0.0
2020-12-07 05:30:00,21.7,17.7,0.19,23.3,34.4,0.6,0.0
2020-12-07 05:45:00,21.7,17.7,0.19,23.3,33.7,0.61,0.0
2020-12-07 06:00:00,21.7,17.7,0.19,23.3,34.4,0.6,0.0
2020-12-07 06:15:00,21.7,17.7,0.19,23.3,34.4,0.6,0.0
2020-12-07 06:30:00,21.7,17.7,0.19,23.3,33.7,0.61,0.2
2020-12-07 06:45:00,21.7,17.7,0.19,23.3,33.7,0.61,0.0
2020-12-07 07:00:00,21.7,17.7,0.19,23.3,33.7,0.61,0.0
2020-12-07 07:15:00,21.7,17.7,0.19,23.3,34.4,0.6,0.0
2020-12-07 07:30:00,21.7,17.7,0.19,23.3,34.4,0.6,0.0
2020-12-07 07:45:00,21.7,17.7,0.19,23.3,33.7,0.61,0.0
2020-12-07 08:00:00,21.7,17.7,0.19,23.3,34.4,0.6,0.0
2020-12-07 08:15:00,21.7,17.5,0.19,23.3,34.4,0.6,0.0
2020-12-07 08:30:00,21.7,17.7,0.19,23.3,33.7,0.61,0.0
2020-12-07 08:45:00,21.7,17.7,0.19,23.3,33.7,0.61,0.0
2020-12-07 09:00:00,21.7,17.7,0.19,23.3,34.1,0.61,0.0
2020-12-07 09:15:00,21.9,17.6,0.19,23.3,33.7,0.61,0.0
2020-12-07 09:30:00,21.9,17.6,0.19,23.3,34.1,0.61,0.0
2020-12-07 09:45:00,22.1,17.6,0.19,23.3,34.4,0.6,0.0
2020-12-07 10:00:00,22.4,17.4,0.19,23.3,34.4,0.6,0.0
2020-12-07 10:15:00,22.6,17.4,0.19,23.3,33.7,0.61,0.0
2020-12-07 10:30:00,22.8,17.4,0.19,23.3,33.7,0.61,0.0
2020-12-07 10:45:00,23.0,17.4,0.19,23.3,33.7,0.61,0.0
2020-12-07 11:00:00,23.0,17.3,0.19,23.3,33.7,0.61,0.0
2020-12-07 11:15:00,23.3,17.7,0.19,23.3,33.9,0.6,0.0
2020-12-07 11:30:00,23.5,17.5,0.19,23.3,33.9,0.6,0.0
2020-12-07 11:45:00,23.7,17.5,0.19,23.3,33.7,0.61,0.0
2020-12-07 12:00:00,23.7,17.5,0.19,23.3,33.9,0.6,0.0
2020-12-07 12:15:00,23.7,17.7,0.19,23.3,33.9,0.6,0.0
2020-12-07 12:30:00,23.7,17.7,0.19,23.3,33.9,0.6,0.0
2020-12-07 12:45:00,23.5,17.7,0.19,23.3,33.9,0.6,0.0
2020-12-07 13:00:00,23.7,17.4,0.19,23.3,33.9,0.6,0.0
2020-12-07 13:15:00,23.7,17.2,0.19,23.3,33.9,0.6,0.0
2020-12-07 13:30:00,23.9,17.2,0.19,23.3,33.9,0.6,0.0
2020-12-07 13:45:00,23.9,17.2,0.19,23.3,34.3,0.6,0.0
2020-12-07 14:00:00,23.9,17.2,0.19,23.3,34.3,0.6,0.0
2020-12-07 14:15:00,23.9,17.2,0.19,23.3,33.9,0.6,0.0
2020-12-07 14:30:00,23.9,17.2,0.19,23.3,33.9,0.6,0.2
2020-12-07 14:45:00,23.9,17.2,0.19,23.3,33.9,0.6,1.6
2020-12-07 15:00:00,23.9,17.8,0.19,23.3,34.3,0.6,0.0
2020-12-07 15:15:00,23.9,18.2,0.19,23.3,33.9,0.6,0.0
2020-12-07 15:30:00,23.7,18.3,0.19,23.3,33.9,0.6,0.0
2020-12-07 15:45:00,23.7,17.9,0.2,23.3,33.9,0.6,0.0
2020-12-07 16:00:00,23.7,17.9,0.2,23.3,33.9,0.6,0.0
2020-12-07 16:15:00,23.7,18.3,0.19,23.3,33.9,0.6,0.0
2020-12-07 16:30:00,23.7,18.2,0.2,23.3,33.9,0.6,0.0
2020-12-07 16:45:00,23.7,18.2,0.2,23.3,33.9,0.6,0.0
2020-12-07 17:00:00,23.7,18.2,0.2,23.3,34.3,0.6,0.0
2020-12-07 17:15:00,23.7,18.3,0.19,23.3,34.3,0.6,0.0
2020-12-07 17:30:00,23.5,18.3,0.19,23.3,33.9,0.6,0.0
2020-12-07 17:45:00,23.5,18.3,0.19,23.3,33.9,0.6,0.0
2020-12-07 18:00:00,23.5,18.3,0.19,23.3,33.9,0.6,0.0
2020-12-07 18:15:00,23.5,18.3,0.19,23.3,34.3,0.6,0.0
2020-12-07 18:30:00,23.3,18.3,0.19,23.3,34.3,0.6,0.0
2020-12-07 18:45:00,23.3,18.0,0.19,23.3,33.9,0.6,0.0
2020-12-07 19:00:00,23.3,18.5,0.19,23.3,33.9,0.6,0.0
2020-12-07 19:15:00,23.0,18.0,0.19,23.3,33.7,0.61,0.0
2020-12-07 19:30:00,23.0,18.0,0.19,23.3,34.1,0.61,0.0
2020-12-07 19:45:00,23.0,18.3,0.19,23.3,33.9,0.6,1.0
2020-12-07 20:00:00,22.8,19.1,0.2,23.3,33.9,0.6,0.4
2020-12-07 20:15:00,22.8,19.9,0.21,23.3,33.9,0.6,1.2
2020-12-07 20:30:00,22.6,21.3,0.22,23.5,33.7,0.61,1.2
2020-12-07 20:45:00,22.6,21.5,0.23,23.3,33.7,0.61,0.6
2020-12-07 21:00:00,22.6,21.9,0.22,23.3,34.1,0.61,0.4
2020-12-07 21:15:00,22.4,21.9,0.22,23.3,34.3,0.6,0.2
2020-12-07 21:30:00,22.4,21.8,0.22,23.3,34.1,0.61,0.0
2020-12-07 21:45:00,22.4,21.2,0.23,23.5,34.1,0.61,0.0
2020-12-07 22:00:00,22.1,21.2,0.23,23.5,33.7,0.61,0.0
2020-12-07 22:15:00,22.1,21.4,0.22,23.5,34.1,0.61,0.0
2020-12-07 22:30:00,22.1,21.2,0.22,23.3,33.7,0.61,0.0
2020-12-07 22:45:00,21.9,20.9,0.22,23.5,34.1,0.61,0.0
2020-12-07 23:00:00,21.9,21.0,0.22,23.5,33.7,0.61,0.0
2020-12-07 23:15:00,21.9,21.0,0.22,23.5,33.7,0.61,0.0
2020-12-07 23:30:00,21.9,20.7,0.22,23.3,34.1,0.61,0.0
2020-12-07 23:45:00,21.7,20.7,0.22,23.5,34.1,0.61,0.0
2020-12-08 00:00:00,21.7,20.8,0.21,23.5,33.7,0.61,0.0
2020-12-08 00:15:00,21.7,20.5,0.22,23.5,34.1,0.61,0.0
2020-12-08 00:30:00,21.7,20.5,0.22,23.5,34.1,0.61,0.0
2020-12-08 00:45:00,21.5,20.2,0.22,23.5,33.7,0.61,0.0
2020-12-08 01:00:00,21.5,20.2,0.22,23.5,33.7,0.61,0.0
2020-12-08 01:15:00,21.5,20.4,0.21,23.5,33.7,0.61,0.0
2020-12-08 01:30:00,21.3,20.1,0.22,23.3,33.7,0.61,0.0
2020-12-08 01:45:00,21.3,20.1,0.22,23.0,32.8,0.61,0.0
2020-12-08 02:00:00,21.3,20.1,0.22,23.3,33.7,0.61,0.0
2020-12-08 02:15:00,21.3,20.5,0.21,23.3,33.7,0.61,0.0
2020-12-08 02:30:00,21.3,20.1,0.22,23.3,33.7,0.61,0.0
2020-12-08 02:45:00,21.3,20.2,0.21,23.5,33.7,0.61,0.0
2020-12-08 03:00:00,21.3,20.2,0.21,23.3,33.7,0.61,0.0
2020-12-08 03:15:00,21.3,20.2,0.21,23.3,33.7,0.61,0.0
2020-12-08 03:30:00,21.3,19.9,0.21,23.3,34.1,0.61,0.0
2020-12-08 03:45:00,21.3,19.9,0.21,23.3,33.7,0.61,0.0
2020-12-08 04:00:00,21.1,19.9,0.21,23.3,34.1,0.61,0.0
2020-12-08 04:15:00,21.3,20.1,0.21,23.3,33.7,0.61,0.0
2020-12-08 04:30:00,21.1,20.1,0.21,23.3,33.7,0.61,0.0
2020-12-08 04:45:00,21.1,19.6,0.21,23.3,34.1,0.61,0.0
2020-12-08 05:00:00,21.1,19.8,0.21,23.3,34.1,0.61,0.0
2020-12-08 05:15:00,21.1,19.8,0.21,23.3,34.3,0.6,0.0
2020-12-08 05:30:00,21.1,19.8,0.21,23.3,34.1,0.61,0.0
2020-12-08 05:45:00,21.1,19.7,0.21,23.3,33.7,0.61,0.0
2020-12-08 06:00:00,21.1,19.9,0.21,23.3,33.7,0.61,0.0
2020-12-08 06:15:00,21.1,19.7,0.21,23.3,33.7,0.61,0.0
2020-12-08 06:30:00,20.9,19.9,0.21,23.3,34.3,0.6,0.0
2020-12-08 06:45:00,20.9,19.9,0.21,23.3,33.9,0.6,0.0
2020-12-08 07:00:00,20.9,19.9,0.21,23.3,34.3,0.6,0.0
2020-12-08 07:15:00,20.9,19.9,0.21,23.3,34.3,0.6,0.0
2020-12-08 07:30:00,20.9,19.9,0.21,23.3,33.9,0.6,0.0
2020-12-08 07:45:00,20.9,19.6,0.21,23.3,33.9,0.6,0.0
2020-12-08 08:00:00,20.9,19.6,0.21,23.3,33.9,0.6,0.0
2020-12-08 08:15:00,20.9,19.6,0.21,23.3,33.9,0.6,0.0
2020-12-08 08:30:00,21.1,19.6,0.21,23.3,33.9,0.6,0.0
2020-12-08 08:45:00,21.1,19.6,0.21,23.3,33.9,0.6,0.0
2020-12-08 09:00:00,21.3,19.6,0.21,23.3,34.3,0.6,0.0
2020-12-08 09:15:00,21.5,19.5,0.21,23.3,34.3,0.6,0.0
2020-12-08 09:30:00,21.7,19.7,0.21,23.3,34.3,0.6,0.0
2020-12-08 09:45:00,21.9,19.7,0.21,23.3,34.3,0.6,0.0
2020-12-08 10:00:00,22.1,19.7,0.21,23.3,33.9,0.6,0.0
2020-12-08 10:15:00,22.4,19.3,0.21,23.3,33.9,0.6,0.0
2020-12-08 10:30:00,22.8,19.5,0.21,23.3,33.9,0.6,0.0
2020-12-08 10:45:00,23.0,19.5,0.21,23.3,33.9,0.6,0.0
2020-12-08 11:00:00,23.5,19.6,0.21,23.3,33.9,0.6,0.0
2020-12-08 11:15:00,23.7,19.6,0.21,23.3,33.9,0.6,0.0
2020-12-08 11:30:00,24.2,19.4,0.21,23.3,34.3,0.6,0.0
2020-12-08 11:45:00,24.4,19.4,0.21,23.3,34.3,0.6,0.0
2020-12-08 12:00:00,24.9,19.4,0.21,23.3,33.9,0.6,0.0
2020-12-08 12:15:00,24.9,19.4,0.21,23.0,33.9,0.6,0.0
2020-12-08 12:30:00,24.9,19.5,0.2,23.3,33.9,0.6,0.0
2020-12-08 12:45:00,24.9,19.1,0.21,23.0,33.9,0.6,0.0
2020-12-08 13:00:00,24.9,19.1,0.21,23.0,33.9,0.6,0.0
2020-12-08 13:15:00,24.9,19.2,0.2,23.0,34.3,0.6,0.0
2020-12-08 13:30:00,24.9,19.2,0.2,23.0,34.3,0.6,0.0
2020-12-08 13:45:00,25.1,18.8,0.21,23.0,34.3,0.6,0.0
2020-12-08 14:00:00,25.4,19.0,0.21,23.3,33.9,0.6,0.0
2020-12-08 14:15:00,25.6,19.0,0.21,23.0,33.9,0.6,0.0
2020-12-08 14:30:00,25.9,19.0,0.21,23.3,34.3,0.6,0.0
2020-12-08 14:45:00,26.2,19.3,0.2,23.3,34.3,0.6,0.0
2020-12-08 15:00:00,25.9,19.0,0.2,23.3,34.3,0.6,0.0
2020-12-08 15:15:00,25.6,19.2,0.2,23.3,34.5,0.59,0.0
2020-12-08 15:30:00,25.6,19.2,0.2,23.3,33.9,0.6,0.0
2020-12-08 15:45:00,25.4,19.1,0.2,23.3,34.3,0.6,0.0
2020-12-08 16:00:00,25.1,18.6,0.21,23.3,33.9,0.6,0.0
2020-12-08 16:15:00,25.1,18.8,0.2,23.3,34.3,0.6,0.0
2020-12-08 16:30:00,24.9,18.8,0.2,23.3,34.3,0.6,0.0
2020-12-08 16:45:00,24.7,18.9,0.2,23.3,33.9,0.6,0.0
2020-12-08 17:00:00,24.7,18.4,0.2,23.3,34.3,0.6,0.0
2020-12-08 17:15:00,24.7,18.6,0.2,23.3,34.5,0.59,0.0
2020-12-08 17:30:00,24.4,18.6,0.2,23.3,34.5,0.59,0.0
2020-12-08 17:45:00,24.4,18.8,0.2,23.3,34.3,0.6,0.0
2020-12-08 18:00:00,24.2,18.3,0.2,23.3,33.9,0.6,0.0
2020-12-08 18:15:00,24.2,18.5,0.2,23.3,34.3,0.6,0.0
2020-12-08 18:30:00,23.9,18.5,0.2,23.3,34.3,0.6,0.0
2020-12-08 18:45:00,23.9,18.6,0.2,23.3,34.3,0.6,0.0
2020-12-08 19:00:00,23.7,18.6,0.2,23.3,33.9,0.6,0.0
2020-12-08 19:15:00,23.5,18.6,0.2,23.3,33.9,0.6,0.0
2020-12-08 19:30:00,23.5,18.3,0.2,23.3,34.3,0.6,0.0
2020-12-08 19:45:00,23.3,18.3,0.2,23.3,34.3,0.6,0.0
2020-12-08 20:00:00,23.3,18.5,0.2,23.3,34.3,0.6,0.0
2020-12-08 20:15:00,23.0,18.5,0.2,23.3,34.3,0.6,0.0
2020-12-08 20:30:00,23.0,18.5,0.2,23.5,34.3,0.6,0.0
2020-12-08 20:45:00,23.0,18.6,0.19,23.5,34.3,0.6,0.0
2020-12-08 21:00:00,23.0,18.2,0.2,23.5,34.3,0.6,0.0
2020-12-08 21:15:00,22.8,18.2,0.2,23.5,34.3,0.6,0.0
2020-12-08 21:30:00,22.8,18.2,0.2,23.5,34.3,0.6,0.0
2020-12-08 21:45:00,22.8,18.4,0.19,23.0,32.3,0.61,0.0
2020-12-08 22:00:00,22.8,18.4,0.19,23.5,34.3,0.6,0.0
2020-12-08 22:15:00,22.6,18.3,0.19,23.5,34.3,0.6,0.0
2020-12-08 22:30:00,22.6,18.3,0.19,23.5,34.3,0.6,0.0
2020-12-08 22:45:00,22.6,18.3,0.19,23.5,33.9,0.6,0.0
2020-12-08 23:00:00,22.4,17.9,0.2,23.5,34.3,0.6,0.0
2020-12-08 23:15:00,22.4,18.0,0.2,23.5,34.3,0.6,0.4
2020-12-08 23:30:00,22.4,18.0,0.2,23.5,34.3,0.6,0.0
2020-12-08 23:45:00,22.4,18.0,0.2,23.5,34.3,0.6,0.0
2020-12-09 00:00:00,22.1,18.0,0.2,23.5,34.3,0.6,0.2
2020-12-09 00:15:00,22.1,18.0,0.2,23.5,33.9,0.6,0.0
2020-12-09 00:30:00,22.1,18.0,0.2,23.5,33.9,0.6,0.0
2020-12-09 00:45:00,22.1,18.0,0.2,23.5,34.3,0.6,0.2
2020-12-09 01:00:00,22.1,18.0,0.2,23.5,34.3,0.6,0.2
2020-12-09 01:15:00,22.1,18.0,0.2,23.5,34.3,0.6,0.0
2020-12-09 01:30:00,21.9,18.5,0.19,23.5,34.3,0.6,0.0
2020-12-09 01:45:00,21.9,18.3,0.2,23.5,34.3,0.6,0.0
2020-12-09 02:00:00,21.9,18.3,0.2,23.5,34.3,0.6,0.0
2020-12-09 02:15:00,21.9,18.3,0.2,23.5,34.3,0.6,0.0
2020-12-09 02:30:00,21.7,18.1,0.2,23.5,34.3,0.6,0.0
2020-12-09 02:45:00,21.7,18.3,0.2,23.5,34.3,0.6,0.0
2020-12-09 03:00:00,21.7,18.1,0.2,23.5,34.3,0.6,0.0
2020-12-09 03:15:00,21.7,18.1,0.2,23.5,34.3,0.6,0.0
2020-12-09 03:30:00,21.7,18.3,0.2,23.5,34.3,0.6,0.0
2020-12-09 03:45:00,21.5,18.1,0.2,23.5,34.3,0.6,0.0
2020-12-09 04:00:00,21.5,18.1,0.2,23.5,34.3,0.6,0.0
2020-12-09 04:15:00,21.5,18.2,0.2,23.5,34.3,0.6,0.0
2020-12-09 04:30:00,21.3,18.2,0.2,23.5,33.9,0.6,0.0
2020-12-09 04:45:00,21.3,18.2,0.2,23.5,34.3,0.6,0.0
2020-12-09 05:00:00,21.3,18.2,0.2,23.5,34.3,0.6,0.0
2020-12-09 05:15:00,21.3,18.2,0.2,23.5,34.3,0.6,0.0
2020-12-09 05:30:00,21.1,18.2,0.2,23.5,33.9,0.6,0.0
2020-12-09 05:45:00,21.1,18.2,0.2,23.5,33.9,0.6,0.0
2020-12-09 06:00:00,21.1,18.2,0.2,23.5,34.3,0.6,0.0
2020-12-09 06:15:00,21.1,18.2,0.2,23.5,34.3,0.6,0.0
2020-12-09 06:30:00,21.1,18.2,0.2,23.5,34.3,0.6,0.0
2020-12-09 06:45:00,20.9,18.2,0.2,23.3,34.3,0.6,0.0
2020-12-09 07:00:00,20.9,18.2,0.2,23.3,34.3,0.6,0.0
2020-12-09 07:15:00,20.7,18.4,0.19,23.3,34.3,0.6,0.0
2020-12-09 07:30:00,20.7,18.4,0.19,23.3,33.9,0.6,0.0
2020-12-09 07:45:00,20.7,18.2,0.2,23.3,34.3,0.6,0.0
2020-12-09 08:00:00,20.9,18.4,0.19,23.3,33.9,0.6,0.0
2020-12-09 08:15:00,20.9,18.2,0.2,23.3,34.3,0.6,0.0
2020-12-09 08:30:00,20.9,18.2,0.2,23.3,34.3,0.6,0.0
2020-12-09 08:45:00,21.1,18.2,0.2,23.3,34.3,0.6,0.0
2020-12-09 09:00:00,21.3,18.2,0.2,23.3,34.3,0.6,0.0
2020-12-09 09:15:00,21.5,18.5,0.19,23.3,33.9,0.6,0.0
2020-12-09 09:30:00,21.7,18.4,0.2,23.3,34.3,0.6,0.0
2020-12-09 09:45:00,21.9,18.6,0.19,23.3,34.3,0.6,0.0
2020-12-09 10:00:00,22.1,18.5,0.2,23.3,34.3,0.6,0.0
2020-12-09 10:15:00,22.6,18.5,0.2,23.3,34.3,0.6,0.0
2020-12-09 10:30:00,22.8,18.3,0.2,23.3,34.3,0.6,0.0
2020-12-09 10:45:00,23.0,18.3,0.2,23.3,33.9,0.6,0.0
2020-12-09 11:00:00,23.5,18.2,0.2,23.3,34.3,0.6,0.0
2020-12-09 11:15:00,23.9,18.9,0.2,23.3,34.3,0.6,0.0
2020-12-09 11:30:00,24.4,18.7,0.2,23.3,33.9,0.6,0.0
2020-12-09 11:45:00,24.7,18.7,0.2,23.3,34.3,0.6,0.0
2020-12-09 12:00:00,25.1,18.7,0.2,23.3,34.5,0.59,0.0
2020-12-09 12:15:00,25.4,18.4,0.2,23.3,34.5,0.59,0.0
2020-12-09 12:30:00,25.6,18.9,0.2,23.3,34.5,0.59,0.0
2020-12-09 12:45:00,25.9,18.9,0.2,23.3,34.5,0.59,0.0
2020-12-09 13:00:00,26.2,18.4,0.2,23.3,34.5,0.59,0.0
2020-12-09 13:15:00,26.4,18.5,0.2,23.3,34.5,0.59,0.0
2020-12-09 13:30:00,26.7,18.5,0.2,23.3,34.5,0.59,0.0
2020-12-09 13:45:00,26.9,18.5,0.2,23.3,34.5,0.59,0.0
2020-12-09 14:00:00,26.9,18.5,0.2,23.3,34.5,0.59,0.0
2020-12-09 14:15:00,27.2,18.5,0.2,23.3,34.5,0.59,0.0
2020-12-09 14:30:00,27.5,18.5,0.2,23.3,34.5,0.59,0.0
2020-12-09 14:45:00,27.5,18.5,0.2,23.3,34.5,0.59,0.0
2020-12-09 15:00:00,27.2,18.5,0.2,23.3,34.5,0.59,0.0
2020-12-09 15:15:00,26.9,18.7,0.2,23.3,34.5,0.59,0.0
2020-12-09 15:30:00,26.4,18.4,0.2,23.3,34.5,0.59,0.0
2020-12-09 15:45:00,26.2,18.5,0.2,23.3,34.5,0.59,0.0
2020-12-09 16:00:00,25.9,18.5,0.2,23.3,34.5,0.59,0.0
2020-12-09 16:15:00,25.6,18.7,0.19,23.3,34.5,0.59,0.0
2020-12-09 16:30:00,25.4,18.0,0.2,23.3,34.5,0.59,0.0
2020-12-09 16:45:00,25.1,18.6,0.19,23.3,34.5,0.59,0.0
2020-12-09 17:00:00,24.9,18.1,0.2,23.3,34.5,0.59,0.0
2020-12-09 17:15:00,24.9,18.3,0.19,23.5,34.5,0.59,0.0
2020-12-09 17:30:00,24.7,18.3,0.19,23.5,34.5,0.59,0.0
2020-12-09 17:45:00,24.4,18.4,0.19,23.5,34.1,0.59,0.0
2020-12-09 18:00:00,24.2,18.1,0.19,23.5,34.5,0.59,0.0
2020-12-09 18:15:00,24.2,18.1,0.19,23.5,34.5,0.59,0.0
2020-12-09 18:30:00,23.9,18.1,0.19,23.5,34.5,0.59,0.0
2020-12-09 18:45:00,23.7,18.3,0.19,23.5,34.5,0.59,0.0
2020-12-09 19:00:00,23.7,18.3,0.19,23.5,34.5,0.59,0.0
2020-12-09 19:15:00,23.5,18.0,0.19,23.5,34.5,0.59,0.0
2020-12-09 19:30:00,23.5,18.0,0.19,23.5,34.5,0.59,0.0
2020-12-09 19:45:00,23.3,17.7,0.19,23.5,34.3,0.6,0.0
2020-12-09 20:00:00,23.3,18.2,0.19,23.5,34.5,0.59,0.0
2020-12-09 20:15:00,23.0,18.2,0.19,23.5,34.1,0.59,0.0
2020-12-09 20:30:00,23.0,18.2,0.19,23.5,34.3,0.6,0.0
2020-12-09 20:45:00,23.0,17.6,0.19,23.5,34.3,0.6,0.0
2020-12-09 21:00:00,22.8,17.9,0.19,23.5,34.3,0.6,0.0
2020-12-09 21:15:00,22.8,17.9,0.19,23.5,34.3,0.6,0.0
2020-12-09 21:30:00,22.8,17.9,0.19,23.5,34.3,0.6,0.0
2020-12-09 21:45:00,22.8,17.9,0.19,23.5,34.3,0.6,0.0
2020-12-09 22:00:00,22.6,18.0,0.19,23.5,34.3,0.6,0.0
2020-12-09 22:15:00,22.6,18.0,0.19,23.5,34.3,0.6,0.0
2020-12-09 22:30:00,22.6,18.0,0.19,23.5,34.3,0.6,0.0
2020-12-09 22:45:00,22.6,17.6,0.19,23.5,34.3,0.6,0.0
2020-12-09 23:00:00,22.4,17.7,0.19,23.5,34.3,0.6,0.0
2020-12-09 23:15:00,22.4,17.7,0.19,23.5,33.9,0.6,0.0
2020-12-09 23:30:00,22.4,17.7,0.19,23.5,34.3,0.6,0.0
2020-12-09 23:45:00,22.4,17.7,0.19,23.5,34.3,0.6,0.0
2020-12-10 00:00:00,22.4,17.7,0.19,23.5,34.3,0.6,0.0
2020-12-10 00:15:00,22.4,17.7,0.19,23.5,34.3,0.6,0.0
2020-12-10 00:30:00,22.4,17.9,0.19,23.5,34.3,0.6,0.0
2020-12-10 00:45:00,22.4,17.9,0.19,23.5,34.3,0.6,0.0
2020-12-10 01:00:00,22.1,17.4,0.19,23.5,34.3,0.6,0.0
2020-12-10 01:15:00,22.1,17.4,0.19,23.5,34.3,0.6,0.0
2020-12-10 01:30:00,22.1,17.4,0.19,23.5,34.3,0.6,0.0
2020-12-10 01:45:00,22.1,17.6,0.19,23.5,34.3,0.6,0.0
2020-12-10 02:00:00,22.1,17.6,0.19,23.5,34.3,0.6,0.0
2020-12-10 02:15:00,22.1,17.6,0.19,23.5,34.3,0.6,0.0
2020-12-10 02:30:00,21.9,17.6,0.19,23.5,34.3,0.6,0.0
2020-12-10 02:45:00,21.9,17.6,0.19,23.5,34.3,0.6,0.0
2020-12-10 03:00:00,21.9,17.8,0.19,23.5,34.3,0.6,0.0
2020-12-10 03:15:00,21.9,17.3,0.19,23.5,34.3,0.6,0.0
2020-12-10 03:30:00,21.9,17.3,0.19,23.5,34.3,0.6,0.0
2020-12-10 03:45:00,21.7,17.3,0.19,23.5,34.3,0.6,0.0
2020-12-10 04:00:00,21.7,17.3,0.19,23.5,34.3,0.6,0.0
2020-12-10 04:15:00,21.7,17.3,0.19,23.5,34.3,0.6,0.0
2020-12-10 04:30:00,21.7,17.3,0.19,23.5,34.3,0.6,0.0
2020-12-10 04:45:00,21.7,17.5,0.19,23.5,34.3,0.6,0.0
2020-12-10 05:00:00,21.7,17.5,0.19,23.5,34.3,0.6,0.0
2020-12-10 05:15:00,21.7,17.5,0.19,23.5,34.3,0.6,0.0
2020-12-10 05:30:00,21.7,17.5,0.19,23.5,34.3,0.6,0.0
2020-12-10 05:45:00,21.7,17.5,0.19,23.5,34.3,0.6,0.0
2020-12-10 06:00:00,21.5,17.5,0.19,23.5,34.3,0.6,0.0
2020-12-10 06:15:00,21.5,17.5,0.19,23.5,34.3,0.6,0.0
2020-12-10 06:30:00,21.5,17.2,0.19,23.5,34.3,0.6,0.0
2020-12-10 06:45:00,21.5,17.2,0.19,23.5,34.3,0.6,0.0
2020-12-10 07:00:00,21.5,17.2,0.19,23.5,34.3,0.6,0.0
2020-12-10 07:15:00,21.3,17.2,0.19,23.5,34.3,0.6,0.0
2020-12-10 07:30:00,21.3,17.2,0.19,23.5,34.3,0.6,0.0
2020-12-10 07:45:00,21.3,17.3,0.19,23.5,34.3,0.6,0.0
2020-12-10 08:00:00,21.3,17.2,0.19,23.5,34.3,0.6,0.0
2020-12-10 08:15:00,21.3,17.2,0.19,23.5,34.3,0.6,0.0
2020-12-10 08:30:00,21.5,17.2,0.19,23.5,34.3,0.6,0.0
2020-12-10 08:45:00,21.7,17.4,0.19,23.5,34.3,0.6,0.0
2020-12-10 09:00:00,21.7,17.4,0.19,23.5,34.3,0.6,0.0
2020-12-10 09:15:00,21.9,17.4,0.19,23.5,34.3,0.6,0.0
2020-12-10 09:30:00,22.1,17.3,0.19,23.5,34.5,0.59,0.0
2020-12-10 09:45:00,22.4,17.6,0.19,23.5,34.3,0.6,0.0
2020-12-10 10:00:00,22.6,17.6,0.19,23.5,34.5,0.59,0.0
2020-12-10 10:15:00,22.8,17.4,0.19,23.5,34.3,0.6,0.0
2020-12-10 10:30:00,23.3,17.4,0.19,23.5,34.5,0.59,0.0
2020-12-10 10:45:00,23.7,17.2,0.19,23.3,34.5,0.59,0.0
2020-12-10 11:00:00,23.9,17.5,0.19,23.3,34.1,0.59,0.0
2020-12-10 11:15:00,24.7,17.6,0.19,23.3,34.5,0.59,0.0
2020-12-10 11:30:00,24.9,17.7,0.19,23.3,34.5,0.59,0.0
2020-12-10 11:45:00,25.4,17.5,0.19,23.3,34.5,0.59,0.0
2020-12-10 12:00:00,25.9,17.3,0.2,23.3,34.5,0.59,0.0
2020-12-10 12:15:00,26.4,17.6,0.19,23.3,34.5,0.59,0.0
2020-12-10 12:30:00,26.7,17.9,0.19,23.3,34.5,0.59,0.0
2020-12-10 12:45:00,27.2,17.7,0.19,23.3,34.5,0.59,0.0
2020-12-10 13:00:00,27.5,18.0,0.19,23.3,34.5,0.59,0.0
2020-12-10 13:15:00,27.8,17.8,0.19,23.3,34.5,0.59,0.0
2020-12-10 13:30:00,28.0,17.9,0.19,23.3,34.5,0.59,0.0
2020-12-10 13:45:00,28.6,17.7,0.2,23.3,34.5,0.59,0.0
2020-12-10 14:00:00,28.9,17.7,0.2,23.3,34.5,0.59,0.0
2020-12-10 14:15:00,28.9,17.7,0.2,23.3,34.5,0.59,0.0
2020-12-10 14:30:00,29.2,18.0,0.19,23.5,34.5,0.59,0.0
2020-12-10 14:45:00,29.2,18.0,0.19,23.5,33.8,0.6,0.0
2020-12-10 15:00:00,29.2,18.0,0.19,23.5,34.5,0.59,0.0
2020-12-10 15:15:00,28.9,17.7,0.2,23.5,34.5,0.59,0.0
2020-12-10 15:30:00,28.6,17.9,0.19,23.5,34.5,0.59,0.0
2020-12-10 15:45:00,28.0,18.0,0.19,23.5,34.5,0.59,0.0
2020-12-10 16:00:00,27.8,18.0,0.19,23.5,34.5,0.59,0.0
2020-12-10 16:15:00,27.5,17.7,0.19,23.5,34.5,0.59,0.0
2020-12-10 16:30:00,27.5,17.7,0.19,23.5,33.8,0.6,0.0
2020-12-10 16:45:00,27.2,17.4,0.19,23.5,34.5,0.59,0.0
2020-12-10 17:00:00,26.9,17.9,0.19,23.5,34.5,0.59,0.0
2020-12-10 17:15:00,26.7,17.6,0.19,23.5,33.8,0.6,0.0
2020-12-10 17:30:00,26.4,17.3,0.19,23.5,34.5,0.59,0.0
2020-12-10 17:45:00,26.2,17.3,0.19,23.5,34.5,0.59,0.0
2020-12-10 18:00:00,25.9,17.5,0.19,23.5,34.5,0.59,0.0
2020-12-10 18:15:00,25.6,17.6,0.19,23.5,34.5,0.59,0.0
2020-12-10 18:30:00,25.6,17.6,0.19,23.5,34.5,0.59,0.0
2020-12-10 18:45:00,25.4,17.6,0.19,23.7,34.3,0.6,0.0
2020-12-10 19:00:00,25.1,17.5,0.19,23.7,34.3,0.6,0.0
2020-12-10 19:15:00,24.9,17.3,0.19,23.7,34.3,0.6,0.0
2020-12-10 19:30:00,24.7,17.2,0.19,23.7,34.3,0.6,0.0
2020-12-10 19:45:00,24.7,17.2,0.19,23.7,34.3,0.6,0.0
2020-12-10 20:00:00,24.4,17.2,0.19,23.7,34.3,0.6,0.0
2020-12-10 20:15:00,24.2,17.4,0.19,23.7,34.3,0.6,0.0
2020-12-10 20:30:00,23.9,17.4,0.19,23.7,34.3,0.59,0.0
2020-12-10 20:45:00,23.9,17.4,0.19,23.7,34.3,0.59,0.0
2020-12-10 21:00:00,23.7,17.6,0.18,23.7,34.3,0.59,0.0
2020-12-10 21:15:00,23.7,17.1,0.19,23.7,34.3,0.59,0.0
2020-12-10 21:30:00,23.5,17.1,0.19,23.7,34.3,0.59,0.0
2020-12-10 21:45:00,23.3,17.3,0.19,23.7,34.3,0.59,0.0
2020-12-10 22:00:00,23.3,17.2,0.19,23.7,34.3,0.59,0.0
2020-12-10 22:15:00,23.0,17.2,0.19,23.7,34.3,0.59,0.0
2020-12-10 22:30:00,23.0,17.4,0.18,23.7,34.3,0.59,0.0
2020-12-10 22:45:00,22.8,17.4,0.18,23.7,34.3,0.59,0.0
2020-12-10 23:00:00,22.8,16.9,0.19,23.7,34.3,0.59,0.0
2020-12-10 23:15:00,22.6,17.1,0.19,23.7,34.3,0.59,0.0
2020-12-10 23:30:00,22.6,17.1,0.19,23.7,34.3,0.59,0.0
2020-12-10 23:45:00,22.4,16.8,0.19,23.7,34.3,0.59,0.0
2020-12-11 00:00:00,22.4,17.3,0.18,23.7,34.3,0.59,0.0
2020-12-11 00:15:00,22.1,17.3,0.18,23.7,34.3,0.59,0.0
2020-12-11 00:30:00,22.1,17.3,0.18,23.7,34.3,0.59,0.0
2020-12-11 00:45:00,21.9,16.8,0.19,23.7,34.3,0.59,0.0
2020-12-11 01:00:00,21.9,16.7,0.19,23.7,34.3,0.59,0.0
2020-12-11 01:15:00,21.9,17.0,0.19,23.7,34.3,0.59,0.0
2020-12-11 01:30:00,21.7,16.7,0.19,23.9,34.3,0.59,0.0
2020-12-11 01:45:00,21.7,16.9,0.18,23.7,34.3,0.59,0.0
2020-12-11 02:00:00,21.5,16.9,0.18,23.7,34.3,0.59,0.0
2020-12-11 02:15:00,21.5,16.9,0.18,23.7,34.3,0.59,0.0
2020-12-11 02:30:00,21.3,16.9,0.18,23.7,34.3,0.59,0.0
2020-12-11 02:45:00,21.3,16.8,0.18,23.7,34.3,0.59,0.0
2020-12-11 03:00:00,21.1,16.6,0.19,23.7,34.3,0.59,0.0
2020-12-11 03:15:00,21.1,16.6,0.19,23.7,34.3,0.59,0.0
2020-12-11 03:30:00,21.1,16.6,0.19,23.7,34.3,0.59,0.0
2020-12-11 03:45:00,20.9,16.7,0.18,23.7,34.3,0.59,0.0
2020-12-11 04:00:00,20.9,16.7,0.18,23.7,34.3,0.59,0.0
2020-12-11 04:15:00,20.7,16.7,0.18,23.7,34.3,0.59,0.0
2020-12-11 04:30:00,20.7,16.7,0.18,23.7,34.3,0.59,0.0
2020-12-11 04:45:00,20.7,16.7,0.18,23.7,34.3,0.59,0.0
2020-12-11 05:00:00,20.7,16.9,0.18,23.7,34.3,0.59,0.0
2020-12-11 05:15:00,20.7,16.4,0.19,23.7,34.3,0.59,0.0
2020-12-11 05:30:00,20.5,16.4,0.19,23.7,34.3,0.6,0.0
2020-12-11 05:45:00,20.5,16.4,0.19,23.7,34.3,0.6,0.0
2020-12-11 06:00:00,20.5,16.4,0.19,23.7,34.3,0.6,0.0
2020-12-11 06:15:00,20.5,16.4,0.19,23.7,34.3,0.6,0.0
2020-12-11 06:30:00,20.7,16.7,0.18,23.7,34.3,0.6,0.0
2020-12-11 06:45:00,20.7,16.4,0.19,23.7,34.3,0.6,0.0
2020-12-11 07:00:00,20.7,16.7,0.18,23.7,34.3,0.6,0.0
2020-12-11 07:15:00,20.7,16.7,0.18,23.7,34.3,0.6,0.0
2020-12-11 07:30:00,20.7,16.7,0.18,23.7,34.3,0.6,0.0
2020-12-11 07:45:00,20.7,16.7,0.18,23.7,34.3,0.6,0.0
2020-12-11 08:00:00,20.7,16.7,0.18,23.7,34.3,0.6,0.0
2020-12-11 08:15:00,20.9,16.7,0.18,23.5,34.3,0.6,0.0
2020-12-11 08:30:00,20.9,16.7,0.18,23.5,34.3,0.6,0.0
2020-12-11 08:45:00,21.1,16.7,0.18,23.5,34.3,0.6,0.0
2020-12-11 09:00:00,21.3,16.7,0.18,23.5,34.3,0.6,0.0
2020-12-11 09:15:00,21.3,16.5,0.19,23.5,34.3,0.6,0.0
2020-12-11 09:30:00,21.7,16.5,0.19,23.5,34.3,0.6,0.0
2020-12-11 09:45:00,21.9,16.8,0.18,23.5,34.3,0.6,0.0
2020-12-11 10:00:00,22.1,16.7,0.19,23.5,34.3,0.6,0.0
2020-12-11 10:15:00,22.6,16.7,0.19,23.5,34.3,0.6,0.0
2020-12-11 10:30:00,22.8,16.8,0.19,23.5,34.3,0.6,0.0
2020-12-11 10:45:00,23.3,17.1,0.18,23.5,34.3,0.6,0.0
2020-12-11 11:00:00,23.7,16.9,0.19,23.5,34.3,0.6,0.0
2020-12-11 11:15:00,24.2,16.9,0.19,23.5,34.3,0.6,0.0
2020-12-11 11:30:00,24.7,16.8,0.19,23.5,34.3,0.6,0.0
2020-12-11 11:45:00,25.1,16.8,0.19,23.5,34.3,0.6,0.0
2020-12-11 12:00:00,25.6,17.2,0.19,23.5,34.3,0.6,0.0
2020-12-11 12:15:00,26.2,17.4,0.18,23.5,34.3,0.6,0.0
2020-12-11 12:30:00,26.7,17.3,0.19,23.5,34.5,0.59,0.0
2020-12-11 12:45:00,26.9,17.1,0.19,23.5,34.5,0.59,0.0
2020-12-11 13:00:00,27.5,16.9,0.19,23.5,34.3,0.6,0.0
2020-12-11 13:15:00,27.8,17.4,0.19,23.5,34.3,0.6,0.0
2020-12-11 13:30:00,28.0,17.5,0.19,23.5,34.5,0.59,0.0
2020-12-11 13:45:00,28.3,17.5,0.19,23.5,34.5,0.59,0.0
2020-12-11 14:00:00,28.6,17.4,0.19,23.5,34.5,0.59,0.0
2020-12-11 14:15:00,28.9,17.4,0.19,23.5,34.5,0.59,0.0
2020-12-11 14:30:00,29.2,17.4,0.19,23.5,34.3,0.6,0.0
2020-12-11 14:45:00,29.2,17.2,0.19,23.5,34.3,0.6,0.0
2020-12-11 15:00:00,29.2,17.2,0.19,23.5,34.5,0.59,0.0
2020-12-11 15:15:00,28.9,17.4,0.19,23.5,34.5,0.59,0.0
2020-12-11 15:30:00,28.3,17.5,0.19,23.5,34.5,0.59,0.0
2020-12-11 15:45:00,28.0,17.3,0.19,23.5,34.3,0.6,0.0
2020-12-11 16:00:00,27.8,17.4,0.19,23.5,34.3,0.6,0.0
2020-12-11 16:15:00,27.5,16.9,0.19,23.5,34.3,0.6,0.0
2020-12-11 16:30:00,27.2,17.1,0.19,23.5,34.5,0.59,0.0
2020-12-11 16:45:00,26.9,17.3,0.19,23.5,34.3,0.6,0.0
2020-12-11 17:00:00,26.7,17.3,0.19,23.5,34.3,0.6,0.0
2020-12-11 17:15:00,26.4,17.0,0.19,23.5,34.3,0.6,0.0
2020-12-11 17:30:00,26.2,17.0,0.19,23.5,34.3,0.6,0.0
2020-12-11 17:45:00,25.9,17.1,0.19,23.7,34.3,0.6,0.0
2020-12-11 18:00:00,25.9,17.1,0.19,23.7,34.3,0.6,0.0
2020-12-11 18:15:00,25.6,17.3,0.18,23.7,34.3,0.6,0.0
2020-12-11 18:30:00,25.4,17.3,0.18,23.7,34.3,0.6,0.0
2020-12-11 18:45:00,25.1,16.7,0.19,23.7,34.3,0.6,0.0
2020-12-11 19:00:00,25.1,16.7,0.19,23.7,34.3,0.6,0.0
2020-12-11 19:15:00,24.9,16.7,0.19,23.7,34.3,0.6,0.0
2020-12-11 19:30:00,24.7,16.9,0.18,23.7,34.3,0.6,0.0
2020-12-11 19:45:00,24.4,16.9,0.18,23.7,34.3,0.59,0.0
2020-12-11 20:00:00,24.2,17.1,0.18,23.7,34.3,0.59,0.0
2020-12-11 20:15:00,24.2,17.1,0.18,23.7,34.3,0.59,0.0
2020-12-11 20:30:00,23.9,17.1,0.18,23.7,34.3,0.59,0.0
2020-12-11 20:45:00,23.7,16.8,0.18,23.7,34.3,0.59,0.0
2020-12-11 21:00:00,23.7,16.5,0.19,23.7,34.3,0.59,0.0
2020-12-11 21:15:00,23.5,16.5,0.19,23.7,34.3,0.59,0.0
2020-12-11 21:30:00,23.5,16.7,0.18,23.7,34.3,0.59,0.0
2020-12-11 21:45:00,23.3,16.7,0.18,23.9,34.3,0.59,0.0
2020-12-11 22:00:00,23.3,16.7,0.18,23.7,34.3,0.59,0.0
2020-12-11 22:15:00,23.0,16.8,0.18,23.9,34.3,0.59,0.0
2020-12-11 22:30:00,23.0,16.8,0.18,23.9,34.3,0.59,0.0
2020-12-11 22:45:00,22.8,16.4,0.18,23.9,34.3,0.59,0.0
2020-12-11 23:00:00,22.8,16.4,0.19,23.9,34.3,0.59,0.0
2020-12-11 23:15:00,22.8,16.5,0.18,23.7,33.0,0.61,0.0
2020-12-11 23:30:00,22.6,16.5,0.18,23.9,34.3,0.59,0.0
2020-12-11 23:45:00,22.6,16.5,0.18,23.9,34.3,0.59,0.0
2020-12-12 00:00:00,22.4,16.7,0.18,23.9,34.3,0.59,0.0
2020-12-12 00:15:00,22.4,16.7,0.18,23.9,34.3,0.59,0.0
2020-12-12 00:30:00,22.1,16.7,0.18,23.9,34.3,0.59,0.0
2020-12-12 00:45:00,22.1,16.2,0.18,23.9,34.3,0.59,0.0
2020-12-12 01:00:00,21.9,16.4,0.18,23.9,34.3,0.59,0.0
2020-12-12 01:15:00,21.9,16.4,0.18,23.9,34.3,0.59,0.0
2020-12-12 01:30:00,21.7,16.4,0.18,23.7,34.3,0.59,0.0
2020-12-12 01:45:00,21.7,16.4,0.18,23.9,34.3,0.59,0.0
2020-12-12 02:00:00,21.7,16.6,0.18,23.9,34.3,0.59,0.0
2020-12-12 02:15:00,21.5,16.6,0.18,23.7,34.3,0.59,0.0
2020-12-12 02:30:00,21.5,16.6,0.18,23.9,34.3,0.59,0.0
2020-12-12 02:45:00,21.3,16.1,0.18,23.9,34.3,0.59,0.0
2020-12-12 03:00:00,21.3,16.3,0.18,23.7,34.3,0.59,0.0
2020-12-12 03:15:00,21.3,16.3,0.18,23.7,34.3,0.59,0.0
2020-12-12 03:30:00,21.1,16.3,0.18,23.7,34.3,0.59,0.0
2020-12-12 03:45:00,21.1,16.3,0.18,23.7,34.3,0.59,0.0
2020-12-12 04:00:00,21.1,16.3,0.18,23.7,34.3,0.59,0.0
2020-12-12 04:15:00,20.9,16.4,0.18,23.7,34.3,0.59,0.0
2020-12-12 04:30:00,20.9,16.4,0.18,23.7,34.3,0.59,0.0
2020-12-12 04:45:00,20.9,16.4,0.18,23.7,34.3,0.59,0.0
2020-12-12 05:00:00,20.7,16.0,0.18,23.7,34.3,0.59,0.0
2020-12-12 05:15:00,20.7,16.1,0.18,23.7,34.3,0.59,0.0
2020-12-12 05:30:00,20.7,16.1,0.18,23.7,34.3,0.59,0.0
2020-12-12 05:45:00,20.5,16.1,0.18,23.7,34.3,0.59,0.0
2020-12-12 06:00:00,20.5,16.1,0.18,23.7,34.3,0.59,0.0
2020-12-12 06:15:00,20.3,16.1,0.18,23.7,34.3,0.59,0.0
2020-12-12 06:30:00,20.3,16.3,0.18,23.7,34.3,0.6,0.0
2020-12-12 06:45:00,20.3,16.3,0.18,23.7,34.3,0.6,0.0
2020-12-12 07:00:00,20.3,16.3,0.18,23.7,34.3,0.6,0.0
2020-12-12 07:15:00,20.3,16.3,0.18,23.7,34.3,0.6,0.0
2020-12-12 07:30:00,20.3,16.3,0.18,23.7,34.3,0.6,0.0
2020-12-12 07:45:00,20.3,16.3,0.18,23.7,34.3,0.6,0.0
2020-12-12 08:00:00,20.3,16.3,0.18,23.7,34.3,0.6,0.0
2020-12-12 08:15:00,20.5,16.3,0.18,23.7,34.3,0.6,0.0
2020-12-12 08:30:00,20.5,16.3,0.18,23.7,34.3,0.6,0.0
2020-12-12 08:45:00,20.7,16.3,0.18,23.7,34.3,0.6,0.0
2020-12-12 09:00:00,20.9,16.1,0.18,23.5,34.3,0.6,0.0
2020-12-12 09:15:00,21.1,16.1,0.18,23.5,34.3,0.6,0.0
2020-12-12 09:30:00,21.3,16.1,0.18,23.5,34.3,0.6,0.0
2020-12-12 09:45:00,21.3,16.1,0.18,23.5,34.3,0.6,0.0
2020-12-12 10:00:00,21.5,16.2,0.18,23.5,34.3,0.6,0.0
2020-12-12 10:15:00,21.7,16.2,0.18,23.5,34.3,0.6,0.0
2020-12-12 10:30:00,21.9,16.1,0.18,23.5,34.3,0.6,0.0
2020-12-12 10:45:00,22.1,16.1,0.18,23.5,34.3,0.6,0.0
2020-12-12 11:00:00,22.6,16.4,0.18,23.5,34.3,0.6,0.0
2020-12-12 11:15:00,23.3,16.5,0.18,23.5,34.3,0.6,0.0
2020-12-12 11:30:00,23.7,16.8,0.18,23.5,34.3,0.6,0.0
2020-12-12 11:45:00,24.4,16.6,0.18,23.5,34.3,0.6,0.0
2020-12-12 12:00:00,24.9,16.4,0.18,23.5,34.3,0.6,0.0
2020-12-12 12:15:00,25.4,16.3,0.19,23.5,34.3,0.6,0.0
2020-12-12 12:30:00,25.9,16.9,0.18,23.5,34.3,0.6,0.0
2020-12-12 12:45:00,26.4,16.7,0.18,23.5,34.3,0.6,0.0
2020-12-12 13:00:00,26.7,16.5,0.19,23.5,34.3,0.6,0.0
2020-12-12 13:15:00,27.2,16.8,0.18,23.5,34.3,0.6,0.0
2020-12-12 13:30:00,27.5,17.1,0.18,23.5,34.3,0.6,0.0
2020-12-12 13:45:00,28.0,16.9,0.18,23.5,34.3,0.6,0.0
2020-12-12 14:00:00,28.3,16.9,0.18,23.5,34.3,0.6,0.0
2020-12-12 14:15:00,28.6,16.8,0.19,23.5,34.3,0.6,0.0
2020-12-12 14:30:00,28.9,16.6,0.19,23.5,34.3,0.6,0.0
2020-12-12 14:45:00,29.2,17.1,0.18,23.5,34.3,0.6,0.0
2020-12-12 15:00:00,29.2,17.1,0.18,23.5,34.3,0.6,0.0
2020-12-12 15:15:00,28.9,16.8,0.19,23.5,34.3,0.6,0.0
2020-12-12 15:30:00,28.3,16.9,0.18,23.5,34.3,0.6,0.0
2020-12-12 15:45:00,28.0,16.9,0.18,23.5,34.3,0.6,0.0
2020-12-12 16:00:00,28.0,17.1,0.18,23.5,34.3,0.6,0.0
2020-12-12 16:15:00,27.8,17.1,0.18,23.5,34.3,0.6,0.0
2020-12-12 16:30:00,27.5,16.5,0.18,23.5,34.3,0.6,0.0
2020-12-12 16:45:00,27.2,16.8,0.18,23.5,34.3,0.6,0.0
2020-12-12 17:00:00,26.9,17.0,0.18,23.5,34.3,0.6,0.0
2020-12-12 17:15:00,26.7,16.7,0.18,23.5,34.3,0.6,0.0
2020-12-12 17:30:00,26.4,16.7,0.18,23.5,34.3,0.6,0.0
2020-12-12 17:45:00,26.2,16.4,0.18,23.5,34.3,0.6,0.0
2020-12-12 18:00:00,25.9,16.6,0.18,23.5,34.3,0.6,0.0
2020-12-12 18:15:00,25.6,16.6,0.18,23.5,34.3,0.6,0.0
2020-12-12 18:30:00,25.4,16.7,0.18,23.5,34.3,0.6,0.0
2020-12-12 18:45:00,25.4,16.7,0.18,23.5,34.3,0.6,0.0
2020-12-12 19:00:00,25.1,16.5,0.18,23.5,34.3,0.6,0.0
2020-12-12 19:15:00,24.9,16.1,0.18,23.5,34.3,0.6,0.0
2020-12-12 19:30:00,24.7,16.1,0.18,23.5,34.3,0.6,0.0
2020-12-12 19:45:00,24.4,16.3,0.18,23.7,34.3,0.6,0.0
2020-12-12 20:00:00,24.2,16.3,0.18,23.7,34.3,0.6,0.0
2020-12-12 20:15:00,24.2,16.5,0.18,23.7,34.3,0.6,0.0
2020-12-12 20:30:00,23.9,16.5,0.18,23.7,34.3,0.6,0.0
2020-12-12 20:45:00,23.7,16.5,0.18,23.7,34.3,0.6,0.0
2020-12-12 21:00:00,23.5,16.2,0.18,23.7,34.3,0.6,0.0
2020-12-12 21:15:00,23.5,16.2,0.18,23.7,34.3,0.6,0.0
2020-12-12 21:30:00,23.3,16.4,0.18,23.7,34.3,0.6,0.0
2020-12-12 21:45:00,23.0,16.4,0.18,23.7,34.3,0.6,0.0
2020-12-12 22:00:00,23.0,16.4,0.18,23.7,34.3,0.59,0.0
2020-12-12 22:15:00,22.8,16.5,0.17,23.7,34.3,0.59,0.0
2020-12-12 22:30:00,22.8,16.5,0.18,23.7,34.3,0.59,0.0
2020-12-12 22:45:00,22.6,16.0,0.18,23.7,34.3,0.59,0.0
2020-12-12 23:00:00,22.4,16.2,0.18,23.7,34.3,0.59,0.0
2020-12-12 23:15:00,22.4,16.2,0.18,23.7,34.3,0.59,0.0
2020-12-12 23:30:00,22.1,16.2,0.18,23.7,34.3,0.59,0.0
2020-12-12 23:45:00,22.1,16.4,0.17,23.7,34.3,0.59,0.0
2020-12-13 00:00:00,21.9,16.4,0.17,23.7,34.3,0.59,0.0
2020-12-13 00:15:00,21.9,15.9,0.18,23.7,34.3,0.59,0.0
2020-12-13 00:30:00,21.7,15.9,0.18,23.7,34.3,0.59,0.0
2020-12-13 00:45:00,21.7,15.8,0.18,23.7,34.3,0.59,0.0
2020-12-13 01:00:00,21.5,15.8,0.18,23.7,34.3,0.59,0.0
2020-12-13 01:15:00,21.5,15.8,0.18,23.7,33.6,0.61,0.0
2020-12-13 01:30:00,21.3,15.8,0.18,23.7,34.3,0.59,0.0
2020-12-13 01:45:00,21.3,16.0,0.18,23.7,34.3,0.59,0.0
2020-12-13 02:00:00,21.3,16.3,0.17,23.7,34.3,0.59,0.0
2020-12-13 02:15:00,21.1,16.0,0.18,23.7,33.6,0.61,0.0
2020-12-13 02:30:00,21.1,15.5,0.18,23.7,34.3,0.59,0.0
2020-12-13 02:45:00,20.9,15.7,0.18,23.7,34.3,0.59,0.0
2020-12-13 03:00:00,20.9,15.7,0.18,23.7,33.6,0.61,0.0
2020-12-13 03:15:00,20.9,15.7,0.18,23.7,33.6,0.61,0.0
2020-12-13 03:30:00,20.7,15.9,0.17,23.7,33.8,0.6,0.0
2020-12-13 03:45:00,20.7,15.9,0.17,23.7,34.3,0.6,0.0
2020-12-13 04:00:00,20.7,15.9,0.17,23.7,33.8,0.6,0.0
2020-12-13 04:15:00,20.5,15.9,0.17,23.7,33.8,0.6,0.0
2020-12-13 04:30:00,20.5,15.4,0.18,23.7,33.8,0.6,0.0
2020-12-13 04:45:00,20.5,15.9,0.17,23.7,33.8,0.6,0.0
2020-12-13 05:00:00,20.3,15.6,0.18,23.7,33.8,0.6,0.0
2020-12-13 05:15:00,20.3,15.6,0.18,23.7,33.8,0.6,0.0
2020-12-13 05:30:00,20.3,15.6,0.18,23.7,33.8,0.6,0.0
2020-12-13 05:45:00,20.3,15.6,0.18,23.7,33.8,0.6,0.0
2020-12-13 06:00:00,20.3,15.6,0.18,23.7,33.8,0.6,0.0
2020-12-13 06:15:00,20.3,15.6,0.18,23.7,33.8,0.6,0.0
2020-12-13 06:30:00,20.3,15.6,0.18,23.5,33.8,0.6,0.0
2020-12-13 06:45:00,20.3,15.8,0.18,23.5,33.8,0.6,0.0
2020-12-13 07:00:00,20.5,15.6,0.18,23.5,33.8,0.6,0.0
2020-12-13 07:15:00,20.5,15.8,0.17,23.5,33.8,0.6,0.0
2020-12-13 07:30:00,20.5,15.8,0.17,23.5,33.8,0.6,0.0
2020-12-13 07:45:00,20.5,15.8,0.17,23.5,33.8,0.6,0.0
2020-12-13 08:00:00,20.5,15.8,0.17,23.5,33.8,0.6,0.0
2020-12-13 08:15:00,20.7,15.8,0.17,23.5,33.8,0.6,0.0
2020-12-13 08:30:00,20.9,15.8,0.17,23.5,33.8,0.6,0.0
2020-12-13 08:45:00,20.9,15.8,0.17,23.5,33.8,0.6,0.0
2020-12-13 09:00:00,20.9,15.8,0.17,23.5,33.8,0.6,0.0
2020-12-13 09:15:00,21.1,15.7,0.18,23.5,33.8,0.6,0.0
2020-12-13 09:30:00,21.3,15.7,0.18,23.5,33.8,0.6,0.0
2020-12-13 09:45:00,21.5,15.5,0.18,23.5,33.8,0.6,0.0
2020-12-13 10:00:00,21.9,16.0,0.17,23.5,33.8,0.6,0.0
2020-12-13 10:15:00,22.1,15.8,0.18,23.5,33.8,0.6,0.0
2020-12-13 10:30:00,22.4,15.9,0.18,23.5,33.8,0.6,0.0
2020-12-13 10:45:00,22.8,15.9,0.18,23.5,33.8,0.6,0.0
2020-12-13 11:00:00,23.3,16.2,0.18,23.5,33.8,0.6,0.0
2020-12-13 11:15:00,23.7,16.0,0.18,23.5,33.8,0.6,0.0
2020-12-13 11:30:00,24.2,15.8,0.18,23.3,33.8,0.6,0.0
2020-12-13 11:45:00,24.7,16.4,0.18,23.5,33.8,0.6,0.0
2020-12-13 12:00:00,25.4,16.3,0.18,23.3,33.8,0.6,0.0
2020-12-13 12:15:00,25.6,16.1,0.18,23.3,33.8,0.6,0.0
2020-12-13 12:30:00,26.2,16.4,0.18,23.3,33.8,0.6,0.0
2020-12-13 12:45:00,26.7,16.2,0.18,23.3,33.8,0.6,0.0
2020-12-13 13:00:00,26.9,16.5,0.18,23.3,33.8,0.6,0.0
2020-12-13 13:15:00,27.5,16.3,0.18,23.3,33.8,0.6,0.0
2020-12-13 13:30:00,27.8,16.6,0.18,23.3,33.8,0.6,0.0
2020-12-13 13:45:00,28.3,16.4,0.18,23.3,33.8,0.6,0.0
2020-12-13 14:00:00,28.6,16.4,0.18,23.3,33.8,0.6,0.0
2020-12-13 14:15:00,28.6,16.2,0.19,23.3,33.8,0.6,0.0
2020-12-13 14:30:00,28.9,16.7,0.18,23.3,33.8,0.6,0.0
2020-12-13 14:45:00,28.9,16.8,0.18,23.3,33.8,0.6,0.0
2020-12-13 15:00:00,28.9,16.8,0.18,23.3,33.8,0.6,0.0
2020-12-13 15:15:00,28.9,16.8,0.18,23.3,33.8,0.6,0.0
2020-12-13 15:30:00,28.6,16.9,0.18,23.3,33.8,0.6,0.0
2020-12-13 15:45:00,28.3,16.4,0.18,23.3,33.8,0.6,0.0
2020-12-13 16:00:00,28.0,16.3,0.18,23.5,33.8,0.6,0.0
2020-12-13 16:15:00,27.8,16.3,0.18,23.5,33.8,0.6,0.0
2020-12-13 16:30:00,27.5,16.3,0.18,23.5,33.8,0.6,0.0
2020-12-13 16:45:00,27.5,16.5,0.18,23.5,33.8,0.6,0.0
2020-12-13 17:00:00,27.2,16.0,0.18,23.5,33.8,0.6,0.0
2020-12-13 17:15:00,26.9,16.2,0.18,23.5,33.8,0.6,0.0
2020-12-13 17:30:00,26.7,16.2,0.18,23.5,33.8,0.6,0.0
2020-12-13 17:45:00,26.7,16.2,0.18,23.5,33.8,0.6,0.0
2020-12-13 18:00:00,26.4,16.4,0.18,23.5,33.8,0.6,0.0
2020-12-13 18:15:00,26.2,16.4,0.18,23.5,33.8,0.6,0.0
2020-12-13 18:30:00,25.9,16.6,0.18,23.5,33.8,0.6,0.0
2020-12-13 18:45:00,25.6,15.8,0.18,23.5,33.8,0.6,0.0
2020-12-13 19:00:00,25.4,16.0,0.18,23.5,33.8,0.6,0.0
2020-12-13 19:15:00,25.4,16.2,0.18,23.7,33.8,0.6,0.0
2020-12-13 19:30:00,25.1,16.1,0.18,23.5,33.8,0.6,0.0
2020-12-13 19:45:00,24.9,16.1,0.18,23.7,33.8,0.6,0.0
2020-12-13 20:00:00,24.7,15.8,0.18,23.7,33.8,0.6,0.0
2020-12-13 20:15:00,24.4,15.8,0.18,23.7,33.8,0.6,0.0
2020-12-13 20:30:00,24.2,16.0,0.18,23.7,33.8,0.6,0.0
2020-12-13 20:45:00,24.2,16.0,0.18,23.7,33.8,0.6,0.0
2020-12-13 21:00:00,23.9,16.0,0.18,23.7,33.8,0.6,0.0
2020-12-13 21:15:00,23.7,16.2,0.17,23.7,33.9,0.6,0.0
2020-12-13 21:30:00,23.7,15.7,0.18,23.7,33.9,0.6,0.0
2020-12-13 21:45:00,23.5,15.9,0.18,23.7,33.9,0.6,0.0
2020-12-13 22:00:00,23.3,15.6,0.18,23.7,33.9,0.6,0.0
2020-12-13 22:15:00,23.3,15.6,0.18,23.7,33.9,0.6,0.0
2020-12-13 22:30:00,23.0,15.8,0.17,23.7,33.9,0.6,0.0
2020-12-13 22:45:00,23.0,15.8,0.17,23.7,33.9,0.6,0.0
2020-12-13 23:00:00,22.8,15.8,0.17,23.7,33.9,0.6,0.0
2020-12-13 23:15:00,22.8,15.5,0.18,23.7,33.9,0.6,0.0
2020-12-13 23:30:00,22.6,15.5,0.18,23.7,33.9,0.6,0.0
2020-12-13 23:45:00,22.6,15.5,0.18,23.7,33.9,0.6,0.0
2020-12-14 00:00:00,22.4,15.7,0.17,23.7,33.9,0.6,0.0
2020-12-14 00:15:00,22.1,15.7,0.17,23.7,33.9,0.6,0.0
2020-12-14 00:30:00,22.1,15.6,0.17,23.7,33.9,0.6,0.0
2020-12-14 00:45:00,21.9,15.8,0.17,23.7,33.9,0.6,0.0
2020-12-14 01:00:00,21.9,15.3,0.18,23.7,33.9,0.6,0.0
2020-12-14 01:15:00,21.9,15.3,0.18,23.7,33.9,0.6,0.0
2020-12-14 01:30:00,21.7,15.3,0.18,23.7,33.9,0.6,0.0
2020-12-14 01:45:00,21.7,15.5,0.17,23.7,33.9,0.6,0.0
2020-12-14 02:00:00,21.5,15.5,0.17,23.7,33.9,0.6,0.0
2020-12-14 02:15:00,21.3,15.5,0.17,23.7,33.9,0.6,0.0
2020-12-14 02:30:00,21.3,15.2,0.17,23.7,33.9,0.6,0.0
2020-12-14 02:45:00,21.3,15.2,0.18,23.7,33.9,0.6,0.0
2020-12-14 03:00:00,21.1,15.2,0.18,23.7,33.9,0.6,0.0
2020-12-14 03:15:00,21.1,15.4,0.17,23.7,33.9,0.6,0.0
2020-12-14 03:30:00,20.9,15.4,0.17,23.7,33.9,0.6,0.0
2020-12-14 03:45:00,20.9,15.4,0.17,23.7,33.9,0.6,0.0
2020-12-14 04:00:00,20.9,15.6,0.17,23.7,33.9,0.6,0.0
2020-12-14 04:15:00,20.7,15.6,0.17,23.7,33.9,0.6,0.0
2020-12-14 04:30:00,20.7,15.1,0.17,23.7,33.9,0.6,0.0
2020-12-14 04:45:00,20.5,15.1,0.17,23.7,33.9,0.6,0.0
2020-12-14 05:00:00,20.5,15.1,0.17,23.7,33.9,0.6,0.0
2020-12-14 05:15:00,20.3,15.3,0.17,23.7,33.9,0.6,0.0
2020-12-14 05:30:00,20.3,15.3,0.17,23.7,33.9,0.6,0.0
2020-12-14 05:45:00,20.3,15.3,0.17,23.7,33.9,0.6,0.0
2020-12-14 06:00:00,20.1,15.3,0.17,23.7,33.8,0.6,0.0
2020-12-14 06:15:00,20.1,15.4,0.17,23.7,33.8,0.6,0.0
2020-12-14 06:30:00,19.9,15.4,0.17,23.7,33.8,0.6,0.0
2020-12-14 06:45:00,19.9,14.9,0.17,23.7,33.8,0.6,0.0
2020-12-14 07:00:00,19.9,14.9,0.17,23.7,33.8,0.6,0.0
2020-12-14 07:15:00,19.7,14.9,0.17,23.7,33.8,0.6,0.0
2020-12-14 07:30:00,19.7,15.1,0.17,23.7,33.8,0.6,0.0
2020-12-14 07:45:00,19.7,15.1,0.17,23.7,33.8,0.6,0.0
2020-12-14 08:00:00,19.7,15.1,0.17,23.7,33.8,0.6,0.0
2020-12-14 08:15:00,19.9,15.1,0.17,23.5,33.8,0.6,0.0
2020-12-14 08:30:00,20.1,15.1,0.17,23.5,33.8,0.6,0.0
2020-12-14 08:45:00,20.1,15.0,0.17,23.5,33.8,0.6,0.0
2020-12-14 09:00:00,20.3,15.0,0.17,23.5,33.8,0.6,0.0
2020-12-14 09:15:00,20.5,15.2,0.17,23.5,33.8,0.6,0.0
2020-12-14 09:30:00,20.7,15.2,0.17,23.5,33.8,0.6,0.0
2020-12-14 09:45:00,21.1,15.0,0.17,23.5,33.8,0.6,0.0
2020-12-14 10:00:00,21.3,15.4,0.17,23.5,33.8,0.6,0.0
2020-12-14 10:15:00,21.7,15.2,0.17,23.5,33.8,0.6,0.0
2020-12-14 10:30:00,21.9,15.2,0.17,23.5,33.8,0.6,0.0
2020-12-14 10:45:00,22.4,15.0,0.18,23.5,33.8,0.6,0.0
2020-12-14 11:00:00,22.8,15.6,0.17,23.5,33.8,0.6,0.0
2020-12-14 11:15:00,23.5,15.4,0.18,23.5,33.8,0.6,0.0
2020-12-14 11:30:00,23.9,15.2,0.18,23.5,33.8,0.6,0.0
2020-12-14 11:45:00,24.4,15.5,0.18,23.5,33.8,0.6,0.0
2020-12-14 12:00:00,24.9,15.4,0.18,23.5,33.8,0.6,0.0
2020-12-14 12:15:00,25.4,15.6,0.17,23.5,33.8,0.6,0.0
2020-12-14 12:30:00,25.9,16.0,0.17,23.5,33.8,0.6,0.0
2020-12-14 12:45:00,26.4,16.1,0.17,23.3,33.8,0.6,0.0
2020-12-14 13:00:00,26.7,15.9,0.18,23.3,33.8,0.6,0.0
2020-12-14 13:15:00,27.2,15.9,0.18,23.3,33.8,0.6,0.0
2020-12-14 13:30:00,27.5,15.7,0.18,23.3,33.8,0.6,0.0
2020-12-14 13:45:00,27.8,15.5,0.18,23.3,33.8,0.6,0.0
2020-12-14 14:00:00,28.3,16.3,0.17,23.3,33.8,0.6,0.0
2020-12-14 14:15:00,28.6,16.1,0.18,23.5,33.8,0.6,0.0
2020-12-14 14:30:00,28.6,16.1,0.18,23.3,33.8,0.6,0.0
2020-12-14 14:45:00,28.9,15.9,0.18,23.3,33.8,0.6,0.0
2020-12-14 15:00:00,28.9,16.1,0.18,23.5,33.8,0.6,0.0
2020-12-14 15:15:00,28.6,16.1,0.18,23.5,33.8,0.6,0.0
2020-12-14 15:30:00,28.3,16.3,0.17,23.3,33.8,0.6,0.0
2020-12-14 15:45:00,28.0,16.0,0.17,23.5,33.8,0.6,0.0
2020-12-14 16:00:00,28.0,15.7,0.18,23.5,33.8,0.6,0.0
2020-12-14 16:15:00,27.8,15.7,0.18,23.5,33.8,0.6,0.0
2020-12-14 16:30:00,27.5,15.9,0.17,23.5,33.8,0.6,0.0
2020-12-14 16:45:00,27.2,15.9,0.17,23.5,33.8,0.6,0.0
2020-12-14 17:00:00,26.9,15.9,0.17,23.5,33.8,0.6,0.0
2020-12-14 17:15:00,26.7,15.6,0.18,23.5,33.8,0.6,0.0
2020-12-14 17:30:00,26.4,15.8,0.17,23.5,33.8,0.6,0.0
2020-12-14 17:45:00,26.2,15.5,0.18,23.5,33.8,0.6,0.0
2020-12-14 18:00:00,25.9,15.7,0.17,23.5,33.8,0.6,0.0
2020-12-14 18:15:00,25.6,15.2,0.18,23.5,33.8,0.6,0.0
2020-12-14 18:30:00,25.4,15.3,0.18,23.5,33.8,0.6,0.0
2020-12-14 18:45:00,25.1,15.3,0.18,23.5,33.8,0.6,0.0
2020-12-14 19:00:00,24.9,15.5,0.17,23.7,33.8,0.6,0.0
2020-12-14 19:15:00,24.7,15.5,0.17,23.5,33.8,0.6,0.0
2020-12-14 19:30:00,24.4,15.7,0.17,23.7,33.8,0.6,0.0
2020-12-14 19:45:00,24.4,15.7,0.17,23.7,33.8,0.6,0.0
2020-12-14 20:00:00,24.2,15.4,0.17,23.7,33.8,0.6,0.0
2020-12-14 20:15:00,23.9,15.4,0.17,23.7,33.8,0.6,0.0
2020-12-14 20:30:00,23.7,15.3,0.17,23.7,33.8,0.6,0.0
2020-12-14 20:45:00,23.5,15.6,0.17,23.7,33.8,0.6,0.0
2020-12-14 21:00:00,23.5,14.8,0.18,23.7,33.8,0.6,0.0
2020-12-14 21:15:00,23.3,15.0,0.17,23.7,33.8,0.6,0.0
2020-12-14 21:30:00,23.0,15.0,0.17,23.7,33.9,0.6,0.0
2020-12-14 21:45:00,23.0,15.2,0.17,23.7,33.9,0.6,0.0
2020-12-14 22:00:00,22.8,15.2,0.17,23.7,33.9,0.6,0.0
2020-12-14 22:15:00,22.8,15.2,0.17,23.7,33.9,0.6,0.0
2020-12-14 22:30:00,22.6,15.4,0.17,23.7,33.9,0.6,0.0
2020-12-14 22:45:00,22.6,14.9,0.17,23.7,33.9,0.6,0.0
2020-12-14 23:00:00,22.4,15.1,0.17,23.7,33.9,0.6,0.0
2020-12-14 23:15:00,22.1,15.0,0.17,23.7,33.9,0.6,0.0
2020-12-14 23:30:00,22.1,15.0,0.17,23.7,33.9,0.6,0.0
2020-12-14 23:45:00,21.9,15.0,0.17,23.7,33.9,0.6,0.0
2020-12-15 00:00:00,21.9,14.7,0.17,23.7,33.9,0.6,0.0
2020-12-15 00:15:00,21.9,14.7,0.17,23.7,33.9,0.6,0.0
2020-12-15 00:30:00,21.7,14.7,0.17,23.7,33.9,0.6,0.0
2020-12-15 00:45:00,21.7,14.9,0.17,23.7,33.9,0.6,0.0
2020-12-15 01:00:00,21.5,14.9,0.17,23.7,33.9,0.6,0.0
2020-12-15 01:15:00,21.5,15.1,0.17,23.7,33.9,0.6,0.0
2020-12-15 01:30:00,21.3,15.1,0.17,23.7,33.9,0.6,0.0
2020-12-15 01:45:00,21.3,14.6,0.17,23.7,33.9,0.6,0.0
2020-12-15 02:00:00,21.3,14.6,0.17,23.7,33.9,0.6,0.0
2020-12-15 02:15:00,21.1,14.8,0.17,23.7,33.9,0.6,0.0
2020-12-15 02:30:00,21.1,14.8,0.17,23.7,33.9,0.6,0.0
2020-12-15 02:45:00,21.1,14.8,0.17,23.7,33.9,0.6,0.0
2020-12-15 03:00:00,20.9,15.0,0.16,23.7,33.9,0.6,0.0
2020-12-15 03:15:00,20.9,15.0,0.16,23.7,33.9,0.6,0.0
2020-12-15 03:30:00,20.7,14.5,0.17,23.7,33.9,0.6,0.0
2020-12-15 03:45:00,20.7,14.7,0.17,23.7,33.8,0.6,0.0
2020-12-15 04:00:00,20.5,14.7,0.17,23.7,33.8,0.6,0.0
2020-12-15 04:15:00,20.5,14.9,0.16,23.7,33.8,0.6,0.0
2020-12-15 04:30:00,20.3,14.4,0.17,23.7,33.8,0.6,0.0
2020-12-15 04:45:00,20.1,14.9,0.16,23.7,33.8,0.6,0.0
2020-12-15 05:00:00,20.1,14.6,0.17,23.7,33.8,0.6,0.0
2020-12-15 05:15:00,20.1,14.6,0.17,23.7,33.8,0.6,0.0
2020-12-15 05:30:00,19.9,14.5,0.17,23.7,33.8,0.6,0.0
2020-12-15 05:45:00,19.7,14.7,0.16,23.7,33.8,0.6,0.0
2020-12-15 06:00:00,19.7,14.7,0.16,23.7,33.8,0.6,0.0
2020-12-15 06:15:00,19.5,14.7,0.16,23.7,33.8,0.6,0.0
2020-12-15 06:30:00,19.5,14.4,0.16,23.5,33.8,0.6,0.0
2020-12-15 06:45:00,19.5,14.4,0.16,23.5,33.8,0.6,0.0
2020-12-15 07:00:00,19.3,14.4,0.16,23.5,33.8,0.6,0.0
2020-12-15 07:15:00,19.3,14.6,0.16,23.5,33.8,0.6,0.0
2020-12-15 07:30:00,19.1,14.6,0.16,23.5,33.8,0.6,0.0
2020-12-15 07:45:00,19.1,14.6,0.16,23.5,33.8,0.6,0.0
2020-12-15 08:00:00,19.3,14.6,0.16,23.5,33.8,0.6,0.0
2020-12-15 08:15:00,19.3,14.1,0.17,23.5,33.8,0.6,0.0
2020-12-15 08:30:00,19.5,14.6,0.16,23.5,33.8,0.6,0.0
2020-12-15 08:45:00,19.5,14.1,0.17,23.5,33.8,0.6,0.0
2020-12-15 09:00:00,19.7,14.4,0.16,23.5,33.8,0.6,0.0
2020-12-15 09:15:00,20.1,14.4,0.16,23.5,33.8,0.6,0.0
2020-12-15 09:30:00,20.3,14.7,0.16,23.5,33.8,0.6,0.0
2020-12-15 09:45:00,20.5,14.5,0.16,23.5,33.8,0.6,0.0
2020-12-15 10:00:00,20.9,14.3,0.17,23.5,33.8,0.6,0.0
2020-12-15 10:15:00,21.1,14.3,0.17,23.5,33.8,0.6,0.0
2020-12-15 10:30:00,21.5,14.7,0.16,23.5,33.8,0.6,0.0
2020-12-15 10:45:00,21.9,14.7,0.17,23.5,33.8,0.6,0.0
2020-12-15 11:00:00,22.4,14.8,0.17,23.5,33.8,0.6,0.0
2020-12-15 11:15:00,22.8,14.6,0.17,23.3,33.8,0.6,0.0
2020-12-15 11:30:00,23.5,14.7,0.17,23.3,33.8,0.6,0.0
2020-12-15 11:45:00,23.9,15.0,0.17,23.3,34.0,0.59,0.0
2020-12-15 12:00:00,24.4,14.8,0.17,23.3,33.8,0.6,0.0
2020-12-15 12:15:00,24.9,15.1,0.17,23.3,34.0,0.59,0.0
2020-12-15 12:30:00,25.4,14.9,0.17,23.3,34.0,0.59,0.0
2020-12-15 12:45:00,25.9,14.7,0.17,23.3,33.8,0.6,0.0
2020-12-15 13:00:00,26.2,15.0,0.17,23.3,34.0,0.59,0.0
2020-12-15 13:15:00,26.7,14.8,0.17,23.3,34.0,0.59,0.0
2020-12-15 13:30:00,27.2,14.6,0.17,23.3,34.0,0.59,0.0
2020-12-15 13:45:00,27.5,15.4,0.17,23.3,34.0,0.59,0.0
2020-12-15 14:00:00,27.8,15.3,0.17,23.3,34.0,0.59,0.0
2020-12-15 14:15:00,28.0,15.3,0.17,23.3,34.0,0.59,0.0
2020-12-15 14:30:00,28.3,15.1,0.17,23.3,34.0,0.59,0.0
2020-12-15 14:45:00,28.6,15.1,0.17,23.3,34.0,0.59,0.0
2020-12-15 15:00:00,28.6,15.1,0.17,23.3,34.0,0.59,0.0
2020-12-15 15:15:00,28.3,15.1,0.17,23.3,34.0,0.59,0.0
2020-12-15 15:30:00,28.0,15.3,0.17,23.3,34.0,0.59,0.0
2020-12-15 15:45:00,27.8,15.3,0.17,23.3,34.0,0.59,0.0
2020-12-15 16:00:00,27.8,15.5,0.17,23.3,34.0,0.59,0.0
2020-12-15 16:15:00,27.5,14.9,0.17,23.3,34.0,0.59,0.0
2020-12-15 16:30:00,27.2,15.1,0.17,23.3,34.0,0.59,0.0
2020-12-15 16:45:00,26.9,15.1,0.17,23.3,34.0,0.59,0.0
2020-12-15 17:00:00,26.7,15.0,0.17,23.3,34.0,0.59,0.0
2020-12-15 17:15:00,26.7,15.0,0.17,23.3,34.0,0.59,0.0
2020-12-15 17:30:00,26.4,15.2,0.16,23.5,34.0,0.59,0.0
2020-12-15 17:45:00,26.2,14.7,0.17,23.5,34.0,0.59,0.0
2020-12-15 18:00:00,25.9,14.7,0.17,23.5,34.0,0.59,0.0
2020-12-15 18:15:00,25.9,14.9,0.17,23.5,34.0,0.59,0.0
2020-12-15 18:30:00,25.6,14.9,0.17,23.5,34.0,0.59,0.0
2020-12-15 18:45:00,25.4,15.1,0.16,23.5,33.8,0.6,0.0
2020-12-15 19:00:00,25.4,15.1,0.16,23.5,34.0,0.59,0.0
2020-12-15 19:15:00,25.1,14.6,0.17,23.5,33.8,0.6,0.0
2020-12-15 19:30:00,24.9,14.8,0.17,23.5,33.8,0.6,0.0
2020-12-15 19:45:00,24.9,14.5,0.17,23.5,34.0,0.59,0.0
2020-12-15 20:00:00,24.7,14.7,0.16,23.5,33.8,0.6,0.0
2020-12-15 20:15:00,24.7,14.7,0.17,23.5,33.8,0.6,0.0
2020-12-15 20:30:00,24.4,14.4,0.17,23.5,33.8,0.6,0.0
2020-12-15 20:45:00,24.2,14.4,0.17,23.5,33.8,0.6,0.0
2020-12-15 21:00:00,24.2,14.4,0.17,23.5,33.8,0.6,0.0
2020-12-15 21:15:00,23.9,14.6,0.16,23.5,33.8,0.6,0.0
2020-12-15 21:30:00,23.9,14.6,0.16,23.5,33.8,0.6,0.0
2020-12-15 21:45:00,23.7,14.2,0.17,23.5,33.8,0.6,0.0
2020-12-15 22:00:00,23.7,14.2,0.17,23.7,33.8,0.6,0.0
2020-12-15 22:15:00,23.7,14.2,0.17,23.7,33.8,0.6,0.0
2020-12-15 22:30:00,23.7,14.2,0.17,23.7,33.8,0.6,0.0
2020-12-15 22:45:00,23.5,14.4,0.16,23.7,33.8,0.6,0.0
2020-12-15 23:00:00,23.5,14.4,0.16,23.7,33.8,0.6,0.0
2020-12-15 23:15:00,23.5,14.4,0.16,23.7,33.8,0.6,0.0
2020-12-15 23:30:00,23.5,14.2,0.17,23.7,33.8,0.6,0.0
2020-12-15 23:45:00,23.3,14.1,0.16,23.7,33.8,0.6,0.0
2020-12-16 00:00:00,23.3,14.1,0.16,23.7,33.8,0.6,0.0
2020-12-16 00:15:00,23.3,14.1,0.16,23.7,33.8,0.6,0.0
2020-12-16 00:30:00,23.0,14.6,0.16,23.7,33.8,0.6,0.0
2020-12-16 00:45:00,23.0,14.1,0.16,23.7,33.8,0.6,0.0
2020-12-16 01:00:00,23.0,14.0,0.16,23.7,33.8,0.6,0.0
2020-12-16 01:15:00,22.8,14.3,0.16,23.7,33.8,0.6,0.0
2020-12-16 01:30:00,22.8,14.3,0.16,23.7,33.8,0.6,0.0
2020-12-16 01:45:00,22.6,14.5,0.16,23.7,33.8,0.6,0.0
2020-12-16 02:00:00,22.6,14.5,0.16,23.7,33.8,0.6,0.0
2020-12-16 02:15:00,22.6,14.2,0.16,23.7,33.8,0.6,0.0
2020-12-16 02:30:00,22.4,14.2,0.16,23.7,33.8,0.6,0.0
2020-12-16 02:45:00,22.4,14.2,0.16,23.7,33.8,0.6,0.0
2020-12-16 03:00:00,22.1,14.4,0.16,23.7,33.8,0.6,0.0
2020-12-16 03:15:00,22.1,13.8,0.16,23.7,33.8,0.6,0.0
2020-12-16 03:30:00,22.1,13.8,0.16,23.7,33.8,0.6,0.0
2020-12-16 03:45:00,21.9,14.0,0.16,23.7,33.8,0.6,0.0
2020-12-16 04:00:00,21.9,14.0,0.16,23.7,33.8,0.6,0.0
2020-12-16 04:15:00,21.9,14.0,0.16,23.7,33.8,0.6,0.0
2020-12-16 04:30:00,21.7,13.7,0.16,23.7,33.8,0.6,0.0
2020-12-16 04:45:00,21.7,13.7,0.16,23.7,33.8,0.6,0.0
2020-12-16 05:00:00,21.7,13.9,0.16,23.7,33.8,0.6,0.0
2020-12-16 05:15:00,21.7,13.9,0.16,23.7,33.8,0.6,0.0
2020-12-16 05:30:00,21.5,13.9,0.16,23.7,33.8,0.6,0.0
2020-12-16 05:45:00,21.5,13.4,0.16,23.7,33.8,0.6,0.0
2020-12-16 06:00:00,21.5,13.6,0.16,23.7,33.8,0.6,0.0
2020-12-16 06:15:00,21.5,13.6,0.16,23.7,33.8,0.6,0.0
2020-12-16 06:30:00,21.5,13.6,0.16,23.7,33.8,0.6,0.0
2020-12-16 06:45:00,21.5,13.6,0.16,23.7,33.8,0.6,0.0
2020-12-16 07:00:00,21.5,14.1,0.15,23.7,33.8,0.6,0.0
2020-12-16 07:15:00,21.5,13.8,0.16,23.7,33.8,0.6,0.0
2020-12-16 07:30:00,21.5,13.6,0.16,23.7,33.8,0.6,0.0
2020-12-16 07:45:00,21.5,13.6,0.16,23.7,33.8,0.6,0.0
2020-12-16 08:00:00,21.5,13.6,0.16,23.7,33.8,0.6,0.0
2020-12-16 08:15:00,21.7,13.6,0.16,23.7,33.8,0.6,0.0
2020-12-16 08:30:00,21.7,13.6,0.16,23.5,33.8,0.6,0.0
2020-12-16 08:45:00,21.9,13.6,0.16,23.5,33.8,0.6,0.0
2020-12-16 09:00:00,22.1,13.6,0.16,23.5,33.8,0.6,0.0
2020-12-16 09:15:00,22.4,13.6,0.16,23.5,33.8,0.6,0.0
2020-12-16 09:30:00,22.6,13.4,0.16,23.5,33.8,0.6,0.0
2020-12-16 09:45:00,22.8,13.4,0.16,23.5,33.8,0.6,0.0
2020-12-16 10:00:00,23.0,13.7,0.16,23.5,33.8,0.6,0.0
2020-12-16 10:15:00,23.3,13.5,0.16,23.5,33.8,0.6,0.0
2020-12-16 10:30:00,23.5,13.8,0.16,23.5,33.8,0.6,0.0
2020-12-16 10:45:00,23.7,13.8,0.16,23.5,33.8,0.6,0.0
2020-12-16 11:00:00,24.2,14.1,0.16,23.5,33.8,0.6,0.0
2020-12-16 11:15:00,24.7,13.9,0.16,23.5,33.8,0.6,0.0
2020-12-16 11:30:00,24.9,13.9,0.16,23.5,34.0,0.59,0.0
2020-12-16 11:45:00,25.4,13.7,0.16,23.5,34.0,0.59,0.0
2020-12-16 12:00:00,25.6,13.8,0.16,23.5,33.8,0.6,0.0
2020-12-16 12:15:00,26.2,14.2,0.16,23.5,34.0,0.59,0.0
2020-12-16 12:30:00,26.7,14.2,0.16,23.5,34.0,0.59,0.0
2020-12-16 12:45:00,26.9,14.2,0.16,23.5,34.0,0.59,0.0
2020-12-16 13:00:00,26.9,14.3,0.16,23.5,34.0,0.59,0.0
2020-12-16 13:15:00,27.2,14.3,0.16,23.5,34.0,0.59,0.0
2020-12-16 13:30:00,27.2,14.3,0.16,23.5,34.0,0.59,0.0
2020-12-16 13:45:00,27.5,14.3,0.16,23.5,34.0,0.59,0.0
2020-12-16 14:00:00,27.5,14.3,0.16,23.5,34.0,0.59,0.0
2020-12-16 14:15:00,28.0,14.1,0.16,23.5,34.0,0.59,0.0
2020-12-16 14:30:00,28.3,13.9,0.16,23.5,34.0,0.59,0.0
2020-12-16 14:45:00,28.3,13.9,0.16,23.5,34.0,0.59,0.0
2020-12-16 15:00:00,28.3,14.1,0.16,23.5,34.0,0.59,0.0
2020-12-16 15:15:00,28.3,14.1,0.16,23.5,34.0,0.59,0.0
2020-12-16 15:30:00,28.0,14.1,0.16,23.5,34.0,0.59,0.0
2020-12-16 15:45:00,27.8,14.3,0.16,23.5,34.0,0.59,0.0
2020-12-16 16:00:00,27.8,13.7,0.16,23.5,34.0,0.59,0.0
2020-12-16 16:15:00,27.5,14.0,0.16,23.5,33.8,0.6,0.0
2020-12-16 16:30:00,27.5,13.9,0.16,23.5,34.0,0.59,0.0
2020-12-16 16:45:00,27.2,14.2,0.16,23.7,34.0,0.59,0.0
2020-12-16 17:00:00,26.9,14.2,0.16,23.7,34.0,0.59,0.0
2020-12-16 17:15:00,26.9,13.8,0.16,23.7,34.0,0.59,0.0
2020-12-16 17:30:00,26.7,13.8,0.16,23.7,33.8,0.6,0.0
2020-12-16 17:45:00,26.4,14.0,0.16,23.7,33.8,0.6,0.0
2020-12-16 18:00:00,26.4,14.0,0.16,23.7,33.8,0.6,0.0
2020-12-16 18:15:00,26.2,13.5,0.16,23.7,33.9,0.6,0.0
2020-12-16 18:30:00,26.2,13.7,0.16,23.7,33.9,0.6,0.0
2020-12-16 18:45:00,25.9,13.7,0.16,23.7,33.9,0.6,0.0
2020-12-16 19:00:00,25.9,13.9,0.16,23.7,33.9,0.6,0.0
2020-12-16 19:15:00,25.6,13.9,0.16,23.7,33.9,0.6,0.0
2020-12-16 19:30:00,25.6,13.6,0.16,23.7,33.9,0.6,0.0
2020-12-16 19:45:00,25.4,13.6,0.16,23.7,33.9,0.6,0.0
2020-12-16 20:00:00,25.4,13.3,0.16,23.9,33.9,0.6,0.0
2020-12-16 20:15:00,25.1,13.5,0.16,23.9,33.9,0.6,0.0
2020-12-16 20:30:00,24.9,13.5,0.16,23.9,33.9,0.6,0.0
2020-12-16 20:45:00,24.9,14.0,0.15,23.9,33.9,0.6,0.0
2020-12-16 21:00:00,24.9,13.2,0.16,23.9,33.9,0.6,0.0
2020-12-16 21:15:00,24.9,13.2,0.16,23.9,33.9,0.6,0.0
2020-12-16 21:30:00,24.7,13.2,0.16,23.9,33.9,0.6,0.0
2020-12-16 21:45:00,24.7,13.4,0.16,23.9,33.9,0.6,0.0
2020-12-16 22:00:00,24.7,13.7,0.15,23.9,33.9,0.6,0.0
2020-12-16 22:15:00,24.7,13.3,0.16,23.9,33.9,0.6,0.0
2020-12-16 22:30:00,24.4,13.3,0.16,23.9,33.9,0.6,0.0
2020-12-16 22:45:00,24.4,13.3,0.16,23.9,33.9,0.6,0.0
2020-12-16 23:00:00,24.4,13.6,0.15,23.9,33.9,0.6,0.0
2020-12-16 23:15:00,24.4,13.6,0.15,23.9,33.9,0.6,0.0
2020-12-16 23:30:00,24.2,13.0,0.16,23.9,33.9,0.6,0.0
2020-12-16 23:45:00,24.2,13.2,0.15,23.9,33.9,0.6,0.0
2020-12-17 00:00:00,24.2,13.2,0.15,23.9,33.9,0.6,0.0
2020-12-17 00:15:00,23.9,13.2,0.15,23.9,33.9,0.6,0.0
2020-12-17 00:30:00,23.9,12.9,0.16,23.9,33.9,0.6,0.0
2020-12-17 00:45:00,23.9,12.9,0.16,23.9,33.9,0.6,0.0
2020-12-17 01:00:00,23.7,13.1,0.15,23.9,33.9,0.6,0.0
2020-12-17 01:15:00,23.7,13.1,0.15,23.9,33.9,0.6,0.0
2020-12-17 01:30:00,23.7,13.1,0.15,23.9,33.9,0.6,0.0
2020-12-17 01:45:00,23.7,13.3,0.15,23.9,33.9,0.6,0.0
2020-12-17 02:00:00,23.7,12.8,0.15,23.9,33.9,0.6,0.0
2020-12-17 02:15:00,23.5,12.8,0.15,23.9,33.9,0.6,0.0
2020-12-17 02:30:00,23.5,13.0,0.15,23.9,33.9,0.6,0.0
2020-12-17 02:45:00,23.5,13.0,0.15,23.9,33.9,0.6,0.0
2020-12-17 03:00:00,23.5,13.0,0.15,23.9,33.9,0.6,0.0
2020-12-17 03:15:00,23.3,12.7,0.15,23.9,33.9,0.6,0.0
2020-12-17 03:30:00,23.3,12.7,0.15,23.9,33.9,0.6,0.0
2020-12-17 03:45:00,23.3,13.0,0.15,23.9,33.9,0.6,0.0
2020-12-17 04:00:00,23.3,12.9,0.15,23.9,33.9,0.6,0.0
2020-12-17 04:15:00,23.3,12.9,0.15,23.9,33.9,0.6,0.0
2020-12-17 04:30:00,23.3,12.9,0.15,23.9,33.9,0.6,0.0
2020-12-17 04:45:00,23.3,13.2,0.15,23.9,33.9,0.6,0.0
2020-12-17 05:00:00,23.0,12.9,0.15,23.9,33.9,0.6,0.0
2020-12-17 05:15:00,23.0,12.9,0.15,23.9,33.9,0.6,0.0
2020-12-17 05:30:00,23.0,12.9,0.15,23.9,33.9,0.6,0.0
2020-12-17 05:45:00,23.0,13.1,0.15,23.9,33.9,0.6,0.0
2020-12-17 06:00:00,23.0,12.5,0.15,23.9,33.9,0.6,0.0
2020-12-17 06:15:00,23.0,12.5,0.15,23.9,33.9,0.6,0.0
2020-12-17 06:30:00,22.8,12.5,0.15,23.9,33.9,0.6,0.0
2020-12-17 06:45:00,22.8,12.8,0.15,23.9,33.9,0.6,0.0
2020-12-17 07:00:00,22.8,12.8,0.15,23.9,33.9,0.6,0.0
2020-12-17 07:15:00,22.8,12.8,0.15,23.9,33.9,0.6,0.0
2020-12-17 07:30:00,22.8,12.8,0.15,23.9,33.9,0.6,0.0
2020-12-17 07:45:00,22.8,12.4,0.15,23.9,33.9,0.6,0.0
2020-12-17 08:00:00,22.8,12.4,0.15,23.9,33.9,0.6,0.0
2020-12-17 08:15:00,22.8,12.4,0.15,23.9,33.9,0.6,0.0
2020-12-17 08:30:00,22.8,12.4,0.15,23.9,33.9,0.6,0.0
2020-12-17 08:45:00,22.8,12.6,0.15,23.9,33.9,0.6,0.0
2020-12-17 09:00:00,22.8,12.6,0.15,23.9,33.9,0.6,0.0
2020-12-17 09:15:00,22.8,12.6,0.15,23.9,33.9,0.6,0.0
2020-12-17 09:30:00,22.8,12.4,0.15,23.9,33.9,0.6,0.0
2020-12-17 09:45:00,23.0,12.4,0.15,23.9,33.9,0.6,0.0
2020-12-17 10:00:00,23.0,12.4,0.15,23.9,33.9,0.6,0.0
2020-12-17 10:15:00,23.0,12.4,0.15,23.9,33.9,0.6,0.0
2020-12-17 10:30:00,23.3,12.4,0.15,23.9,33.9,0.6,0.0
2020-12-17 10:45:00,23.5,12.4,0.15,23.9,33.9,0.6,0.0
2020-12-17 11:00:00,23.5,12.7,0.15,23.9,33.9,0.6,0.0
2020-12-17 11:15:00,23.7,12.5,0.15,23.9,33.9,0.6,0.0
2020-12-17 11:30:00,23.9,12.5,0.15,23.9,33.9,0.6,0.0
2020-12-17 11:45:00,23.9,12.5,0.15,23.9,33.9,0.6,0.0
2020-12-17 12:00:00,23.9,12.5,0.15,23.9,33.9,0.6,0.0
2020-12-17 12:15:00,24.2,12.5,0.15,23.9,33.9,0.6,0.0
2020-12-17 12:30:00,24.4,12.5,0.15,23.9,33.9,0.6,0.0
2020-12-17 12:45:00,24.4,12.3,0.15,23.9,33.9,0.6,0.0
2020-12-17 13:00:00,24.7,12.3,0.15,23.9,33.9,0.6,0.0
2020-12-17 13:15:00,24.7,12.9,0.15,23.9,33.9,0.6,0.0
2020-12-17 13:30:00,24.9,12.6,0.15,23.9,33.9,0.6,0.0
2020-12-17 13:45:00,25.1,12.9,0.15,23.9,33.9,0.6,0.0
2020-12-17 14:00:00,25.4,12.9,0.15,23.9,33.9,0.6,0.0
2020-12-17 14:15:00,25.4,12.9,0.15,23.9,33.9,0.6,0.0
2020-12-17 14:30:00,25.4,13.0,0.15,23.9,33.9,0.6,0.0
2020-12-17 14:45:00,25.4,13.0,0.15,23.9,33.9,0.6,0.0
2020-12-17 15:00:00,25.6,13.0,0.15,23.9,33.9,0.6,0.0
2020-12-17 15:15:00,25.6,12.7,0.15,23.9,33.9,0.6,0.0
2020-12-17 15:30:00,25.6,13.0,0.15,23.9,33.9,0.6,0.0
2020-12-17 15:45:00,25.6,12.7,0.15,23.9,33.9,0.6,0.0
2020-12-17 16:00:00,25.6,12.7,0.15,23.9,33.9,0.6,0.0
2020-12-17 16:15:00,25.9,12.7,0.15,23.9,33.9,0.6,0.0
2020-12-17 16:30:00,25.9,12.7,0.15,23.9,33.9,0.6,0.0
2020-12-17 16:45:00,25.9,12.7,0.15,23.9,33.9,0.6,0.0
2020-12-17 17:00:00,25.9,13.0,0.15,23.9,33.9,0.6,0.0
2020-12-17 17:15:00,25.6,13.0,0.15,23.9,33.9,0.6,0.0
2020-12-17 17:30:00,25.6,12.6,0.15,23.9,33.9,0.6,0.0
2020-12-17 17:45:00,25.4,12.6,0.15,23.9,33.9,0.6,0.0
2020-12-17 18:00:00,25.4,12.6,0.15,23.9,33.9,0.6,0.0
2020-12-17 18:15:00,25.1,12.6,0.15,23.9,33.9,0.6,0.0
2020-12-17 18:30:00,25.1,12.8,0.15,23.9,33.9,0.6,0.0
2020-12-17 18:45:00,24.9,12.8,0.15,23.9,33.9,0.6,0.0
2020-12-17 19:00:00,24.9,12.8,0.15,23.9,33.9,0.6,0.0
2020-12-17 19:15:00,24.7,12.5,0.15,23.9,33.9,0.6,0.0
2020-12-17 19:30:00,24.7,12.5,0.15,23.9,33.9,0.6,0.0
2020-12-17 19:45:00,24.7,12.5,0.15,23.9,33.9,0.6,0.0
2020-12-17 20:00:00,24.4,12.7,0.14,23.9,33.9,0.6,0.0
2020-12-17 20:15:00,24.4,12.7,0.14,23.9,33.9,0.6,0.0
2020-12-17 20:30:00,24.4,12.2,0.15,23.9,33.9,0.6,0.0
2020-12-17 20:45:00,24.4,12.4,0.15,23.9,33.9,0.6,0.0
2020-12-17 21:00:00,24.2,12.4,0.15,23.9,33.9,0.6,0.0
2020-12-17 21:15:00,24.2,12.4,0.15,23.9,33.9,0.6,0.0
2020-12-17 21:30:00,24.2,12.6,0.14,23.9,33.9,0.6,0.0
2020-12-17 21:45:00,23.9,12.6,0.14,23.9,33.9,0.6,0.0
2020-12-17 22:00:00,23.9,12.6,0.14,23.9,33.9,0.6,0.0
2020-12-17 22:15:00,23.9,12.1,0.15,23.9,33.9,0.6,0.0
2020-12-17 22:30:00,23.9,12.3,0.14,23.9,33.9,0.6,0.0
2020-12-17 22:45:00,23.9,12.3,0.14,23.9,33.9,0.6,0.0
2020-12-17 23:00:00,23.7,12.3,0.14,23.9,33.9,0.6,0.0
2020-12-17 23:15:00,23.7,12.3,0.14,23.9,33.9,0.6,0.0
2020-12-17 23:30:00,23.7,12.5,0.14,23.9,33.9,0.6,0.0
2020-12-17 23:45:00,23.7,12.5,0.14,23.9,33.9,0.6,0.0
2020-12-18 00:00:00,23.5,12.0,0.15,23.9,33.9,0.6,0.0
2020-12-18 00:15:00,23.5,12.0,0.15,23.9,33.9,0.6,0.0
2020-12-18 00:30:00,23.5,12.2,0.14,23.9,33.9,0.6,0.0
2020-12-18 00:45:00,23.5,12.2,0.14,23.9,33.9,0.6,0.0
2020-12-18 01:00:00,23.3,12.2,0.14,23.9,33.9,0.6,0.0
2020-12-18 01:15:00,23.3,12.2,0.14,23.9,33.9,0.6,0.0
2020-12-18 01:30:00,23.3,12.4,0.14,23.9,33.9,0.6,0.0
2020-12-18 01:45:00,23.3,12.4,0.14,23.9,33.9,0.6,0.0
2020-12-18 02:00:00,23.3,12.4,0.14,23.9,33.9,0.6,0.0
2020-12-18 02:15:00,23.3,11.8,0.14,23.9,33.9,0.6,0.0
2020-12-18 02:30:00,23.3,11.8,0.14,23.9,33.9,0.6,0.0
2020-12-18 02:45:00,23.3,11.8,0.14,23.9,33.9,0.6,0.0
2020-12-18 03:00:00,23.0,11.8,0.14,23.9,33.9,0.6,0.0
2020-12-18 03:15:00,23.0,12.1,0.14,23.9,33.9,0.6,0.0
2020-12-18 03:30:00,23.0,12.1,0.14,23.9,33.9,0.6,0.0
2020-12-18 03:45:00,23.0,12.1,0.14,23.9,33.9,0.6,0.0
2020-12-18 04:00:00,23.0,12.1,0.14,23.9,33.9,0.6,0.0
2020-12-18 04:15:00,23.0,12.1,0.14,23.9,33.9,0.6,0.0
2020-12-18 04:30:00,23.0,12.3,0.14,23.9,33.9,0.6,0.0
2020-12-18 04:45:00,23.0,11.7,0.14,23.9,33.9,0.6,0.0
2020-12-18 05:00:00,22.8,11.7,0.14,23.9,33.9,0.6,0.0
2020-12-18 05:15:00,22.8,11.7,0.14,23.9,33.9,0.6,0.0
2020-12-18 05:30:00,22.8,11.7,0.14,23.9,33.9,0.6,0.0
2020-12-18 05:45:00,22.8,12.0,0.14,23.9,33.9,0.6,0.0
2020-12-18 06:00:00,22.8,11.7,0.14,23.9,33.9,0.6,0.0
2020-12-18 06:15:00,22.6,12.0,0.14,23.9,33.9,0.6,0.0
2020-12-18 06:30:00,22.6,12.0,0.14,23.9,33.9,0.6,0.0
2020-12-18 06:45:00,22.6,12.0,0.14,23.9,33.9,0.6,0.0
2020-12-18 07:00:00,22.6,12.0,0.14,23.9,33.9,0.6,0.0
2020-12-18 07:15:00,22.6,11.4,0.15,23.9,33.9,0.6,0.0
2020-12-18 07:30:00,22.6,11.6,0.14,23.9,33.9,0.6,0.0
2020-12-18 07:45:00,22.6,11.6,0.14,23.9,33.9,0.6,0.0
2020-12-18 08:00:00,22.6,11.6,0.14,23.9,33.9,0.6,0.0
2020-12-18 08:15:00,22.6,11.6,0.14,23.9,33.9,0.6,0.0
2020-12-18 08:30:00,22.6,11.6,0.14,23.9,33.9,0.6,0.0
2020-12-18 08:45:00,22.6,11.6,0.14,23.9,33.9,0.6,0.0
2020-12-18 09:00:00,22.6,11.4,0.14,23.9,33.9,0.6,0.0
2020-12-18 09:15:00,22.8,11.4,0.14,23.9,33.9,0.6,0.0
2020-12-18 09:30:00,23.0,12.0,0.14,23.9,33.9,0.6,0.0
2020-12-18 09:45:00,23.0,12.3,0.14,23.9,33.9,0.6,0.0
2020-12-18 10:00:00,23.3,11.7,0.14,23.9,33.9,0.6,0.0
2020-12-18 10:15:00,23.5,12.0,0.14,23.9,33.9,0.6,0.0
2020-12-18 10:30:00,23.7,12.4,0.14,23.9,33.9,0.6,0.0
2020-12-18 10:45:00,24.2,12.2,0.14,23.9,33.9,0.6,0.0
2020-12-18 11:00:00,24.4,11.9,0.14,23.9,33.9,0.6,0.0
2020-12-18 11:15:00,24.9,12.5,0.14,23.9,33.9,0.6,0.0
2020-12-18 11:30:00,25.1,12.3,0.14,23.9,33.9,0.6,0.0
2020-12-18 11:45:00,25.6,12.4,0.14,23.9,33.9,0.6,0.0
2020-12-18 12:00:00,26.2,12.1,0.15,23.9,33.9,0.6,0.0
2020-12-18 12:15:00,26.7,12.5,0.14,23.9,33.9,0.6,0.0
2020-12-18 12:30:00,27.2,12.3,0.15,23.9,33.9,0.6,0.0
2020-12-18 12:45:00,27.5,12.0,0.15,23.9,33.9,0.6,0.0
2020-12-18 13:00:00,28.0,12.7,0.15,23.9,33.9,0.6,0.0
2020-12-18 13:15:00,28.3,12.7,0.14,23.9,33.9,0.6,0.0
2020-12-18 13:30:00,28.9,12.5,0.15,23.9,33.9,0.6,0.0
2020-12-18 13:45:00,29.2,12.8,0.15,23.7,33.9,0.6,0.0
2020-12-18 14:00:00,29.5,12.6,0.15,23.9,33.9,0.6,0.0
2020-12-18 14:15:00,29.8,12.6,0.15,23.9,33.9,0.6,0.0
2020-12-18 14:30:00,30.1,12.6,0.15,23.9,33.9,0.6,0.0
2020-12-18 14:45:00,30.4,12.7,0.15,23.9,33.9,0.6,0.0
2020-12-18 15:00:00,30.4,12.7,0.15,23.9,33.9,0.6,0.0
2020-12-18 15:15:00,30.1,12.7,0.15,23.9,33.9,0.6,0.0
2020-12-18 15:30:00,29.8,12.9,0.14,23.9,33.9,0.6,0.0
2020-12-18 15:45:00,29.8,12.9,0.14,23.9,33.9,0.6,0.0
2020-12-18 16:00:00,29.5,12.9,0.14,23.9,33.9,0.6,0.0
2020-12-18 16:15:00,29.2,12.5,0.15,23.9,33.9,0.6,0.0
2020-12-18 16:30:00,29.2,12.5,0.15,23.9,33.9,0.6,0.0
2020-12-18 16:45:00,28.9,12.7,0.14,23.9,33.9,0.6,0.0
2020-12-18 17:00:00,28.6,12.7,0.14,23.9,33.9,0.6,0.0
2020-12-18 17:15:00,28.3,12.4,0.14,23.9,33.9,0.6,0.0
2020-12-18 17:30:00,28.3,12.4,0.15,23.9,33.9,0.6,0.0
2020-12-18 17:45:00,28.0,12.6,0.14,23.9,33.9,0.6,0.0
2020-12-18 18:00:00,27.8,12.6,0.14,23.9,33.9,0.6,0.0
2020-12-18 18:15:00,27.5,12.0,0.15,24.2,33.9,0.6,0.0
2020-12-18 18:30:00,27.2,12.5,0.14,24.2,33.9,0.6,0.0
2020-12-18 18:45:00,27.2,12.5,0.14,24.2,33.9,0.6,0.0
2020-12-18 19:00:00,26.9,12.4,0.14,24.2,33.9,0.59,0.0
2020-12-18 19:15:00,26.7,11.9,0.15,24.2,33.9,0.59,0.0
2020-12-18 19:30:00,26.4,12.1,0.14,24.2,33.9,0.59,0.0
2020-12-18 19:45:00,26.2,12.1,0.14,24.2,33.9,0.59,0.0
2020-12-18 20:00:00,26.2,12.3,0.14,24.2,33.9,0.59,0.0
2020-12-18 20:15:00,25.9,11.7,0.14,24.2,33.9,0.59,0.0
2020-12-18 20:30:00,25.9,11.7,0.14,24.2,33.9,0.59,0.0
2020-12-18 20:45:00,25.6,12.0,0.14,24.2,33.9,0.59,0.0
2020-12-18 21:00:00,25.6,12.2,0.14,24.2,33.9,0.59,0.0
2020-12-18 21:15:00,25.4,12.2,0.14,24.2,33.9,0.59,0.0
2020-12-18 21:30:00,25.1,12.2,0.14,24.2,33.7,0.6,0.0
2020-12-18 21:45:00,25.1,11.9,0.14,24.4,33.9,0.59,0.0
2020-12-18 22:00:00,24.9,11.9,0.14,24.4,33.9,0.59,0.0
2020-12-18 22:15:00,24.9,12.1,0.14,24.4,33.9,0.59,0.0
2020-12-18 22:30:00,24.7,12.1,0.14,24.4,33.7,0.6,0.0
2020-12-18 22:45:00,24.7,11.7,0.14,24.4,33.9,0.59,0.0
2020-12-18 23:00:00,24.4,11.7,0.14,24.4,33.9,0.59,0.0
2020-12-18 23:15:00,24.4,11.7,0.14,24.4,33.7,0.6,0.0
2020-12-18 23:30:00,24.2,12.0,0.14,24.4,33.7,0.6,0.0
2020-12-18 23:45:00,24.2,12.0,0.14,24.4,33.7,0.6,0.0
2020-12-19 00:00:00,23.9,12.0,0.14,24.4,33.7,0.6,0.0
2020-12-19 00:15:00,23.9,11.6,0.14,24.4,33.7,0.6,0.0
2020-12-19 00:30:00,23.9,11.6,0.14,24.4,33.7,0.6,0.0
2020-12-19 00:45:00,23.7,11.9,0.14,24.4,33.7,0.6,0.0
2020-12-19 01:00:00,23.7,11.9,0.14,24.4,33.7,0.6,0.0
2020-12-19 01:15:00,23.7,11.8,0.14,24.4,33.7,0.6,0.0
2020-12-19 01:30:00,23.5,12.1,0.13,24.4,33.7,0.6,0.0
2020-12-19 01:45:00,23.5,11.5,0.14,24.4,33.7,0.6,0.0
2020-12-19 02:00:00,23.5,11.5,0.14,24.4,33.7,0.6,0.0
2020-12-19 02:15:00,23.3,11.5,0.14,24.4,33.7,0.6,0.0
2020-12-19 02:30:00,23.3,11.7,0.14,24.4,33.7,0.6,0.0
2020-12-19 02:45:00,23.3,11.7,0.14,24.4,33.7,0.6,0.0
2020-12-19 03:00:00,23.0,11.7,0.14,24.4,33.7,0.6,0.0
2020-12-19 03:15:00,23.0,11.4,0.14,24.4,33.7,0.6,0.0
2020-12-19 03:30:00,23.0,11.4,0.14,24.4,33.7,0.6,0.0
2020-12-19 03:45:00,22.8,11.4,0.14,24.4,33.7,0.6,0.0
2020-12-19 04:00:00,22.8,11.4,0.14,24.4,33.7,0.6,0.0
2020-12-19 04:15:00,22.8,11.6,0.13,24.4,33.7,0.6,0.0
2020-12-19 04:30:00,22.8,11.6,0.13,24.4,33.7,0.6,0.0
2020-12-19 04:45:00,22.6,11.1,0.14,24.4,33.7,0.6,0.0
2020-12-19 05:00:00,22.6,11.3,0.14,24.4,33.7,0.6,0.0
2020-12-19 05:15:00,22.6,11.3,0.14,24.4,33.7,0.6,0.0
2020-12-19 05:30:00,22.6,11.3,0.14,24.4,32.8,0.61,0.0
2020-12-19 05:45:00,22.4,11.3,0.14,24.4,33.7,0.6,0.0
2020-12-19 06:00:00,22.4,11.3,0.14,24.4,33.7,0.6,0.0
2020-12-19 06:15:00,22.4,11.5,0.13,24.4,33.7,0.6,0.0
2020-12-19 06:30:00,22.1,11.5,0.13,24.4,33.9,0.59,0.0
2020-12-19 06:45:00,22.1,11.5,0.13,24.4,33.9,0.59,0.0
2020-12-19 07:00:00,22.1,11.5,0.13,24.4,33.7,0.6,0.0
2020-12-19 07:15:00,22.1,11.2,0.13,24.4,33.9,0.59,0.0
2020-12-19 07:30:00,21.9,11.2,0.13,24.4,33.9,0.59,0.0
2020-12-19 07:45:00,21.9,11.2,0.13,24.2,33.7,0.6,0.0
2020-12-19 08:00:00,21.9,11.2,0.13,24.2,33.9,0.59,0.0
2020-12-19 08:15:00,21.9,11.2,0.13,24.2,33.9,0.59,0.0
2020-12-19 08:30:00,21.9,11.2,0.13,24.2,33.9,0.59,0.0
2020-12-19 08:45:00,22.1,11.2,0.13,24.2,33.9,0.59,0.0
2020-12-19 09:00:00,22.1,11.2,0.13,24.2,33.9,0.59,0.0
2020-12-19 09:15:00,22.4,11.0,0.14,24.2,33.9,0.59,0.0
2020-12-19 09:30:00,22.6,11.5,0.13,24.2,33.9,0.59,0.0
2020-12-19 09:45:00,22.6,11.5,0.13,24.2,33.9,0.59,0.0
2020-12-19 10:00:00,22.8,11.5,0.13,24.2,33.9,0.59,0.0
2020-12-19 10:15:00,23.0,11.3,0.13,24.2,33.9,0.59,0.0
2020-12-19 10:30:00,23.3,11.6,0.13,24.2,33.9,0.59,0.0
2020-12-19 10:45:00,23.5,11.4,0.14,24.2,33.9,0.59,0.0
2020-12-19 11:00:00,23.5,11.4,0.14,24.2,33.9,0.59,0.0
2020-12-19 11:15:00,23.9,11.7,0.13,24.2,33.9,0.59,0.0
2020-12-19 11:30:00,24.2,11.5,0.14,24.2,33.9,0.59,0.0
2020-12-19 11:45:00,24.7,11.5,0.14,24.2,33.9,0.59,0.0
2020-12-19 12:00:00,24.9,11.3,0.14,24.2,33.9,0.59,0.0
2020-12-19 12:15:00,25.1,11.8,0.13,24.2,33.9,0.6,0.0
2020-12-19 12:30:00,25.6,11.6,0.14,24.2,33.9,0.6,0.0
2020-12-19 12:45:00,25.9,11.4,0.14,24.2,33.9,0.6,0.0
2020-12-19 13:00:00,26.2,11.5,0.14,24.2,33.9,0.6,0.0
2020-12-19 13:15:00,26.7,11.5,0.14,24.2,33.9,0.6,0.0
2020-12-19 13:30:00,27.2,11.8,0.14,24.2,33.9,0.6,0.0
2020-12-19 13:45:00,27.5,11.6,0.14,24.2,33.9,0.6,0.0
2020-12-19 14:00:00,27.8,11.6,0.14,24.2,33.9,0.6,0.0
2020-12-19 14:15:00,27.8,11.9,0.14,24.2,33.9,0.6,0.0
2020-12-19 14:30:00,27.8,11.9,0.14,24.2,33.9,0.6,0.0
2020-12-19 14:45:00,27.8,11.9,0.14,24.2,33.9,0.6,0.0
2020-12-19 15:00:00,27.8,11.9,0.14,24.2,33.9,0.6,0.0
2020-12-19 15:15:00,27.8,12.1,0.14,24.2,33.9,0.6,0.0
2020-12-19 15:30:00,27.5,12.1,0.14,24.2,33.9,0.6,0.0
2020-12-19 15:45:00,27.5,11.6,0.14,24.2,33.9,0.6,0.0
2020-12-19 16:00:00,27.2,11.8,0.14,24.2,33.9,0.6,0.0
2020-12-19 16:15:00,27.2,11.5,0.14,24.2,33.9,0.6,0.0
2020-12-19 16:30:00,26.9,12.0,0.13,24.2,33.9,0.59,0.0
2020-12-19 16:45:00,26.9,12.0,0.13,24.2,33.9,0.59,0.0
2020-12-19 17:00:00,26.7,11.2,0.14,24.2,33.9,0.59,0.0
2020-12-19 17:15:00,26.4,11.4,0.14,24.2,33.9,0.59,0.0
2020-12-19 17:30:00,26.4,11.4,0.14,24.2,33.9,0.59,0.0
2020-12-19 17:45:00,26.2,11.6,0.13,24.2,33.9,0.59,0.0
2020-12-19 18:00:00,25.9,11.6,0.14,24.2,33.9,0.59,0.0
2020-12-19 18:15:00,25.6,11.3,0.14,24.2,33.9,0.59,0.0
2020-12-19 18:30:00,25.6,11.3,0.14,24.2,33.9,0.59,0.0
2020-12-19 18:45:00,25.4,11.5,0.13,24.2,33.9,0.59,0.0
2020-12-19 19:00:00,25.1,11.5,0.13,24.2,33.9,0.59,0.0
2020-12-19 19:15:00,25.1,11.5,0.13,24.2,33.9,0.59,0.0
2020-12-19 19:30:00,24.9,11.7,0.13,24.2,33.9,0.59,0.0
2020-12-19 19:45:00,24.9,11.2,0.14,24.2,33.9,0.59,0.0
2020-12-19 20:00:00,24.7,11.4,0.13,24.2,33.9,0.59,0.0
2020-12-19 20:15:00,24.7,11.4,0.13,24.2,33.9,0.59,0.0
2020-12-19 20:30:00,24.4,11.6,0.13,24.4,33.9,0.59,0.0
2020-12-19 20:45:00,24.4,11.6,0.13,24.4,33.9,0.59,0.0
2020-12-19 21:00:00,24.2,11.3,0.13,24.4,33.9,0.59,0.0
2020-12-19 21:15:00,24.2,11.3,0.13,24.4,33.9,0.59,0.0
2020-12-19 21:30:00,23.9,11.3,0.13,24.4,33.9,0.59,0.0
2020-12-19 21:45:00,23.9,11.3,0.13,24.4,33.9,0.59,0.0
2020-12-19 22:00:00,23.7,11.2,0.13,24.4,33.9,0.59,0.0
2020-12-19 22:15:00,23.7,11.5,0.13,24.4,33.9,0.59,0.0
2020-12-19 22:30:00,23.7,11.5,0.13,24.4,33.9,0.59,0.0
2020-12-19 22:45:00,23.5,11.2,0.13,24.4,33.9,0.59,0.0
2020-12-19 23:00:00,23.5,11.2,0.13,24.4,33.9,0.59,0.0
2020-12-19 23:15:00,23.5,11.2,0.13,24.4,33.9,0.59,0.0
2020-12-19 23:30:00,23.3,11.2,0.13,24.4,33.9,0.59,0.0
2020-12-19 23:45:00,23.3,11.1,0.13,24.4,33.9,0.59,0.0
2020-12-20 00:00:00,23.3,11.4,0.13,24.4,33.9,0.59,0.0
2020-12-20 00:15:00,23.0,11.1,0.13,24.4,33.9,0.59,0.0
2020-12-20 00:30:00,23.0,11.1,0.13,24.4,33.9,0.59,0.0
2020-12-20 00:45:00,23.0,11.1,0.13,24.4,33.9,0.59,0.0
2020-12-20 01:00:00,23.0,11.1,0.13,24.4,33.9,0.59,0.0
2020-12-20 01:15:00,22.8,10.8,0.13,24.4,33.9,0.59,0.0
2020-12-20 01:30:00,22.8,11.1,0.13,24.4,33.9,0.59,0.0
2020-12-20 01:45:00,22.8,11.3,0.13,24.4,33.9,0.59,0.0
2020-12-20 02:00:00,22.6,11.3,0.13,24.4,33.9,0.59,0.0
2020-12-20 02:15:00,22.6,11.3,0.13,24.4,33.9,0.59,0.0
2020-12-20 02:30:00,22.6,11.3,0.13,24.4,33.9,0.59,0.0
2020-12-20 02:45:00,22.4,11.0,0.13,24.4,33.9,0.59,0.0
2020-12-20 03:00:00,22.4,10.9,0.13,24.4,33.9,0.59,0.0
2020-12-20 03:15:00,22.4,10.9,0.13,24.4,33.9,0.59,0.0
2020-12-20 03:30:00,22.1,10.9,0.13,24.4,33.9,0.59,0.0
2020-12-20 03:45:00,22.1,11.2,0.13,24.4,33.9,0.59,0.0
2020-12-20 04:00:00,22.1,10.9,0.13,24.2,33.9,0.59,0.0
2020-12-20 04:15:00,21.9,11.2,0.13,24.2,33.9,0.59,0.0
2020-12-20 04:30:00,21.9,10.9,0.13,24.2,33.9,0.59,0.0
2020-12-20 04:45:00,21.7,11.1,0.13,24.4,33.9,0.59,0.0
2020-12-20 05:00:00,21.7,10.5,0.13,24.2,33.9,0.59,0.0
2020-12-20 05:15:00,21.7,10.5,0.13,24.2,33.9,0.59,0.0
2020-12-20 05:30:00,21.5,10.5,0.13,24.2,33.9,0.59,0.0
2020-12-20 05:45:00,21.5,10.8,0.13,24.2,33.9,0.59,0.0
2020-12-20 06:00:00,21.3,11.1,0.13,24.2,33.9,0.59,0.0
2020-12-20 06:15:00,21.3,10.8,0.13,24.2,33.9,0.59,0.0
2020-12-20 06:30:00,21.3,10.8,0.13,24.2,33.9,0.59,0.0
2020-12-20 06:45:00,21.1,10.8,0.13,24.2,33.9,0.59,0.0
2020-12-20 07:00:00,21.1,11.0,0.12,24.2,33.9,0.59,0.0
2020-12-20 07:15:00,21.1,11.0,0.12,24.2,33.9,0.59,0.0
2020-12-20 07:30:00,20.9,10.4,0.13,24.2,33.9,0.59,0.0
2020-12-20 07:45:00,20.9,10.7,0.13,24.2,33.9,0.59,0.0
2020-12-20 08:00:00,20.9,10.4,0.13,24.2,33.9,0.59,0.0
2020-12-20 08:15:00,21.1,10.4,0.13,24.2,33.9,0.59,0.0
2020-12-20 08:30:00,21.1,10.4,0.13,24.2,33.9,0.59,0.0
2020-12-20 08:45:00,21.1,10.4,0.13,24.2,33.9,0.59,0.0
2020-12-20 09:00:00,21.3,10.8,0.13,24.2,33.9,0.59,0.0
2020-12-20 09:15:00,21.5,11.1,0.13,24.2,33.9,0.6,0.0
2020-12-20 09:30:00,21.5,11.1,0.13,24.2,33.9,0.6,0.0
2020-12-20 09:45:00,21.7,10.8,0.13,24.2,33.9,0.6,0.0
2020-12-20 10:00:00,21.9,10.8,0.13,24.2,33.9,0.6,0.0
2020-12-20 10:15:00,22.4,10.6,0.13,23.9,33.9,0.6,0.0
2020-12-20 10:30:00,22.6,11.2,0.13,23.9,33.9,0.6,0.0
2020-12-20 10:45:00,23.0,11.0,0.13,23.9,33.9,0.6,0.0
2020-12-20 11:00:00,23.3,10.7,0.13,23.9,33.9,0.6,0.0
2020-12-20 11:15:00,23.7,11.1,0.13,23.9,33.9,0.6,0.0
2020-12-20 11:30:00,24.2,10.8,0.13,23.9,33.9,0.6,0.0
2020-12-20 11:45:00,24.7,10.9,0.13,23.9,33.9,0.6,0.0
2020-12-20 12:00:00,25.1,11.3,0.13,23.9,33.9,0.6,0.0
2020-12-20 12:15:00,25.6,11.3,0.13,23.9,33.9,0.6,0.0
2020-12-20 12:30:00,25.9,11.0,0.13,23.9,33.9,0.6,0.0
2020-12-20 12:45:00,26.2,11.1,0.13,23.9,33.9,0.6,0.0
2020-12-20 13:00:00,26.7,11.5,0.13,23.9,33.9,0.6,0.0
2020-12-20 13:15:00,26.9,11.5,0.13,23.9,33.9,0.6,0.0
2020-12-20 13:30:00,27.5,11.2,0.13,23.9,33.9,0.6,0.0
2020-12-20 13:45:00,27.8,11.0,0.14,23.9,33.9,0.6,0.0
2020-12-20 14:00:00,28.0,11.6,0.13,23.9,33.9,0.6,0.0
2020-12-20 14:15:00,28.6,11.4,0.13,23.9,33.9,0.6,0.0
2020-12-20 14:30:00,28.9,11.7,0.13,23.9,33.9,0.6,0.0
2020-12-20 14:45:00,29.2,11.4,0.13,23.9,33.9,0.6,0.0
2020-12-20 15:00:00,29.2,11.4,0.13,23.9,33.9,0.6,0.0
2020-12-20 15:15:00,29.2,11.4,0.13,23.9,33.9,0.6,0.0
2020-12-20 15:30:00,28.9,11.7,0.13,23.9,33.9,0.6,0.0
2020-12-20 15:45:00,28.6,11.7,0.13,23.9,33.9,0.6,0.0
2020-12-20 16:00:00,28.6,11.9,0.13,23.9,33.9,0.6,0.0
2020-12-20 16:15:00,28.3,11.9,0.13,23.9,33.9,0.6,0.0
2020-12-20 16:30:00,28.0,11.3,0.13,23.9,33.9,0.6,0.0
2020-12-20 16:45:00,27.8,11.6,0.13,23.9,33.9,0.6,0.0
2020-12-20 17:00:00,27.8,11.5,0.13,23.9,33.9,0.6,0.0
2020-12-20 17:15:00,27.5,10.9,0.13,23.9,33.9,0.6,0.0
2020-12-20 17:30:00,27.2,11.1,0.13,23.9,33.9,0.6,0.0
2020-12-20 17:45:00,26.9,11.1,0.13,23.9,33.9,0.6,0.0
2020-12-20 18:00:00,26.9,11.4,0.13,24.2,33.9,0.6,0.0
2020-12-20 18:15:00,26.7,11.4,0.13,24.2,33.9,0.6,0.0
2020-12-20 18:30:00,26.4,11.0,0.13,24.2,33.9,0.6,0.0
2020-12-20 18:45:00,26.2,11.3,0.13,24.2,33.9,0.6,0.0
2020-12-20 19:00:00,25.9,11.3,0.13,24.2,33.9,0.59,0.0
2020-12-20 19:15:00,25.6,10.9,0.13,24.2,33.9,0.59,0.0
2020-12-20 19:30:00,25.4,10.9,0.13,24.2,33.9,0.59,0.0
2020-12-20 19:45:00,25.4,10.8,0.13,24.2,33.9,0.59,0.0
2020-12-20 20:00:00,25.1,11.1,0.13,24.2,33.9,0.59,0.0
2020-12-20 20:15:00,24.9,11.4,0.13,24.2,33.9,0.59,0.0
2020-12-20 20:30:00,24.7,10.5,0.13,24.2,33.9,0.59,0.0
2020-12-20 20:45:00,24.7,10.7,0.13,24.2,33.9,0.59,0.0
2020-12-20 21:00:00,24.4,10.7,0.13,24.2,33.9,0.59,0.0
2020-12-20 21:15:00,24.2,11.0,0.13,24.2,33.9,0.59,0.0
2020-12-20 21:30:00,24.2,10.4,0.13,24.2,33.9,0.59,0.0
2020-12-20 21:45:00,23.9,11.2,0.12,24.2,33.9,0.59,0.0
2020-12-20 22:00:00,23.9,10.6,0.13,24.2,33.9,0.59,0.0
2020-12-20 22:15:00,23.7,10.9,0.12,24.2,33.6,0.6,0.0
2020-12-20 22:30:00,23.7,10.8,0.13,24.4,33.9,0.59,0.0
2020-12-20 22:45:00,23.5,10.8,0.13,24.2,33.9,0.59,0.0
2020-12-20 23:00:00,23.5,10.3,0.13,24.2,33.9,0.59,0.0
2020-12-20 23:15:00,23.3,10.5,0.13,24.4,33.9,0.59,0.0
2020-12-20 23:30:00,23.3,10.5,0.13,24.4,33.9,0.59,0.0
2020-12-20 23:45:00,23.0,10.5,0.13,24.4,33.9,0.59,0.0
2020-12-21 00:00:00,23.0,10.7,0.12,24.4,33.9,0.59,0.0
2020-12-21 00:15:00,22.8,10.7,0.12,24.4,33.9,0.59,0.0
2020-12-21 00:30:00,22.8,10.7,0.12,24.2,33.9,0.59,0.0
2020-12-21 00:45:00,22.6,11.0,0.12,24.4,33.9,0.59,0.0
2020-12-21 01:00:00,22.6,10.4,0.13,24.4,33.9,0.59,0.0
2020-12-21 01:15:00,22.6,10.4,0.13,24.4,33.9,0.59,0.0
2020-12-21 01:30:00,22.4,10.6,0.12,24.4,33.9,0.59,0.0
2020-12-21 01:45:00,22.4,10.6,0.12,24.4,33.9,0.59,0.0
2020-12-21 02:00:00,22.1,10.6,0.12,24.4,33.9,0.59,0.0
2020-12-21 02:15:00,22.1,10.6,0.12,24.4,33.9,0.59,0.0
2020-12-21 02:30:00,22.1,10.9,0.12,24.2,33.9,0.59,0.0
2020-12-21 02:45:00,21.9,10.3,0.12,24.2,33.9,0.59,0.0
2020-12-21 03:00:00,21.9,10.3,0.13,24.2,33.9,0.59,0.0
2020-12-21 03:15:00,21.7,10.5,0.12,24.2,33.9,0.59,0.0
2020-12-21 03:30:00,21.7,10.5,0.12,24.4,33.9,0.59,0.0
2020-12-21 03:45:00,21.7,10.5,0.12,24.2,33.9,0.59,0.0
2020-12-21 04:00:00,21.5,10.5,0.12,24.2,33.9,0.59,0.0
2020-12-21 04:15:00,21.5,10.7,0.12,24.2,33.9,0.59,0.0
2020-12-21 04:30:00,21.3,10.7,0.12,24.2,33.9,0.59,0.0
2020-12-21 04:45:00,21.3,10.2,0.12,24.2,33.9,0.59,0.0
2020-12-21 05:00:00,21.1,10.2,0.12,24.2,33.9,0.59,0.0
2020-12-21 05:15:00,21.1,10.4,0.12,24.2,33.9,0.59,0.0
2020-12-21 05:30:00,21.1,10.4,0.12,24.2,33.9,0.59,0.0
2020-12-21 05:45:00,21.1,10.4,0.12,24.2,33.9,0.59,0.0
2020-12-21 06:00:00,21.1,10.4,0.12,24.2,33.9,0.59,0.0
2020-12-21 06:15:00,21.1,10.4,0.12,24.2,33.9,0.59,0.0
2020-12-21 06:30:00,21.1,10.4,0.12,24.2,33.9,0.59,0.0
2020-12-21 06:45:00,21.1,10.4,0.12,24.2,33.9,0.59,0.0
2020-12-21 07:00:00,21.1,10.4,0.12,24.2,33.9,0.59,0.0
2020-12-21 07:15:00,21.1,10.4,0.12,24.2,33.9,0.59,0.0
2020-12-21 07:30:00,21.1,10.4,0.12,24.2,33.9,0.59,0.0
2020-12-21 07:45:00,21.1,10.4,0.12,24.2,33.9,0.6,0.0
2020-12-21 08:00:00,21.1,9.9,0.13,24.2,33.9,0.6,0.0
2020-12-21 08:15:00,21.1,10.4,0.12,24.2,33.9,0.6,0.0
2020-12-21 08:30:00,21.3,10.4,0.12,24.2,33.9,0.6,0.0
2020-12-21 08:45:00,21.3,10.4,0.12,24.2,33.9,0.6,0.0
2020-12-21 09:00:00,21.3,10.4,0.12,23.9,33.9,0.6,0.0
2020-12-21 09:15:00,21.5,10.2,0.12,23.9,33.9,0.6,0.0
2020-12-21 09:30:00,21.5,10.2,0.12,23.9,33.9,0.6,0.0
2020-12-21 09:45:00,21.9,10.2,0.12,23.9,33.9,0.6,0.0
2020-12-21 10:00:00,22.1,10.3,0.12,23.9,33.9,0.6,0.0
2020-12-21 10:15:00,22.4,10.3,0.12,23.9,33.9,0.6,0.0
2020-12-21 10:30:00,22.6,10.6,0.12,23.9,33.9,0.6,0.0
2020-12-21 10:45:00,22.8,10.4,0.13,23.9,33.9,0.6,0.0
2020-12-21 11:00:00,23.3,10.7,0.12,23.9,33.9,0.6,0.0
2020-12-21 11:15:00,23.7,10.7,0.12,23.9,33.9,0.6,0.0
2020-12-21 11:30:00,24.2,10.5,0.13,23.9,33.9,0.6,0.0
2020-12-21 11:45:00,24.7,10.8,0.12,23.9,33.9,0.6,0.0
2020-12-21 12:00:00,25.1,10.9,0.12,23.9,33.9,0.6,0.0
2020-12-21 12:15:00,25.6,10.7,0.13,23.9,33.9,0.6,0.0
2020-12-21 12:30:00,26.2,11.0,0.13,23.9,34.1,0.59,0.0
2020-12-21 12:45:00,26.7,10.8,0.13,23.9,33.9,0.6,0.0
2020-12-21 13:00:00,26.9,10.9,0.13,23.9,33.9,0.6,0.0
2020-12-21 13:15:00,27.5,11.4,0.12,23.9,34.1,0.59,0.0
2020-12-21 13:30:00,27.8,11.2,0.13,23.9,33.9,0.6,0.0
2020-12-21 13:45:00,28.3,11.0,0.13,23.9,34.1,0.59,0.0
2020-12-21 14:00:00,28.6,11.3,0.13,23.9,34.1,0.59,0.0
2020-12-21 14:15:00,28.9,10.8,0.13,23.9,34.1,0.59,0.0
2020-12-21 14:30:00,29.2,11.6,0.12,23.9,34.1,0.59,0.0
2020-12-21 14:45:00,29.5,11.4,0.13,23.9,34.1,0.59,0.0
2020-12-21 15:00:00,29.8,11.4,0.13,23.9,34.1,0.59,0.0
2020-12-21 15:15:00,29.5,11.4,0.13,23.9,34.1,0.59,0.0
2020-12-21 15:30:00,29.2,11.1,0.13,23.9,34.1,0.59,0.0
2020-12-21 15:45:00,28.9,11.3,0.13,23.9,34.1,0.59,0.0
2020-12-21 16:00:00,28.9,11.0,0.13,23.9,33.9,0.6,0.0
2020-12-21 16:15:00,28.6,11.0,0.13,23.9,34.1,0.59,0.0
2020-12-21 16:30:00,28.3,10.7,0.13,23.9,34.1,0.59,0.0
2020-12-21 16:45:00,28.0,10.9,0.13,23.9,34.1,0.59,0.0
2020-12-21 17:00:00,27.8,10.9,0.13,23.9,34.1,0.59,0.0
2020-12-21 17:15:00,27.5,11.1,0.12,23.9,33.9,0.6,0.0
2020-12-21 17:30:00,27.2,10.8,0.13,23.9,33.9,0.6,0.0
2020-12-21 17:45:00,26.9,10.8,0.13,23.9,33.9,0.6,0.0
2020-12-21 18:00:00,26.7,11.0,0.12,23.9,34.1,0.59,0.0
2020-12-21 18:15:00,26.4,11.0,0.12,23.9,34.1,0.59,0.0
2020-12-21 18:30:00,26.2,10.7,0.13,23.9,33.9,0.6,0.0
2020-12-21 18:45:00,25.9,10.6,0.12,24.2,33.9,0.6,0.0
2020-12-21 19:00:00,25.6,10.6,0.12,24.2,33.9,0.6,0.0
2020-12-21 19:15:00,25.4,10.8,0.12,24.2,33.9,0.6,0.0
2020-12-21 19:30:00,25.1,10.3,0.13,24.2,33.9,0.6,0.0
2020-12-21 19:45:00,25.1,10.5,0.12,24.2,33.9,0.59,0.0
2020-12-21 20:00:00,24.9,10.5,0.12,24.2,33.9,0.59,0.0
2020-12-21 20:15:00,24.7,10.7,0.12,24.2,33.9,0.59,0.0
2020-12-21 20:30:00,24.4,10.1,0.13,24.2,33.9,0.59,0.0
2020-12-21 20:45:00,24.4,10.4,0.12,24.2,33.9,0.59,0.0
2020-12-21 21:00:00,24.2,10.4,0.12,24.2,33.9,0.59,0.0
2020-12-21 21:15:00,23.9,10.6,0.12,24.2,33.9,0.59,0.0
2020-12-21 21:30:00,23.9,10.6,0.12,24.2,33.9,0.59,0.0
2020-12-21 21:45:00,23.7,10.3,0.12,24.2,33.9,0.59,0.0
2020-12-21 22:00:00,23.7,10.3,0.12,24.2,33.9,0.59,0.0
2020-12-21 22:15:00,23.5,10.3,0.12,24.2,33.9,0.59,0.0
2020-12-21 22:30:00,23.5,10.5,0.12,24.2,33.9,0.59,0.0
2020-12-21 22:45:00,23.3,10.5,0.12,24.2,33.9,0.59,0.0
2020-12-21 23:00:00,23.0,10.5,0.12,24.2,33.9,0.59,0.0
2020-12-21 23:15:00,23.0,10.7,0.12,24.2,33.9,0.59,0.0
2020-12-21 23:30:00,22.8,10.2,0.12,24.2,33.9,0.59,0.0
2020-12-21 23:45:00,22.8,10.2,0.12,24.2,33.9,0.59,0.0
2020-12-22 00:00:00,22.8,10.4,0.12,24.2,33.9,0.59,0.0
2020-12-22 00:15:00,22.6,10.4,0.12,24.2,33.9,0.59,0.0
2020-12-22 00:30:00,22.6,10.4,0.12,24.2,33.9,0.59,0.0
2020-12-22 00:45:00,22.6,10.4,0.12,24.2,33.9,0.59,0.0
2020-12-22 01:00:00,22.4,10.6,0.12,24.2,33.9,0.59,0.0
2020-12-22 01:15:00,22.4,10.6,0.12,24.2,33.9,0.59,0.0
2020-12-22 01:30:00,22.1,10.1,0.12,24.2,33.9,0.59,0.0
2020-12-22 01:45:00,22.1,10.3,0.12,24.2,33.9,0.59,0.0
2020-12-22 02:00:00,22.1,10.3,0.12,24.2,33.9,0.59,0.0
2020-12-22 02:15:00,21.9,10.3,0.12,24.2,33.9,0.59,0.0
2020-12-22 02:30:00,21.9,10.3,0.12,24.2,33.9,0.59,0.0
2020-12-22 02:45:00,21.7,10.5,0.12,24.2,33.9,0.59,0.0
2020-12-22 03:00:00,21.7,10.5,0.12,24.2,33.9,0.59,0.0
2020-12-22 03:15:00,21.7,10.0,0.12,24.2,33.9,0.59,0.0
2020-12-22 03:30:00,21.5,10.0,0.12,24.2,33.9,0.59,0.0
2020-12-22 03:45:00,21.5,10.2,0.12,24.2,33.9,0.59,0.0
2020-12-22 04:00:00,21.3,10.2,0.12,24.2,33.9,0.59,0.0
2020-12-22 04:15:00,21.3,10.2,0.12,24.2,33.9,0.59,0.0
2020-12-22 04:30:00,21.3,9.9,0.12,24.2,33.9,0.59,0.0
2020-12-22 04:45:00,21.1,10.4,0.11,24.2,33.9,0.59,0.0
2020-12-22 05:00:00,21.1,10.1,0.12,24.2,33.9,0.59,0.0
2020-12-22 05:15:00,21.1,10.4,0.11,24.2,33.9,0.59,0.0
2020-12-22 05:30:00,20.9,10.1,0.12,24.2,33.9,0.59,0.0
2020-12-22 05:45:00,20.9,9.8,0.12,24.2,33.9,0.59,0.0
2020-12-22 06:00:00,20.9,10.1,0.12,24.2,33.9,0.59,0.0
2020-12-22 06:15:00,20.7,10.1,0.12,24.2,33.9,0.59,0.0
2020-12-22 06:30:00,20.7,10.1,0.12,24.2,33.9,0.6,0.0
2020-12-22 06:45:00,20.7,9.8,0.12,24.2,33.9,0.6,0.0
2020-12-22 07:00:00,20.5,10.1,0.12,24.2,33.9,0.6,0.0
2020-12-22 07:15:00,20.5,9.8,0.12,24.2,33.9,0.6,0.0
2020-12-22 07:30:00,20.5,10.0,0.11,24.2,33.9,0.6,0.0
2020-12-22 07:45:00,20.5,10.0,0.11,23.9,33.9,0.6,0.0
2020-12-22 08:00:00,20.5,10.0,0.11,23.9,33.9,0.6,0.0
2020-12-22 08:15:00,20.5,10.3,0.11,23.9,33.9,0.6,0.0
2020-12-22 08:30:00,20.5,10.1,0.12,23.9,33.9,0.6,0.0
2020-12-22 08:45:00,20.7,9.8,0.12,23.9,33.9,0.6,0.0
2020-12-22 09:00:00,20.9,10.1,0.12,23.9,33.9,0.6,0.0
2020-12-22 09:15:00,20.9,10.1,0.12,23.9,33.9,0.6,0.0
2020-12-22 09:30:00,21.1,9.8,0.12,23.9,33.9,0.6,0.0
2020-12-22 09:45:00,21.3,10.4,0.11,23.9,33.9,0.6,0.0
2020-12-22 10:00:00,21.5,9.9,0.12,23.9,33.9,0.6,0.0
2020-12-22 10:15:00,21.7,10.2,0.12,23.9,34.1,0.59,0.0
2020-12-22 10:30:00,21.9,10.0,0.12,23.9,34.1,0.59,0.0
2020-12-22 10:45:00,22.4,10.0,0.12,23.9,34.1,0.59,0.0
2020-12-22 11:00:00,22.8,10.3,0.12,23.9,33.9,0.6,0.0
2020-12-22 11:15:00,23.3,10.1,0.12,23.9,34.1,0.59,0.0
2020-12-22 11:30:00,23.7,10.7,0.12,23.9,34.1,0.59,0.0
2020-12-22 11:45:00,24.2,10.5,0.12,23.9,34.1,0.59,0.0
2020-12-22 12:00:00,24.9,10.3,0.12,23.9,34.1,0.59,0.0
2020-12-22 12:15:00,25.4,10.0,0.12,23.9,34.1,0.59,0.0
2020-12-22 12:30:00,25.9,10.4,0.12,23.7,34.1,0.59,0.0
2020-12-22 12:45:00,26.4,10.5,0.12,23.7,34.1,0.59,0.0
2020-12-22 13:00:00,26.9,10.2,0.12,23.7,34.1,0.59,0.0
2020-12-22 13:15:00,27.2,10.6,0.12,23.7,34.1,0.59,0.0
2020-12-22 13:30:00,27.8,10.3,0.12,23.7,34.1,0.59,0.0
2020-12-22 13:45:00,28.0,10.4,0.13,23.7,34.0,0.59,0.0
2020-12-22 14:00:00,28.6,11.0,0.12,23.7,34.0,0.59,0.0
2020-12-22 14:15:00,28.9,10.8,0.12,23.7,34.0,0.59,0.0
2020-12-22 14:30:00,29.2,10.5,0.13,23.7,34.0,0.59,0.0
2020-12-22 14:45:00,29.5,10.8,0.12,23.7,34.0,0.59,0.0
2020-12-22 15:00:00,29.2,10.8,0.12,23.7,34.0,0.59,0.0
2020-12-22 15:15:00,29.2,10.8,0.12,23.7,34.0,0.59,0.0
2020-12-22 15:30:00,28.9,11.0,0.12,23.7,34.0,0.59,0.0
2020-12-22 15:45:00,28.9,10.8,0.12,23.7,34.0,0.59,0.0
2020-12-22 16:00:00,28.9,11.0,0.12,23.7,34.1,0.59,0.0
2020-12-22 16:15:00,28.6,11.0,0.12,23.7,34.1,0.59,0.0
2020-12-22 16:30:00,28.6,10.4,0.12,23.9,33.9,0.6,0.0
2020-12-22 16:45:00,28.3,10.7,0.12,23.7,34.1,0.59,0.0
2020-12-22 17:00:00,28.0,10.7,0.12,23.9,34.1,0.59,0.0
2020-12-22 17:15:00,28.0,10.9,0.12,23.9,34.1,0.59,0.0
2020-12-22 17:30:00,27.8,10.6,0.12,23.9,34.1,0.59,0.0
2020-12-22 17:45:00,27.5,10.5,0.12,23.9,34.1,0.59,0.0
2020-12-22 18:00:00,27.2,10.2,0.12,23.9,34.1,0.59,0.0
2020-12-22 18:15:00,26.9,10.5,0.12,23.9,34.1,0.59,0.0
2020-12-22 18:30:00,26.9,10.7,0.12,23.9,34.1,0.59,0.0
2020-12-22 18:45:00,26.7,10.1,0.12,23.9,33.9,0.6,0.0
2020-12-22 19:00:00,26.4,10.4,0.12,23.9,34.1,0.59,0.0
2020-12-22 19:15:00,26.2,10.4,0.12,23.9,34.1,0.59,0.0
2020-12-22 19:30:00,25.9,10.6,0.12,23.9,34.1,0.59,0.0
2020-12-22 19:45:00,25.9,10.0,0.12,23.9,33.9,0.6,0.0
2020-12-22 20:00:00,25.6,10.3,0.12,23.9,33.9,0.6,0.0
2020-12-22 20:15:00,25.6,10.3,0.12,23.9,33.9,0.6,0.0
2020-12-22 20:30:00,25.4,10.5,0.12,23.9,33.9,0.6,0.0
2020-12-22 20:45:00,25.1,10.5,0.12,23.9,33.9,0.6,0.0
2020-12-22 21:00:00,25.1,10.5,0.12,24.2,33.9,0.6,0.0
2020-12-22 21:15:00,24.9,10.1,0.12,24.2,33.9,0.6,0.0
2020-12-22 21:30:00,24.9,10.1,0.12,24.2,33.9,0.6,0.0
2020-12-22 21:45:00,24.9,10.1,0.12,24.2,33.9,0.6,0.0
2020-12-22 22:00:00,24.7,10.4,0.12,24.2,33.9,0.6,0.0
2020-12-22 22:15:00,24.7,10.4,0.12,24.2,33.9,0.59,0.0
2020-12-22 22:30:00,24.7,10.4,0.12,24.2,33.9,0.59,0.0
2020-12-22 22:45:00,24.4,10.4,0.12,24.2,33.9,0.59,0.0
2020-12-22 23:00:00,24.4,10.0,0.12,24.2,33.9,0.59,0.0
2020-12-22 23:15:00,24.2,10.0,0.12,24.2,33.9,0.59,0.0
2020-12-22 23:30:00,24.2,10.0,0.12,24.2,33.9,0.59,0.0
2020-12-22 23:45:00,24.2,10.0,0.12,24.2,33.9,0.59,0.0
2020-12-23 00:00:00,24.2,10.0,0.12,24.2,33.9,0.59,0.0
2020-12-23 00:15:00,23.9,10.3,0.11,24.2,33.9,0.59,0.0
2020-12-23 00:30:00,23.9,10.3,0.11,24.2,33.9,0.59,0.0
2020-12-23 00:45:00,23.9,10.3,0.11,24.2,33.9,0.59,0.0
2020-12-23 01:00:00,23.9,10.5,0.11,24.2,33.9,0.59,0.0
2020-12-23 01:15:00,23.7,10.5,0.11,24.2,33.9,0.59,0.0
2020-12-23 01:30:00,23.7,10.5,0.11,24.2,33.9,0.59,0.0
2020-12-23 01:45:00,23.7,9.9,0.12,24.2,33.9,0.59,0.0
2020-12-23 02:00:00,23.7,9.9,0.12,24.2,33.9,0.59,0.0
2020-12-23 02:15:00,23.5,9.9,0.12,24.2,33.9,0.59,0.0
2020-12-23 02:30:00,23.5,10.2,0.11,24.2,33.9,0.59,0.0
2020-12-23 02:45:00,23.5,10.2,0.11,24.2,33.9,0.59,0.0
2020-12-23 03:00:00,23.3,10.2,0.11,24.2,33.9,0.59,0.0
2020-12-23 03:15:00,23.3,10.2,0.11,24.2,33.9,0.59,0.0
2020-12-23 03:30:00,23.3,10.2,0.11,24.2,33.9,0.59,0.0
2020-12-23 03:45:00,23.0,10.4,0.11,24.2,33.9,0.59,0.0
2020-12-23 04:00:00,23.0,10.4,0.11,24.2,33.9,0.59,0.0
2020-12-23 04:15:00,23.0,10.4,0.11,24.2,33.9,0.59,0.0
2020-12-23 04:30:00,23.0,9.8,0.11,24.2,33.9,0.59,0.0
2020-12-23 04:45:00,22.8,10.4,0.11,24.2,33.9,0.59,0.0
2020-12-23 05:00:00,22.8,9.8,0.12,24.2,33.9,0.59,0.0
2020-12-23 05:15:00,22.8,10.1,0.11,24.2,33.9,0.59,0.0
2020-12-23 05:30:00,22.8,10.1,0.11,24.2,33.9,0.59,0.0
2020-12-23 05:45:00,22.6,10.1,0.11,24.2,33.9,0.59,0.0
2020-12-23 06:00:00,22.6,10.1,0.11,24.2,33.9,0.59,0.0
2020-12-23 06:15:00,22.6,10.1,0.11,24.2,33.9,0.59,0.0
2020-12-23 06:30:00,22.6,10.1,0.11,24.2,33.9,0.59,0.0
2020-12-23 06:45:00,22.4,9.8,0.11,24.2,33.9,0.59,0.0
2020-12-23 07:00:00,22.4,10.3,0.11,24.2,33.9,0.59,0.0
2020-12-23 07:15:00,22.4,10.3,0.11,24.2,33.9,0.59,0.0
2020-12-23 07:30:00,22.4,10.0,0.11,24.2,33.9,0.59,0.0
2020-12-23 07:45:00,22.4,10.3,0.11,24.2,33.9,0.59,0.0
2020-12-23 08:00:00,22.4,10.3,0.11,24.2,33.9,0.59,0.0
2020-12-23 08:15:00,22.4,10.3,0.11,24.2,33.9,0.59,0.0
2020-12-23 08:30:00,22.4,10.3,0.11,24.2,33.9,0.59,0.0
2020-12-23 08:45:00,22.4,10.3,0.11,24.2,33.9,0.59,0.0
2020-12-23 09:00:00,22.6,10.1,0.11,24.2,33.9,0.59,0.0
2020-12-23 09:15:00,22.8,10.1,0.11,24.2,33.9,0.59,0.0
2020-12-23 09:30:00,23.0,10.1,0.11,24.2,33.9,0.6,0.0
2020-12-23 09:45:00,23.0,9.8,0.11,24.2,33.9,0.6,0.0
2020-12-23 10:00:00,23.5,10.2,0.11,24.2,33.9,0.6,0.0
2020-12-23 10:15:00,23.7,10.2,0.11,24.2,33.9,0.6,0.0
2020-12-23 10:30:00,23.9,9.9,0.12,24.2,33.9,0.6,0.0
2020-12-23 10:45:00,24.4,10.3,0.11,24.2,33.9,0.6,0.0
2020-12-23 11:00:00,24.7,10.0,0.12,24.2,33.9,0.6,0.0
2020-12-23 11:15:00,25.1,10.1,0.12,23.9,33.9,0.6,0.0
2020-12-23 11:30:00,25.6,9.8,0.12,24.2,33.9,0.6,0.0
2020-12-23 11:45:00,25.9,9.9,0.12,23.9,33.9,0.6,0.0
2020-12-23 12:00:00,26.4,10.5,0.11,23.9,33.9,0.6,0.0
2020-12-23 12:15:00,26.9,10.2,0.12,23.9,33.9,0.6,0.0
2020-12-23 12:30:00,27.2,10.3,0.12,23.9,33.9,0.6,0.0
2020-12-23 12:45:00,27.2,10.3,0.12,23.9,33.9,0.6,0.0
2020-12-23 13:00:00,27.5,10.3,0.12,23.9,33.9,0.6,0.0
2020-12-23 13:15:00,27.8,10.1,0.12,23.9,33.9,0.6,0.0
2020-12-23 13:30:00,28.0,10.4,0.12,23.9,33.9,0.6,0.0
2020-12-23 13:45:00,28.6,10.2,0.12,23.9,33.9,0.6,0.0
2020-12-23 14:00:00,28.9,10.2,0.12,23.9,33.9,0.6,0.0
2020-12-23 14:15:00,28.9,10.2,0.12,23.9,33.9,0.6,0.0
2020-12-23 14:30:00,28.9,10.2,0.12,23.9,33.9,0.6,0.0
2020-12-23 14:45:00,28.9,10.2,0.12,24.2,33.9,0.6,0.0
2020-12-23 15:00:00,28.6,10.4,0.12,23.9,33.9,0.6,0.0
2020-12-23 15:15:00,28.6,10.4,0.12,24.2,33.9,0.6,0.0
2020-12-23 15:30:00,28.6,10.4,0.12,24.2,33.9,0.6,0.0
2020-12-23 15:45:00,28.6,10.4,0.12,24.2,33.9,0.6,0.0
2020-12-23 16:00:00,28.6,10.4,0.12,24.2,33.9,0.6,0.0
2020-12-23 16:15:00,28.6,10.4,0.12,24.2,33.9,0.6,0.0
2020-12-23 16:30:00,28.3,10.4,0.12,24.2,33.9,0.59,0.0
2020-12-23 16:45:00,28.3,10.7,0.12,24.2,33.9,0.59,0.0
2020-12-23 17:00:00,28.0,10.1,0.12,24.2,33.9,0.59,0.0
2020-12-23 17:15:00,28.0,10.3,0.12,24.2,33.9,0.59,0.0
2020-12-23 17:30:00,27.8,10.3,0.12,24.2,33.9,0.59,0.0
2020-12-23 17:45:00,27.5,10.6,0.11,24.2,33.9,0.59,0.0
2020-12-23 18:00:00,27.5,10.0,0.12,24.2,33.9,0.59,0.0
2020-12-23 18:15:00,27.2,10.2,0.12,24.2,33.9,0.59,0.0
2020-12-23 18:30:00,26.9,10.2,0.12,24.2,33.9,0.59,0.0
2020-12-23 18:45:00,26.9,10.2,0.12,24.2,33.9,0.59,0.0
2020-12-23 19:00:00,26.7,10.5,0.11,24.4,33.9,0.59,0.0
2020-12-23 19:15:00,26.7,10.5,0.11,24.4,33.9,0.59,0.0
2020-12-23 19:30:00,26.4,10.1,0.12,24.4,33.9,0.59,0.0
2020-12-23 19:45:00,26.4,9.8,0.12,24.4,32.7,0.61,0.0
2020-12-23 20:00:00,26.2,10.1,0.12,24.4,33.9,0.59,0.0
2020-12-23 20:15:00,25.9,10.3,0.11,24.4,33.9,0.59,0.0
2020-12-23 20:30:00,25.9,10.0,0.11,24.4,33.9,0.59,0.0
2020-12-23 20:45:00,25.9,10.6,0.11,24.4,33.9,0.59,0.0
2020-12-23 21:00:00,25.6,10.3,0.11,24.4,33.9,0.59,0.0
2020-12-23 21:15:00,25.6,9.7,0.12,24.4,33.1,0.61,0.0
2020-12-23 21:30:00,25.4,9.9,0.11,24.4,33.9,0.59,0.0
2020-12-23 21:45:00,25.4,9.9,0.11,24.4,33.9,0.59,0.0
2020-12-23 22:00:00,25.4,9.9,0.11,24.4,33.9,0.59,0.0
2020-12-23 22:15:00,25.4,9.9,0.11,24.4,33.9,0.59,0.0
2020-12-23 22:30:00,25.1,9.9,0.11,24.4,33.9,0.59,0.0
2020-12-23 22:45:00,25.1,10.2,0.11,24.4,33.9,0.59,0.0
2020-12-23 23:00:00,24.9,10.2,0.11,24.4,33.9,0.59,0.0
2020-12-23 23:15:00,24.9,10.2,0.11,24.4,33.9,0.59,0.0
2020-12-23 23:30:00,24.9,10.2,0.11,24.4,33.9,0.59,0.0
2020-12-23 23:45:00,24.7,9.8,0.11,24.4,33.9,0.59,0.0
2020-12-24 00:00:00,24.7,9.8,0.11,24.7,33.9,0.59,0.0
2020-12-24 00:15:00,24.7,9.8,0.11,24.7,33.9,0.59,0.0
2020-12-24 00:30:00,24.4,9.8,0.11,24.7,33.9,0.59,0.0
2020-12-24 00:45:00,24.4,9.8,0.11,24.7,33.9,0.59,0.0
2020-12-24 01:00:00,24.2,10.1,0.11,24.7,33.9,0.59,0.0
2020-12-24 01:15:00,24.2,10.1,0.11,24.7,33.9,0.59,0.0
2020-12-24 01:30:00,23.9,10.1,0.11,24.7,33.9,0.59,0.0
2020-12-24 01:45:00,23.9,10.1,0.11,24.2,32.4,0.6,0.0
2020-12-24 02:00:00,23.7,9.7,0.11,24.7,33.9,0.59,0.0
2020-12-24 02:15:00,23.7,9.7,0.11,24.7,33.9,0.59,0.0
2020-12-24 02:30:00,23.7,9.7,0.11,24.7,33.9,0.59,0.0
2020-12-24 02:45:00,23.5,9.7,0.11,24.7,33.9,0.59,0.0
2020-12-24 03:00:00,23.5,10.0,0.11,24.7,33.9,0.59,0.0
2020-12-24 03:15:00,23.5,10.0,0.11,24.7,33.9,0.59,0.0
2020-12-24 03:30:00,23.5,10.0,0.11,24.7,33.9,0.59,0.0
2020-12-24 03:45:00,23.3,9.9,0.11,24.7,33.9,0.59,0.0
2020-12-24 04:00:00,23.3,9.9,0.11,24.7,33.9,0.59,0.0
2020-12-24 04:15:00,23.3,9.6,0.11,24.7,33.9,0.59,0.0
2020-12-24 04:30:00,23.0,9.9,0.11,24.7,33.9,0.59,0.0
2020-12-24 04:45:00,23.0,9.9,0.11,24.7,33.9,0.59,0.0
2020-12-24 05:00:00,23.0,9.9,0.11,24.7,33.9,0.59,0.0
2020-12-24 05:15:00,22.8,9.9,0.11,24.7,33.9,0.59,0.0
2020-12-24 05:30:00,22.8,9.9,0.11,24.7,33.9,0.59,0.0
2020-12-24 05:45:00,22.8,9.3,0.11,24.4,33.9,0.59,0.0
2020-12-24 06:00:00,22.8,9.3,0.11,24.4,33.9,0.59,0.0
2020-12-24 06:15:00,22.6,9.5,0.11,24.4,33.9,0.59,0.0
2020-12-24 06:30:00,22.6,9.5,0.11,24.4,33.9,0.59,0.0
2020-12-24 06:45:00,22.4,9.5,0.11,24.4,33.9,0.59,0.0
2020-12-24 07:00:00,22.4,9.5,0.11,24.4,33.9,0.59,0.0
2020-12-24 07:15:00,22.4,9.5,0.11,24.4,33.9,0.59,0.0
2020-12-24 07:30:00,22.1,9.5,0.11,24.4,33.9,0.59,0.0
2020-12-24 07:45:00,22.1,9.5,0.11,24.4,33.9,0.59,0.0
2020-12-24 08:00:00,22.1,9.5,0.11,24.4,33.9,0.59,0.0
2020-12-24 08:15:00,22.1,9.5,0.11,24.4,33.9,0.59,0.0
2020-12-24 08:30:00,22.4,9.5,0.11,24.4,33.9,0.59,0.0
2020-12-24 08:45:00,22.4,9.5,0.11,24.4,33.9,0.59,0.0
2020-12-24 09:00:00,22.6,9.3,0.11,24.4,33.9,0.59,0.0
2020-12-24 09:15:00,22.8,9.6,0.11,24.4,33.9,0.59,0.0
2020-12-24 09:30:00,23.0,9.9,0.11,24.4,33.9,0.59,0.0
2020-12-24 09:45:00,23.3,9.9,0.11,24.4,33.9,0.59,0.0
2020-12-24 10:00:00,23.5,9.7,0.11,24.4,33.9,0.59,0.0
2020-12-24 10:15:00,23.7,9.7,0.11,24.4,33.9,0.59,0.0
2020-12-24 10:30:00,24.2,10.1,0.11,24.4,33.9,0.59,0.0
2020-12-24 10:45:00,24.4,9.8,0.11,24.4,33.9,0.59,0.0
2020-12-24 11:00:00,24.9,9.6,0.12,24.4,33.9,0.59,0.0
2020-12-24 11:15:00,25.4,10.2,0.11,24.4,33.9,0.59,0.0
2020-12-24 11:30:00,25.9,10.2,0.11,24.4,33.9,0.59,0.0
2020-12-24 11:45:00,26.4,10.0,0.11,24.4,33.9,0.59,0.0
2020-12-24 12:00:00,26.7,10.4,0.11,24.4,33.9,0.59,0.0
2020-12-24 12:15:00,27.2,10.1,0.11,24.4,33.9,0.59,0.0
2020-12-24 12:30:00,27.8,9.9,0.12,24.4,33.9,0.59,0.0
2020-12-24 12:45:00,28.3,10.5,0.11,24.4,33.9,0.59,0.0
2020-12-24 13:00:00,28.6,10.5,0.11,24.4,33.9,0.59,0.0
2020-12-24 13:15:00,28.9,10.3,0.12,24.4,33.9,0.59,0.0
2020-12-24 13:30:00,29.2,10.1,0.12,24.4,33.9,0.59,0.0
2020-12-24 13:45:00,29.5,10.1,0.12,24.4,33.9,0.59,0.0
2020-12-24 14:00:00,29.5,10.1,0.12,24.4,33.9,0.59,0.0
2020-12-24 14:15:00,29.8,9.9,0.12,24.4,33.9,0.59,0.0
2020-12-24 14:30:00,30.1,10.7,0.11,24.4,33.9,0.59,0.0
2020-12-24 14:45:00,30.1,10.7,0.11,24.4,33.9,0.59,0.0
2020-12-24 15:00:00,30.1,10.2,0.12,24.4,33.9,0.59,0.0
2020-12-24 15:15:00,30.1,10.1,0.12,24.4,33.9,0.59,0.0
2020-12-24 15:30:00,29.8,10.1,0.12,24.4,34.2,0.59,0.0
2020-12-24 15:45:00,29.8,10.1,0.12,24.4,33.9,0.59,0.0
2020-12-24 16:00:00,29.5,10.1,0.12,24.4,33.9,0.59,0.0
2020-12-24 16:15:00,29.2,10.3,0.11,24.4,33.9,0.59,0.0
2020-12-24 16:30:00,29.2,10.3,0.11,24.4,33.9,0.59,0.0
2020-12-24 16:45:00,28.9,10.6,0.11,24.4,34.3,0.59,0.0
2020-12-24 17:00:00,28.9,10.0,0.12,24.4,33.9,0.59,0.0
2020-12-24 17:15:00,28.6,10.0,0.12,24.4,33.9,0.59,0.0
2020-12-24 17:30:00,28.3,10.2,0.11,24.4,33.9,0.59,0.0
2020-12-24 17:45:00,28.3,10.2,0.11,24.4,33.9,0.59,0.0
2020-12-24 18:00:00,28.0,10.5,0.11,24.4,33.9,0.59,0.0
2020-12-24 18:15:00,28.0,9.9,0.12,24.7,33.9,0.59,0.0
2020-12-24 18:30:00,27.8,10.1,0.11,24.7,33.9,0.59,0.0
2020-12-24 18:45:00,27.5,10.3,0.11,24.7,33.9,0.59,0.0
2020-12-24 19:00:00,27.2,10.3,0.11,24.7,33.9,0.59,0.0
2020-12-24 19:15:00,27.2,10.0,0.11,24.7,33.9,0.59,0.0
2020-12-24 19:30:00,26.9,10.0,0.11,24.7,33.9,0.59,0.0
2020-12-24 19:45:00,26.7,10.2,0.11,24.7,34.3,0.59,0.0
2020-12-24 20:00:00,26.7,10.2,0.11,24.7,33.9,0.59,0.0
2020-12-24 20:15:00,26.4,9.9,0.11,24.7,33.7,0.6,0.0
2020-12-24 20:30:00,26.4,9.9,0.11,24.7,33.7,0.6,0.0
2020-12-24 20:45:00,26.2,9.6,0.11,24.7,33.7,0.6,0.0
2020-12-24 21:00:00,25.9,10.1,0.11,24.7,34.1,0.59,0.0
2020-12-24 21:15:00,25.9,9.8,0.11,24.7,33.9,0.59,0.0
2020-12-24 21:30:00,25.9,9.8,0.11,24.9,34.3,0.59,0.0
2020-12-24 21:45:00,25.6,10.1,0.11,24.7,34.1,0.59,0.0
2020-12-24 22:00:00,25.6,9.5,0.11,24.9,34.1,0.59,0.0
2020-12-24 22:15:00,25.4,9.5,0.11,24.9,33.7,0.6,0.0
2020-12-24 22:30:00,25.4,9.5,0.11,24.9,34.3,0.59,0.0
2020-12-24 22:45:00,25.1,9.7,0.11,24.9,33.7,0.6,0.0
2020-12-24 23:00:00,24.9,9.7,0.11,24.9,33.7,0.6,0.0
2020-12-24 23:15:00,24.9,9.7,0.11,24.9,34.1,0.59,0.0
2020-12-24 23:30:00,24.9,9.9,0.11,24.9,33.7,0.6,0.0
2020-12-24 23:45:00,24.7,9.9,0.11,24.9,33.7,0.6,0.0
2020-12-25 00:00:00,24.7,9.9,0.11,24.9,34.1,0.59,0.0
2020-12-25 00:15:00,24.4,10.2,0.11,24.9,34.1,0.59,0.0
2020-12-25 00:30:00,24.4,9.6,0.11,24.9,33.7,0.6,0.0
2020-12-25 00:45:00,24.2,9.9,0.11,24.9,33.7,0.6,0.0
2020-12-25 01:00:00,24.2,9.6,0.11,24.9,34.1,0.59,0.0
2020-12-25 01:15:00,24.2,9.6,0.11,24.9,34.1,0.59,0.0
2020-12-25 01:30:00,23.9,9.8,0.11,24.9,34.1,0.59,0.0
2020-12-25 01:45:00,23.9,9.8,0.11,24.9,34.1,0.59,0.0
2020-12-25 02:00:00,23.7,9.8,0.11,24.9,34.1,0.59,0.0
2020-12-25 02:15:00,23.7,9.8,0.11,24.2,32.8,0.6,0.0
2020-12-25 02:30:00,23.7,9.8,0.11,24.9,33.7,0.6,0.0
2020-12-25 02:45:00,23.5,9.5,0.11,24.9,34.1,0.59,0.0
2020-12-25 03:00:00,23.5,10.1,0.1,24.9,33.7,0.6,0.0
2020-12-25 03:15:00,23.5,9.5,0.11,24.9,34.1,0.59,0.0
2020-12-25 03:30:00,23.5,10.1,0.1,24.9,33.7,0.6,0.0
2020-12-25 03:45:00,23.3,9.5,0.11,24.9,33.7,0.6,0.0
2020-12-25 04:00:00,23.3,9.5,0.11,24.9,33.7,0.6,0.0
2020-12-25 04:15:00,23.3,9.5,0.11,24.9,34.1,0.59,0.0
2020-12-25 04:30:00,23.0,9.7,0.11,24.9,33.7,0.6,0.0
2020-12-25 04:45:00,23.0,9.4,0.11,24.9,34.1,0.59,0.0
2020-12-25 05:00:00,23.0,9.7,0.11,24.9,34.1,0.59,0.0
2020-12-25 05:15:00,23.0,9.4,0.11,24.9,34.1,0.59,0.0
2020-12-25 05:30:00,23.0,9.4,0.11,24.9,33.7,0.6,0.0
2020-12-25 05:45:00,23.0,9.4,0.11,24.9,34.1,0.59,0.0
2020-12-25 06:00:00,23.0,9.7,0.11,24.9,34.1,0.59,0.0
2020-12-25 06:15:00,23.0,9.7,0.11,24.9,34.1,0.59,0.0
2020-12-25 06:30:00,23.0,9.4,0.11,24.9,34.1,0.59,0.0
2020-12-25 06:45:00,23.0,9.7,0.11,24.9,33.7,0.6,0.0
2020-12-25 07:00:00,23.0,9.4,0.11,24.9,34.1,0.59,0.0
2020-12-25 07:15:00,23.0,9.4,0.11,24.9,33.7,0.6,0.0
2020-12-25 07:30:00,23.0,9.7,0.11,24.7,33.7,0.6,0.0
2020-12-25 07:45:00,23.0,9.4,0.11,24.7,34.1,0.59,0.0
2020-12-25 08:00:00,23.0,9.7,0.11,24.7,33.7,0.6,0.0
2020-12-25 08:15:00,23.0,9.4,0.11,24.7,33.9,0.59,0.0
2020-12-25 08:30:00,23.0,9.7,0.11,24.7,34.1,0.59,0.0
2020-12-25 08:45:00,23.0,9.4,0.11,24.7,33.9,0.59,0.0
2020-12-25 09:00:00,23.3,9.5,0.11,24.7,34.1,0.6,0.0
2020-12-25 09:15:00,23.3,9.5,0.11,24.7,33.9,0.59,0.0
2020-12-25 09:30:00,23.5,9.5,0.11,24.7,34.3,0.59,0.0
2020-12-25 09:45:00,23.7,9.8,0.11,24.7,33.9,0.59,0.0
2020-12-25 10:00:00,23.9,9.8,0.11,24.7,33.9,0.59,0.0
2020-12-25 10:15:00,24.2,9.6,0.11,24.7,34.3,0.59,0.0
2020-12-25 10:30:00,24.4,9.6,0.11,24.7,33.9,0.59,0.0
2020-12-25 10:45:00,24.7,9.4,0.11,24.7,33.9,0.59,0.0
2020-12-25 11:00:00,25.1,9.9,0.11,24.7,33.9,0.59,0.0
2020-12-25 11:15:00,25.4,9.7,0.11,24.7,33.9,0.59,0.0
2020-12-25 11:30:00,25.9,9.8,0.11,24.7,34.3,0.59,0.0
2020-12-25 11:45:00,26.2,9.8,0.11,24.7,33.9,0.59,0.0
2020-12-25 12:00:00,26.7,9.6,0.11,24.7,34.3,0.59,0.0
2020-12-25 12:15:00,26.9,9.9,0.11,24.7,33.9,0.59,0.0
2020-12-25 12:30:00,27.5,9.9,0.11,24.7,33.9,0.59,0.0
2020-12-25 12:45:00,27.8,9.7,0.11,24.7,33.9,0.59,0.0
2020-12-25 13:00:00,28.0,9.8,0.11,24.7,33.9,0.59,0.0
2020-12-25 13:15:00,28.3,10.3,0.11,24.7,33.9,0.59,0.0
2020-12-25 13:30:00,28.6,10.1,0.11,24.7,33.9,0.59,0.0
2020-12-25 13:45:00,29.2,10.1,0.11,24.7,33.9,0.59,0.0
2020-12-25 14:00:00,29.5,9.9,0.11,24.7,34.3,0.59,0.0
2020-12-25 14:15:00,29.8,10.2,0.11,24.7,33.9,0.59,0.0
2020-12-25 14:30:00,30.1,10.0,0.11,24.7,33.9,0.59,0.0
2020-12-25 14:45:00,30.4,10.0,0.11,24.7,33.9,0.59,0.0
2020-12-25 15:00:00,30.4,10.3,0.11,24.7,34.3,0.59,0.0
2020-12-25 15:15:00,30.4,10.3,0.11,24.7,33.9,0.59,0.0
2020-12-25 15:30:00,30.4,10.3,0.11,24.7,33.9,0.59,0.0
2020-12-25 15:45:00,30.1,10.2,0.11,24.7,33.9,0.59,0.0
2020-12-25 16:00:00,30.1,10.2,0.11,24.7,33.9,0.59,0.0
2020-12-25 16:15:00,29.8,10.2,0.11,24.7,33.9,0.59,0.0
2020-12-25 16:30:00,29.5,9.9,0.11,24.7,33.9,0.59,0.0
2020-12-25 16:45:00,29.5,9.9,0.11,24.7,33.9,0.59,0.0
2020-12-25 17:00:00,29.2,10.1,0.11,24.7,33.9,0.59,0.0
2020-12-25 17:15:00,28.9,10.1,0.11,24.7,33.9,0.59,0.0
2020-12-25 17:30:00,28.6,9.8,0.11,24.7,34.3,0.59,0.0
2020-12-25 17:45:00,28.3,10.0,0.11,24.7,33.9,0.59,0.0
2020-12-25 18:00:00,28.0,10.0,0.11,24.7,33.9,0.59,0.0
2020-12-25 18:15:00,27.8,10.2,0.11,24.7,34.3,0.59,0.0
2020-12-25 18:30:00,27.8,9.7,0.11,24.9,33.9,0.59,0.0
2020-12-25 18:45:00,27.5,9.9,0.11,24.9,34.3,0.59,0.0
2020-12-25 19:00:00,27.2,10.1,0.11,24.9,34.3,0.59,0.0
2020-12-25 19:15:00,26.9,10.1,0.11,24.9,33.9,0.59,0.0
2020-12-25 19:30:00,26.7,9.5,0.11,24.9,34.3,0.58,0.0
2020-12-25 19:45:00,26.7,9.5,0.11,24.9,33.7,0.6,0.0
2020-12-25 20:00:00,26.4,9.7,0.11,24.9,33.7,0.6,0.0
2020-12-25 20:15:00,26.2,9.7,0.11,24.9,34.1,0.59,0.0
2020-12-25 20:30:00,25.9,9.4,0.11,24.9,33.7,0.6,0.0
2020-12-25 20:45:00,25.9,9.4,0.11,24.9,34.1,0.59,0.0
2020-12-25 21:00:00,25.6,9.4,0.11,24.9,33.7,0.6,0.0
2020-12-25 21:15:00,25.4,9.6,0.11,24.9,33.7,0.6,0.0
2020-12-25 21:30:00,25.4,9.6,0.11,24.9,34.1,0.59,0.0
2020-12-25 21:45:00,25.1,9.6,0.11,24.9,34.1,0.59,0.0
2020-12-25 22:00:00,24.9,9.3,0.11,24.9,34.1,0.59,0.0
2020-12-25 22:15:00,24.9,9.8,0.11,24.9,34.1,0.59,0.0
2020-12-25 22:30:00,24.7,9.5,0.11,24.9,34.1,0.59,0.0
2020-12-25 22:45:00,24.7,9.5,0.11,24.9,34.1,0.59,0.0
2020-12-25 23:00:00,24.4,9.5,0.11,24.9,34.1,0.59,0.0
2020-12-25 23:15:00,24.2,9.7,0.1,24.9,34.1,0.59,0.0
2020-12-25 23:30:00,24.2,9.7,0.1,24.9,34.1,0.59,0.0
2020-12-25 23:45:00,23.9,9.4,0.11,24.9,34.1,0.59,0.0
2020-12-26 00:00:00,23.9,9.7,0.1,24.9,34.1,0.59,0.0
2020-12-26 00:15:00,23.9,9.7,0.1,24.7,32.2,0.61,0.0
2020-12-26 00:30:00,23.7,9.1,0.11,24.9,34.1,0.59,0.0
2020-12-26 00:45:00,23.7,9.1,0.11,24.9,34.1,0.59,0.0
2020-12-26 01:00:00,23.5,9.1,0.11,24.9,34.1,0.59,0.0
2020-12-26 01:15:00,23.5,9.3,0.1,24.9,34.1,0.59,0.0
2020-12-26 01:30:00,23.5,9.3,0.1,24.9,34.1,0.59,0.0
2020-12-26 01:45:00,23.3,9.3,0.1,24.9,34.1,0.59,0.0
2020-12-26 02:00:00,23.3,9.3,0.11,24.9,34.1,0.59,0.0
2020-12-26 02:15:00,23.0,9.3,0.11,24.9,34.1,0.59,0.0
2020-12-26 02:30:00,23.0,9.6,0.1,24.9,34.1,0.59,0.0
2020-12-26 02:45:00,23.0,9.5,0.1,24.9,34.1,0.59,0.0
2020-12-26 03:00:00,22.8,9.0,0.11,24.9,34.1,0.59,0.0
2020-12-26 03:15:00,22.8,9.0,0.11,24.9,34.1,0.59,0.0
2020-12-26 03:30:00,22.6,9.0,0.11,24.9,34.1,0.59,0.0
2020-12-26 03:45:00,22.6,9.2,0.1,24.9,34.1,0.59,0.0
2020-12-26 04:00:00,22.4,9.2,0.1,24.9,34.1,0.59,0.0
2020-12-26 04:15:00,22.1,9.2,0.1,24.9,34.1,0.59,0.0
2020-12-26 04:30:00,22.1,9.4,0.1,24.9,34.1,0.59,0.0
2020-12-26 04:45:00,21.9,9.4,0.1,24.9,34.1,0.59,0.0
2020-12-26 05:00:00,21.9,9.4,0.1,24.9,34.1,0.59,0.0
2020-12-26 05:15:00,21.9,9.4,0.1,24.9,34.1,0.59,0.0
2020-12-26 05:30:00,21.7,9.4,0.1,24.9,34.1,0.59,0.0
2020-12-26 05:45:00,21.7,8.9,0.11,24.9,34.1,0.59,0.0
2020-12-26 06:00:00,21.5,9.1,0.1,24.9,34.1,0.59,0.0
2020-12-26 06:15:00,21.5,9.1,0.1,24.9,33.7,0.6,0.0
2020-12-26 06:30:00,21.3,9.1,0.1,24.9,34.1,0.59,0.0
2020-12-26 06:45:00,21.3,9.1,0.1,24.9,33.7,0.6,0.0
2020-12-26 07:00:00,21.1,9.1,0.1,24.9,34.1,0.59,0.0
2020-12-26 07:15:00,21.1,9.1,0.1,24.9,34.3,0.58,0.0
2020-12-26 07:30:00,21.1,9.3,0.1,24.9,34.1,0.59,0.0
2020-12-26 07:45:00,21.1,9.1,0.1,24.9,33.7,0.6,0.0
2020-12-26 08:00:00,21.1,9.1,0.1,24.9,33.9,0.59,0.0
2020-12-26 08:15:00,21.3,9.1,0.1,24.7,33.7,0.6,0.0
2020-12-26 08:30:00,21.3,9.1,0.1,24.9,34.3,0.59,0.0
2020-12-26 08:45:00,21.3,9.1,0.1,24.7,34.3,0.59,0.0
2020-12-26 09:00:00,21.5,8.9,0.11,24.7,33.9,0.59,0.0
2020-12-26 09:15:00,21.7,8.9,0.11,24.7,34.3,0.59,0.0
2020-12-26 09:30:00,21.9,9.4,0.1,24.7,34.3,0.59,0.0
2020-12-26 09:45:00,22.1,9.2,0.11,24.7,34.3,0.59,0.0
2020-12-26 10:00:00,22.4,9.2,0.1,24.7,33.9,0.59,0.0
2020-12-26 10:15:00,22.8,9.0,0.11,24.7,33.9,0.59,0.0
2020-12-26 10:30:00,23.0,9.3,0.11,24.7,33.9,0.59,0.0
2020-12-26 10:45:00,23.5,9.3,0.11,24.7,34.3,0.59,0.0
2020-12-26 11:00:00,23.9,9.1,0.11,24.7,33.9,0.59,0.0
2020-12-26 11:15:00,24.4,9.7,0.1,24.7,33.9,0.59,0.0
2020-12-26 11:30:00,24.9,9.5,0.11,24.7,33.9,0.59,0.0
2020-12-26 11:45:00,25.4,9.3,0.11,24.7,33.9,0.59,0.0
2020-12-26 12:00:00,25.9,9.6,0.11,24.7,33.9,0.59,0.0
2020-12-26 12:15:00,26.4,9.7,0.11,24.7,34.3,0.59,0.0
2020-12-26 12:30:00,26.9,9.5,0.11,24.7,33.9,0.59,0.0
2020-12-26 12:45:00,27.5,9.8,0.11,24.7,34.3,0.59,0.0
2020-12-26 13:00:00,27.8,9.8,0.11,24.7,33.9,0.59,0.0
2020-12-26 13:15:00,28.3,9.9,0.11,24.7,33.9,0.59,0.0
2020-12-26 13:30:00,28.9,10.2,0.11,24.4,33.9,0.59,0.0
2020-12-26 13:45:00,29.2,10.0,0.11,24.4,33.9,0.59,0.0
2020-12-26 14:00:00,29.5,10.0,0.11,24.4,33.9,0.59,0.0
2020-12-26 14:15:00,29.8,9.8,0.11,24.4,33.9,0.59,0.0
2020-12-26 14:30:00,30.1,9.8,0.11,24.4,33.9,0.59,0.0
2020-12-26 14:45:00,30.4,10.4,0.11,24.4,33.9,0.59,0.0
2020-12-26 15:00:00,30.7,10.4,0.11,24.4,33.9,0.59,0.0
2020-12-26 15:15:00,30.4,10.1,0.11,24.4,33.9,0.59,0.0
2020-12-26 15:30:00,30.1,9.8,0.11,24.4,33.9,0.59,0.0
2020-12-26 15:45:00,29.8,9.8,0.11,24.4,33.9,0.59,0.0
2020-12-26 16:00:00,29.8,9.8,0.11,24.4,33.9,0.59,0.0
2020-12-26 16:15:00,29.5,10.0,0.11,24.7,33.9,0.59,0.0
2020-12-26 16:30:00,29.2,10.0,0.11,24.7,33.9,0.59,0.0
2020-12-26 16:45:00,28.9,9.7,0.11,24.7,33.9,0.59,0.0
2020-12-26 17:00:00,28.6,9.9,0.11,24.7,33.9,0.59,0.0
2020-12-26 17:15:00,28.3,9.8,0.11,24.7,33.9,0.59,0.0
2020-12-26 17:30:00,28.0,9.2,0.11,24.7,34.3,0.59,0.0
2020-12-26 17:45:00,27.5,9.5,0.11,24.7,33.9,0.59,0.0
2020-12-26 18:00:00,27.5,9.7,0.11,24.7,34.3,0.59,0.0
2020-12-26 18:15:00,27.2,9.7,0.11,24.7,33.9,0.59,0.0
2020-12-26 18:30:00,26.9,9.4,0.11,24.7,34.3,0.59,0.0
2020-12-26 18:45:00,26.7,9.6,0.11,24.7,34.3,0.59,0.0
2020-12-26 19:00:00,26.4,9.6,0.11,24.7,34.3,0.59,0.0
2020-12-26 19:15:00,26.2,9.8,0.1,24.7,34.3,0.59,0.0
2020-12-26 19:30:00,25.9,9.3,0.11,24.7,34.3,0.59,0.0
2020-12-26 19:45:00,25.6,9.5,0.1,24.7,34.3,0.59,0.0
2020-12-26 20:00:00,25.4,9.5,0.11,24.7,33.9,0.59,0.0
2020-12-26 20:15:00,25.4,9.7,0.1,24.7,34.3,0.59,0.0
2020-12-26 20:30:00,25.1,9.4,0.1,24.9,33.9,0.59,0.0
2020-12-26 20:45:00,24.9,9.6,0.1,24.9,33.9,0.59,0.0
2020-12-26 21:00:00,24.7,9.1,0.11,24.9,34.3,0.59,0.0
2020-12-26 21:15:00,24.4,9.3,0.1,24.9,34.3,0.59,0.0
2020-12-26 21:30:00,24.4,9.3,0.1,24.9,34.3,0.59,0.0
2020-12-26 21:45:00,24.2,9.3,0.1,24.9,34.3,0.59,0.0
2020-12-26 22:00:00,23.9,9.5,0.1,24.9,34.3,0.58,0.0
2020-12-26 22:15:00,23.9,9.0,0.1,24.9,34.3,0.58,0.0
2020-12-26 22:30:00,23.7,9.0,0.11,24.9,34.3,0.58,0.0
2020-12-26 22:45:00,23.5,9.2,0.1,24.9,33.9,0.59,0.0
2020-12-26 23:00:00,23.5,9.2,0.1,24.9,34.3,0.58,0.0
2020-12-26 23:15:00,23.3,9.2,0.1,24.9,33.9,0.59,0.0
2020-12-26 23:30:00,23.0,9.4,0.1,24.9,34.3,0.58,0.0
2020-12-26 23:45:00,23.0,9.4,0.1,24.9,34.3,0.58,0.0
2020-12-27 00:00:00,22.8,8.9,0.1,24.9,34.3,0.58,0.0
2020-12-27 00:15:00,22.8,9.1,0.1,24.9,34.3,0.58,0.0
2020-12-27 00:30:00,22.6,9.1,0.1,24.9,33.9,0.59,0.0
2020-12-27 00:45:00,22.6,9.1,0.1,24.9,34.3,0.58,0.0
2020-12-27 01:00:00,22.4,9.3,0.1,24.9,33.9,0.59,0.0
2020-12-27 01:15:00,22.1,9.3,0.1,24.9,34.1,0.59,0.0
2020-12-27 01:30:00,22.1,9.3,0.1,24.9,34.3,0.58,0.0
2020-12-27 01:45:00,21.9,9.3,0.1,24.9,34.3,0.58,0.0
2020-12-27 02:00:00,21.9,9.0,0.1,24.9,33.9,0.59,0.0
2020-12-27 02:15:00,21.7,9.0,0.1,24.9,34.3,0.58,0.0
2020-12-27 02:30:00,21.7,9.0,0.1,24.9,34.3,0.58,0.0
2020-12-27 02:45:00,21.5,9.0,0.1,24.9,34.3,0.59,0.0
2020-12-27 03:00:00,21.5,9.2,0.1,24.9,33.9,0.59,0.0
2020-12-27 03:15:00,21.3,9.2,0.1,24.9,34.3,0.59,0.0
2020-12-27 03:30:00,21.3,9.2,0.1,24.9,34.3,0.59,0.0
2020-12-27 03:45:00,21.1,8.9,0.1,24.9,34.3,0.59,0.0
2020-12-27 04:00:00,21.1,8.9,0.1,24.7,34.3,0.59,0.0
2020-12-27 04:15:00,20.9,9.2,0.1,24.7,34.3,0.59,0.0
2020-12-27 04:30:00,20.9,8.6,0.1,24.7,34.3,0.59,0.0
2020-12-27 04:45:00,20.7,8.6,0.1,24.7,34.3,0.59,0.0
2020-12-27 05:00:00,20.7,9.2,0.1,24.7,33.9,0.59,0.0
2020-12-27 05:15:00,20.5,8.6,0.1,24.7,34.3,0.59,0.0
2020-12-27 05:30:00,20.5,8.8,0.1,24.7,33.9,0.59,0.0
2020-12-27 05:45:00,20.5,8.8,0.1,24.7,34.3,0.59,0.0
2020-12-27 06:00:00,20.3,8.8,0.1,24.7,33.9,0.59,0.0
2020-12-27 06:15:00,20.3,8.8,0.1,24.7,33.9,0.59,0.0
2020-12-27 06:30:00,20.1,8.8,0.1,24.7,33.9,0.59,0.0
2020-12-27 06:45:00,20.1,8.8,0.1,24.7,33.9,0.59,0.0
2020-12-27 07:00:00,19.9,8.8,0.1,24.7,34.3,0.59,0.0
2020-12-27 07:15:00,19.7,9.0,0.1,24.7,33.9,0.59,0.0
2020-12-27 07:30:00,19.7,9.0,0.1,24.7,33.9,0.59,0.0
2020-12-27 07:45:00,19.7,9.0,0.1,24.7,33.6,0.6,0.0
2020-12-27 08:00:00,19.7,9.0,0.1,24.7,34.3,0.59,0.0
2020-12-27 08:15:00,19.7,9.0,0.1,24.7,33.9,0.59,0.0
2020-12-27 08:30:00,19.9,8.8,0.1,24.4,33.9,0.59,0.0
2020-12-27 08:45:00,20.1,8.8,0.1,24.4,33.9,0.59,0.0
2020-12-27 09:00:00,20.3,8.8,0.1,24.4,33.9,0.59,0.0
2020-12-27 09:15:00,20.5,8.6,0.1,24.4,33.9,0.59,0.0
2020-12-27 09:30:00,20.7,9.1,0.1,24.4,33.9,0.59,0.0
2020-12-27 09:45:00,21.1,8.9,0.1,24.4,33.6,0.6,0.0
2020-12-27 10:00:00,21.3,8.7,0.1,24.4,33.9,0.59,0.0
2020-12-27 10:15:00,21.7,8.8,0.1,24.4,33.9,0.59,0.0
2020-12-27 10:30:00,22.1,9.3,0.1,24.4,33.9,0.59,0.0
2020-12-27 10:45:00,22.6,9.1,0.1,24.4,33.9,0.59,0.0
2020-12-27 11:00:00,23.0,8.9,0.1,24.4,33.9,0.59,0.0
2020-12-27 11:15:00,23.5,9.2,0.1,24.4,33.6,0.6,0.0
2020-12-27 11:30:00,24.2,9.0,0.11,24.4,33.9,0.59,0.0
2020-12-27 11:45:00,24.7,9.6,0.1,24.4,33.6,0.6,0.0
2020-12-27 12:00:00,25.4,9.4,0.1,24.2,33.2,0.61,0.0
2020-12-27 12:15:00,25.9,9.2,0.11,24.2,33.9,0.59,0.0
2020-12-27 12:30:00,26.4,9.5,0.1,24.2,33.4,0.6,0.0
2020-12-27 12:45:00,26.9,9.6,0.11,24.2,33.4,0.6,0.0
2020-12-27 13:00:00,27.5,9.3,0.11,24.2,34.1,0.58,0.0
2020-12-27 13:15:00,28.0,9.7,0.11,24.2,33.4,0.6,0.0
2020-12-27 13:30:00,28.6,10.0,0.1,24.2,33.4,0.6,0.0
2020-12-27 13:45:00,28.9,9.8,0.11,24.2,33.4,0.6,0.0
2020-12-27 14:00:00,29.5,9.5,0.11,24.2,33.4,0.6,0.0
2020-12-27 14:15:00,29.8,9.9,0.11,24.2,34.1,0.58,0.0
2020-12-27 14:30:00,30.1,9.9,0.11,24.2,34.1,0.58,0.0
2020-12-27 14:45:00,30.4,9.6,0.11,24.2,34.1,0.58,0.0
2020-12-27 15:00:00,30.7,9.7,0.11,24.2,33.4,0.6,0.0
2020-12-27 15:15:00,30.4,9.7,0.11,24.2,33.4,0.6,0.0
2020-12-27 15:30:00,30.1,9.9,0.11,24.2,33.8,0.59,0.0
2020-12-27 15:45:00,29.8,10.1,0.1,24.2,33.4,0.6,0.0
2020-12-27 16:00:00,29.8,10.1,0.1,24.2,33.4,0.6,0.0
2020-12-27 16:15:00,29.5,9.5,0.11,24.2,33.4,0.6,0.0
2020-12-27 16:30:00,29.2,9.8,0.11,24.2,33.4,0.6,0.0
2020-12-27 16:45:00,28.9,10.0,0.1,24.2,33.4,0.6,0.0
2020-12-27 17:00:00,28.6,9.4,0.11,24.2,33.4,0.6,0.0
2020-12-27 17:15:00,28.3,9.4,0.11,24.4,33.4,0.6,0.0
2020-12-27 17:30:00,28.0,9.6,0.1,24.4,33.4,0.6,0.0
2020-12-27 17:45:00,27.8,9.6,0.1,24.4,34.1,0.58,0.0
2020-12-27 18:00:00,27.5,9.3,0.11,24.4,33.4,0.6,0.0
2020-12-27 18:15:00,27.2,9.5,0.1,24.4,33.4,0.6,0.0
2020-12-27 18:30:00,26.9,9.5,0.1,24.4,33.4,0.6,0.0
2020-12-27 18:45:00,26.7,9.2,0.1,24.4,34.1,0.58,0.0
2020-12-27 19:00:00,26.4,9.2,0.1,24.4,34.1,0.58,0.0
2020-12-27 19:15:00,26.2,9.4,0.1,24.4,33.8,0.59,0.0
2020-12-27 19:30:00,25.9,9.6,0.1,24.4,33.2,0.61,0.0
2020-12-27 19:45:00,25.6,9.0,0.1,24.4,33.6,0.6,0.0
2020-12-27 20:00:00,25.4,9.3,0.1,24.4,33.9,0.59,0.0
2020-12-27 20:15:00,25.1,9.0,0.1,24.4,33.4,0.6,0.0
2020-12-27 20:30:00,24.9,9.2,0.1,24.7,33.6,0.6,0.0
2020-12-27 20:45:00,24.9,9.2,0.1,24.7,33.2,0.6,0.0
2020-12-27 21:00:00,24.7,9.2,0.1,24.7,33.2,0.6,0.0
2020-12-27 21:15:00,24.7,9.4,0.1,24.7,33.6,0.6,0.0
2020-12-27 21:30:00,24.4,8.9,0.1,24.7,33.9,0.59,0.0
2020-12-27 21:45:00,24.2,9.1,0.1,24.7,33.6,0.6,0.0
2020-12-27 22:00:00,24.2,9.1,0.1,24.7,33.6,0.6,0.0
2020-12-27 22:15:00,23.9,9.1,0.1,24.7,33.2,0.6,0.0
2020-12-27 22:30:00,23.9,9.3,0.1,24.7,34.3,0.59,0.0
2020-12-27 22:45:00,23.7,9.3,0.1,24.7,33.9,0.59,0.0
2020-12-27 23:00:00,23.5,8.8,0.1,24.7,33.9,0.59,0.0
2020-12-27 23:15:00,23.5,9.0,0.1,24.7,33.9,0.59,0.0
2020-12-27 23:30:00,23.3,9.0,0.1,24.7,33.6,0.6,0.0
2020-12-27 23:45:00,23.3,9.0,0.1,24.7,34.3,0.59,0.0
2020-12-28 00:00:00,23.0,9.0,0.1,24.7,33.9,0.59,0.0
2020-12-28 00:15:00,23.0,9.0,0.1,24.7,33.9,0.59,0.0
2020-12-28 00:30:00,23.0,9.2,0.1,24.7,33.6,0.6,0.0
2020-12-28 00:45:00,22.8,9.2,0.1,24.7,33.6,0.6,0.0
2020-12-28 01:00:00,22.8,9.2,0.1,24.7,33.9,0.59,0.0
2020-12-28 01:15:00,22.8,8.7,0.1,24.7,33.6,0.6,0.0
2020-12-28 01:30:00,22.6,8.7,0.1,24.7,33.6,0.6,0.0
2020-12-28 01:45:00,22.6,8.9,0.1,24.7,33.6,0.6,0.0
2020-12-28 02:00:00,22.4,8.9,0.1,24.7,33.6,0.6,0.0
2020-12-28 02:15:00,22.4,8.9,0.1,24.7,33.2,0.6,0.0
2020-12-28 02:30:00,22.1,8.9,0.1,24.7,33.6,0.6,0.0
2020-12-28 02:45:00,22.1,9.1,0.1,24.7,34.3,0.59,0.0
2020-12-28 03:00:00,22.1,9.1,0.1,24.7,33.6,0.6,0.0
2020-12-28 03:15:00,21.9,9.1,0.1,24.7,33.9,0.59,0.0
2020-12-28 03:30:00,21.9,8.6,0.1,24.7,33.6,0.6,0.0
2020-12-28 03:45:00,21.7,8.8,0.1,24.7,33.6,0.6,0.0
2020-12-28 04:00:00,21.7,8.8,0.1,24.7,33.6,0.6,0.0
2020-12-28 04:15:00,21.5,8.5,0.1,24.7,33.9,0.59,0.0
2020-12-28 04:30:00,21.5,8.5,0.1,24.7,33.2,0.6,0.0
2020-12-28 04:45:00,21.3,8.5,0.1,24.7,33.6,0.6,0.0
2020-12-28 05:00:00,21.3,9.0,0.1,24.7,33.6,0.6,0.0
2020-12-28 05:15:00,21.1,8.7,0.1,24.7,34.3,0.59,0.0
2020-12-28 05:30:00,21.1,8.7,0.1,24.7,33.6,0.6,0.0
2020-12-28 05:45:00,20.9,8.7,0.1,24.7,33.8,0.59,0.0
2020-12-28 06:00:00,20.7,9.0,0.09,24.4,33.9,0.59,0.0
2020-12-28 06:15:00,20.7,8.9,0.09,24.4,33.6,0.6,0.0
2020-12-28 06:30:00,20.7,8.9,0.09,24.4,33.8,0.59,0.0
2020-12-28 06:45:00,20.5,8.9,0.1,24.4,33.2,0.6,0.0
2020-12-28 07:00:00,20.5,8.9,0.1,24.4,33.6,0.6,0.0
2020-12-28 07:15:00,20.3,8.9,0.1,24.4,33.4,0.6,0.0
2020-12-28 07:30:00,20.3,8.4,0.1,24.4,33.4,0.6,0.0
2020-12-28 07:45:00,20.3,8.9,0.1,24.4,33.9,0.59,0.0
2020-12-28 08:00:00,20.5,8.9,0.1,24.4,33.8,0.59,0.0
2020-12-28 08:15:00,20.5,8.9,0.1,24.4,33.4,0.6,0.0
2020-12-28 08:30:00,20.7,8.9,0.1,24.4,33.8,0.59,0.0
2020-12-28 08:45:00,20.7,8.7,0.1,24.4,34.1,0.58,0.0
2020-12-28 09:00:00,20.9,8.7,0.1,24.4,34.1,0.58,0.0
2020-12-28 09:15:00,21.1,8.7,0.1,24.4,34.1,0.58,0.0
2020-12-28 09:30:00,21.3,8.8,0.1,24.4,34.1,0.58,0.0
2020-12-28 09:45:00,21.5,8.8,0.1,24.4,33.4,0.6,0.0
2020-12-28 10:00:00,21.7,8.8,0.1,24.4,33.8,0.59,0.0
2020-12-28 10:15:00,21.9,8.6,0.1,24.4,33.8,0.59,0.0
2020-12-28 10:30:00,22.1,9.1,0.1,24.4,33.4,0.6,0.0
2020-12-28 10:45:00,22.4,8.9,0.1,24.4,33.4,0.6,0.0
2020-12-28 11:00:00,22.4,8.9,0.1,24.2,33.4,0.6,0.0
2020-12-28 11:15:00,22.6,8.9,0.1,24.2,33.4,0.6,0.0
2020-12-28 11:30:00,22.8,8.9,0.1,24.4,33.4,0.6,0.0
2020-12-28 11:45:00,22.8,8.9,0.1,24.2,33.4,0.6,0.0
2020-12-28 12:00:00,23.0,8.7,0.1,24.2,33.4,0.6,0.0
2020-12-28 12:15:00,23.0,9.2,0.1,24.2,33.4,0.6,0.0
2020-12-28 12:30:00,23.3,9.2,0.1,24.2,33.4,0.6,0.0
2020-12-28 12:45:00,23.7,9.0,0.1,24.2,33.4,0.6,0.0
2020-12-28 13:00:00,23.9,8.8,0.1,24.2,33.4,0.6,0.0
2020-12-28 13:15:00,24.4,8.5,0.1,24.2,33.4,0.6,0.0
2020-12-28 13:30:00,24.9,9.2,0.1,24.2,33.4,0.6,0.0
2020-12-28 13:45:00,25.6,8.9,0.1,24.2,33.4,0.6,0.0
2020-12-28 14:00:00,26.2,9.0,0.1,24.2,33.4,0.6,0.0
2020-12-28 14:15:00,26.4,9.6,0.1,24.2,33.4,0.6,0.0
2020-12-28 14:30:00,26.7,9.4,0.1,24.2,33.4,0.6,0.0
2020-12-28 14:45:00,26.9,9.4,0.1,24.2,33.4,0.6,0.0
2020-12-28 15:00:00,27.5,9.1,0.1,24.2,33.4,0.6,0.0
2020-12-28 15:15:00,27.5,9.1,0.1,24.2,33.4,0.6,0.0
2020-12-28 15:30:00,27.2,9.4,0.1,24.2,33.4,0.6,0.0
2020-12-28 15:45:00,27.2,9.4,0.1,24.2,33.9,0.6,0.0
2020-12-28 16:00:00,27.2,9.4,0.1,24.2,33.9,0.6,0.0
2020-12-28 16:15:00,26.9,9.4,0.1,24.2,33.4,0.6,0.0
2020-12-28 16:30:00,26.9,9.4,0.1,24.2,33.4,0.6,0.0
2020-12-28 16:45:00,26.7,9.6,0.1,24.2,33.4,0.6,0.0
2020-12-28 17:00:00,26.7,9.6,0.1,24.2,33.4,0.6,0.0
2020-12-28 17:15:00,26.4,9.0,0.1,24.2,33.4,0.6,0.0
2020-12-28 17:30:00,26.2,9.3,0.1,24.2,33.4,0.6,0.0
2020-12-28 17:45:00,26.2,9.3,0.1,24.2,33.4,0.6,0.0
2020-12-28 18:00:00,25.9,9.5,0.1,24.2,33.4,0.6,0.0
2020-12-28 18:15:00,25.6,9.2,0.1,24.2,33.4,0.6,0.0
2020-12-28 18:30:00,25.4,8.9,0.1,24.2,33.4,0.6,0.0
2020-12-28 18:45:00,25.4,9.4,0.1,24.2,33.4,0.6,0.0
2020-12-28 19:00:00,25.1,8.9,0.1,24.2,33.4,0.6,0.0
2020-12-28 19:15:00,24.9,9.1,0.1,24.2,33.4,0.6,0.0
2020-12-28 19:30:00,24.9,9.1,0.1,24.2,33.4,0.6,0.0
2020-12-28 19:45:00,24.7,9.1,0.1,24.2,33.4,0.6,0.0
2020-12-28 20:00:00,24.4,9.3,0.1,24.2,33.4,0.6,0.0
2020-12-28 20:15:00,24.4,9.3,0.1,24.2,33.8,0.59,0.0
2020-12-28 20:30:00,24.2,8.8,0.1,24.2,33.4,0.6,0.0
2020-12-28 20:45:00,23.9,8.4,0.1,24.2,33.4,0.6,0.0
2020-12-28 21:00:00,23.9,9.0,0.1,24.2,33.4,0.6,0.0
2020-12-28 21:15:00,23.7,8.9,0.1,24.2,33.4,0.6,0.0
2020-12-28 21:30:00,23.5,9.2,0.1,24.2,33.4,0.6,0.0
2020-12-28 21:45:00,23.5,8.9,0.1,24.2,33.4,0.6,0.0
2020-12-28 22:00:00,23.3,8.9,0.1,24.2,33.4,0.6,0.0
2020-12-28 22:15:00,23.3,8.9,0.1,24.2,33.4,0.6,0.0
2020-12-28 22:30:00,23.0,9.1,0.1,24.2,33.4,0.6,0.0
2020-12-28 22:45:00,23.0,8.6,0.1,24.2,33.8,0.59,0.0
2020-12-28 23:00:00,22.8,8.6,0.1,24.2,33.4,0.6,0.0
2020-12-28 23:15:00,22.8,8.6,0.1,24.2,33.4,0.6,0.0
2020-12-28 23:30:00,22.6,8.8,0.1,24.2,33.4,0.6,0.0
2020-12-28 23:45:00,22.6,8.8,0.1,24.2,33.8,0.59,0.0
2020-12-29 00:00:00,22.6,8.8,0.1,24.2,33.4,0.6,0.0
2020-12-29 00:15:00,22.4,8.8,0.1,24.2,33.4,0.6,0.0
2020-12-29 00:30:00,22.4,8.8,0.1,24.2,33.4,0.6,0.0
2020-12-29 00:45:00,22.1,8.8,0.1,24.2,33.8,0.59,0.0
2020-12-29 01:00:00,22.1,9.0,0.09,24.2,33.8,0.59,0.0
2020-12-29 01:15:00,22.1,9.0,0.09,24.2,33.4,0.6,0.0
2020-12-29 01:30:00,21.9,9.0,0.09,24.2,33.4,0.6,0.0
2020-12-29 01:45:00,21.9,9.0,0.09,24.2,33.4,0.6,0.0
2020-12-29 02:00:00,21.9,8.5,0.1,24.2,33.4,0.6,0.0
2020-12-29 02:15:00,21.7,8.7,0.1,24.2,33.4,0.6,0.0
2020-12-29 02:30:00,21.7,8.7,0.1,24.2,33.8,0.59,0.0
2020-12-29 02:45:00,21.5,8.7,0.1,24.4,33.4,0.6,0.0
2020-12-29 03:00:00,21.5,8.7,0.1,24.2,33.4,0.6,0.0
2020-12-29 03:15:00,21.5,8.7,0.1,24.2,33.4,0.6,0.0
2020-12-29 03:30:00,21.3,8.7,0.1,24.2,33.4,0.6,0.0
2020-12-29 03:45:00,21.3,8.7,0.1,24.2,33.4,0.6,0.0
2020-12-29 04:00:00,21.3,8.9,0.09,24.2,33.8,0.59,0.0
2020-12-29 04:15:00,21.1,8.9,0.09,24.2,33.4,0.6,0.0
2020-12-29 04:30:00,21.1,8.9,0.09,24.2,33.4,0.6,0.0
2020-12-29 04:45:00,21.1,8.9,0.09,24.2,33.4,0.6,0.0
2020-12-29 05:00:00,20.9,9.0,0.09,24.2,33.4,0.6,0.0
2020-12-29 05:15:00,20.9,8.9,0.09,24.2,33.4,0.6,0.0
2020-12-29 05:30:00,20.9,8.9,0.09,24.2,33.4,0.6,0.0
2020-12-29 05:45:00,20.7,8.9,0.09,24.2,33.4,0.6,0.0
2020-12-29 06:00:00,20.7,8.6,0.1,24.2,33.4,0.6,0.0
2020-12-29 06:15:00,20.5,9.1,0.09,24.2,33.4,0.6,0.0
2020-12-29 06:30:00,20.5,8.6,0.1,24.2,33.4,0.6,0.0
2020-12-29 06:45:00,20.5,8.6,0.1,24.2,33.8,0.59,0.0
2020-12-29 07:00:00,20.5,8.3,0.1,24.2,33.4,0.6,0.0
2020-12-29 07:15:00,20.3,8.3,0.1,24.2,33.4,0.6,0.0
2020-12-29 07:30:00,20.3,8.6,0.1,24.2,33.4,0.6,0.0
2020-12-29 07:45:00,20.3,8.3,0.1,24.2,33.4,0.6,0.0
2020-12-29 08:00:00,20.3,8.3,0.1,24.2,33.4,0.6,0.0
2020-12-29 08:15:00,20.3,8.9,0.09,24.2,33.8,0.59,0.0
2020-12-29 08:30:00,20.5,8.9,0.09,24.2,33.4,0.6,0.0
2020-12-29 08:45:00,20.5,8.6,0.1,23.9,33.4,0.6,0.0
2020-12-29 09:00:00,20.7,8.9,0.09,23.9,33.4,0.6,0.0
2020-12-29 09:15:00,20.9,8.7,0.1,23.9,33.4,0.6,0.0
2020-12-29 09:30:00,21.3,8.7,0.1,23.9,33.4,0.6,0.0
2020-12-29 09:45:00,21.5,8.5,0.1,23.9,33.4,0.6,0.0
2020-12-29 10:00:00,21.7,8.8,0.1,23.9,33.4,0.6,0.0
2020-12-29 10:15:00,22.1,8.8,0.1,23.9,33.4,0.6,0.0
2020-12-29 10:30:00,22.6,8.6,0.1,23.9,33.4,0.6,0.0
2020-12-29 10:45:00,23.0,8.9,0.1,23.9,33.4,0.6,0.0
2020-12-29 11:00:00,23.5,8.7,0.1,23.9,33.4,0.6,0.0
2020-12-29 11:15:00,23.9,9.0,0.1,23.9,33.6,0.59,0.0
2020-12-29 11:30:00,24.4,9.1,0.1,23.9,33.6,0.59,0.0
2020-12-29 11:45:00,24.9,8.8,0.1,23.9,33.4,0.6,0.0
2020-12-29 12:00:00,25.4,9.2,0.1,23.9,33.6,0.59,0.0
2020-12-29 12:15:00,25.9,9.5,0.1,23.9,33.6,0.59,0.0
2020-12-29 12:30:00,26.4,9.3,0.1,23.9,33.6,0.59,0.0
2020-12-29 12:45:00,26.9,9.0,0.1,23.9,33.4,0.6,0.0
2020-12-29 13:00:00,27.2,9.4,0.1,23.9,33.6,0.59,0.0
2020-12-29 13:15:00,27.8,9.1,0.1,23.9,33.6,0.59,0.0
2020-12-29 13:30:00,28.3,8.9,0.11,23.9,33.6,0.59,0.0
2020-12-29 13:45:00,28.9,9.8,0.1,23.9,33.6,0.59,0.0
2020-12-29 14:00:00,28.9,9.6,0.1,23.9,33.6,0.59,0.0
2020-12-29 14:15:00,29.2,9.6,0.1,23.9,33.6,0.59,0.0
2020-12-29 14:30:00,29.5,9.3,0.1,23.9,33.6,0.59,0.0
2020-12-29 14:45:00,29.8,9.1,0.11,23.9,33.6,0.59,0.0
2020-12-29 15:00:00,30.4,9.7,0.1,23.9,33.6,0.59,0.0
2020-12-29 15:15:00,30.4,9.7,0.1,23.9,33.6,0.59,0.0
2020-12-29 15:30:00,30.1,9.7,0.1,23.9,33.6,0.59,0.0
2020-12-29 15:45:00,30.1,9.1,0.11,23.9,33.6,0.59,0.0
2020-12-29 16:00:00,30.1,9.7,0.1,23.9,33.6,0.59,0.0
2020-12-29 16:15:00,30.1,9.7,0.1,23.9,33.6,0.59,0.0
2020-12-29 16:30:00,29.8,9.3,0.1,23.9,33.6,0.59,0.0
2020-12-29 16:45:00,29.5,9.3,0.1,23.9,34.0,0.58,0.0
2020-12-29 17:00:00,29.2,9.6,0.1,23.9,33.6,0.59,0.0
2020-12-29 17:15:00,28.9,9.8,0.1,23.9,33.6,0.59,0.0
2020-12-29 17:30:00,28.6,9.2,0.1,23.9,33.6,0.59,0.0
2020-12-29 17:45:00,28.3,9.2,0.1,24.2,33.6,0.59,0.0
2020-12-29 18:00:00,28.0,9.5,0.1,24.2,33.6,0.59,0.0
2020-12-29 18:15:00,28.0,9.4,0.1,24.2,33.6,0.59,0.0
2020-12-29 18:30:00,27.8,8.8,0.1,24.2,33.4,0.6,0.0
2020-12-29 18:45:00,27.5,9.1,0.1,24.2,33.8,0.59,0.0
2020-12-29 19:00:00,27.2,9.3,0.1,24.2,33.4,0.6,0.0
2020-12-29 19:15:00,26.9,9.3,0.1,24.2,33.4,0.6,0.0
2020-12-29 19:30:00,26.7,9.0,0.1,24.2,33.4,0.6,0.0
2020-12-29 19:45:00,26.7,8.9,0.1,24.2,32.0,0.64,0.0
2020-12-29 20:00:00,26.4,9.2,0.1,24.2,33.4,0.6,0.0
2020-12-29 20:15:00,26.4,9.2,0.1,24.2,33.8,0.59,0.0
2020-12-29 20:30:00,26.2,9.2,0.1,24.2,33.8,0.59,0.0
2020-12-29 20:45:00,26.2,9.2,0.1,24.2,33.4,0.6,0.0
2020-12-29 21:00:00,25.9,8.8,0.1,24.4,33.8,0.59,0.0
2020-12-29 21:15:00,25.9,9.4,0.1,24.4,33.8,0.59,0.0
2020-12-29 21:30:00,25.9,8.8,0.1,24.4,33.8,0.59,0.0
2020-12-29 21:45:00,25.6,8.8,0.1,24.4,33.8,0.59,0.0
2020-12-29 22:00:00,25.6,9.1,0.1,24.4,33.8,0.59,0.0
2020-12-29 22:15:00,25.6,9.1,0.1,24.4,33.4,0.6,0.0
2020-12-29 22:30:00,25.4,9.1,0.1,24.4,33.8,0.59,0.0
2020-12-29 22:45:00,25.4,9.1,0.1,24.4,33.8,0.59,0.0
2020-12-29 23:00:00,25.4,9.1,0.1,24.4,33.8,0.59,0.0
2020-12-29 23:15:00,25.4,9.3,0.1,24.4,33.8,0.59,0.0
2020-12-29 23:30:00,25.1,9.3,0.1,24.4,33.8,0.59,0.0
2020-12-29 23:45:00,25.1,9.3,0.1,24.4,33.8,0.59,0.0
2020-12-30 00:00:00,25.1,9.3,0.1,24.4,33.4,0.6,0.0
2020-12-30 00:15:00,24.9,9.0,0.1,24.4,33.4,0.6,0.0
2020-12-30 00:30:00,24.9,9.0,0.1,24.4,33.8,0.59,0.0
2020-12-30 00:45:00,24.9,9.0,0.1,24.4,33.8,0.59,0.0
2020-12-30 01:00:00,24.9,9.0,0.1,24.4,33.8,0.59,0.0
2020-12-30 01:15:00,24.9,8.7,0.1,24.4,33.8,0.59,0.0
2020-12-30 01:30:00,24.7,8.7,0.1,24.4,33.8,0.59,0.0
2020-12-30 01:45:00,24.7,8.7,0.1,24.4,33.8,0.59,0.0
2020-12-30 02:00:00,24.7,8.7,0.1,24.4,33.8,0.59,0.0
2020-12-30 02:15:00,24.7,9.0,0.1,24.4,33.8,0.59,0.0
2020-12-30 02:30:00,24.7,9.2,0.09,24.4,33.4,0.6,0.0
2020-12-30 02:45:00,24.4,9.2,0.09,24.4,33.8,0.59,0.0
2020-12-30 03:00:00,24.4,8.9,0.1,24.4,33.8,0.59,0.0
2020-12-30 03:15:00,24.4,8.9,0.1,24.4,33.4,0.6,0.0
2020-12-30 03:30:00,24.4,9.2,0.1,24.4,33.8,0.59,0.0
2020-12-30 03:45:00,24.4,8.9,0.1,24.7,33.8,0.59,0.0
2020-12-30 04:00:00,24.2,8.9,0.1,24.4,33.8,0.59,0.0
2020-12-30 04:15:00,24.2,8.9,0.1,24.4,33.8,0.59,0.0
2020-12-30 04:30:00,24.2,8.9,0.1,24.7,33.4,0.6,0.0
2020-12-30 04:45:00,24.2,8.9,0.1,24.7,33.8,0.59,0.0
2020-12-30 05:00:00,24.2,8.9,0.1,24.7,33.8,0.59,0.0
2020-12-30 05:15:00,23.9,9.1,0.09,24.4,32.9,0.6,0.0
2020-12-30 05:30:00,23.9,9.1,0.09,24.7,33.8,0.59,0.0
2020-12-30 05:45:00,23.9,8.6,0.1,24.7,33.8,0.59,0.0
2020-12-30 06:00:00,23.9,9.1,0.09,24.7,33.8,0.59,0.0
2020-12-30 06:15:00,23.7,9.1,0.09,24.4,33.8,0.59,0.0
2020-12-30 06:30:00,23.7,8.6,0.1,24.7,33.8,0.59,0.0
2020-12-30 06:45:00,23.7,8.6,0.1,24.7,33.4,0.6,0.0
2020-12-30 07:00:00,23.7,8.6,0.1,24.7,33.8,0.59,0.0
2020-12-30 07:15:00,23.7,8.6,0.1,24.4,33.8,0.59,0.0
2020-12-30 07:30:00,23.7,8.6,0.1,24.4,33.8,0.59,0.0
2020-12-30 07:45:00,23.7,9.1,0.09,24.7,33.8,0.59,0.0
2020-12-30 08:00:00,23.7,8.6,0.1,24.7,33.8,0.59,0.0
2020-12-30 08:15:00,23.7,8.6,0.1,24.7,33.8,0.59,0.0
2020-12-30 08:30:00,23.7,9.1,0.09,24.7,33.8,0.59,0.0
2020-12-30 08:45:00,23.9,8.9,0.1,24.4,33.8,0.59,0.0
2020-12-30 09:00:00,23.9,9.1,0.09,24.4,33.8,0.59,0.0
2020-12-30 09:15:00,24.2,8.9,0.1,24.4,33.4,0.6,0.0
2020-12-30 09:30:00,24.4,8.9,0.1,24.4,33.8,0.59,0.0
2020-12-30 09:45:00,24.4,9.0,0.1,24.4,33.8,0.59,0.0
2020-12-30 10:00:00,24.7,8.7,0.1,24.4,33.8,0.59,0.0
2020-12-30 10:15:00,24.9,9.0,0.1,24.4,33.8,0.59,0.0
2020-12-30 10:30:00,24.9,9.0,0.1,24.4,33.4,0.6,0.0
2020-12-30 10:45:00,25.1,8.7,0.1,23.3,32.0,0.61,0.0
2020-12-30 11:00:00,25.4,9.3,0.1,24.4,33.8,0.59,0.0
2020-12-30 11:15:00,25.6,9.1,0.1,24.4,33.8,0.59,0.0
2020-12-30 11:30:00,26.2,8.8,0.1,24.4,33.4,0.6,0.0
2020-12-30 11:45:00,26.7,9.2,0.1,24.4,33.8,0.59,0.0
2020-12-30 12:00:00,27.2,9.3,0.1,24.4,33.8,0.59,0.0
2020-12-30 12:15:00,27.8,9.0,0.1,24.4,33.4,0.6,0.0
2020-12-30 12:30:00,28.3,8.8,0.1,24.4,33.4,0.6,0.0
2020-12-30 12:45:00,28.9,9.1,0.1,24.4,33.8,0.59,0.0
2020-12-30 13:00:00,29.2,8.9,0.1,24.4,33.4,0.6,0.0
2020-12-30 13:15:00,29.8,9.8,0.1,24.4,33.4,0.6,0.0
2020-12-30 13:30:00,30.1,9.6,0.1,24.4,33.4,0.6,0.0
2020-12-30 13:45:00,30.4,9.6,0.1,24.4,33.8,0.59,0.0
2020-12-30 14:00:00,30.7,9.3,0.1,24.4,33.8,0.59,0.0
2020-12-30 14:15:00,31.1,9.1,0.11,24.4,33.8,0.59,0.0
2020-12-30 14:30:00,31.4,9.1,0.1,24.4,33.8,0.59,0.0
2020-12-30 14:45:00,31.4,9.4,0.1,24.4,33.8,0.59,0.0
2020-12-30 15:00:00,31.4,9.1,0.1,24.4,33.8,0.59,0.0
2020-12-30 15:15:00,31.1,9.3,0.1,24.4,33.8,0.59,0.0
2020-12-30 15:30:00,30.7,9.6,0.1,24.7,33.8,0.59,0.0
2020-12-30 15:45:00,30.4,9.6,0.1,24.7,33.8,0.59,0.0
2020-12-30 16:00:00,30.4,9.0,0.1,24.7,33.8,0.59,0.0
2020-12-30 16:15:00,30.1,9.2,0.1,24.7,33.8,0.59,0.0
2020-12-30 16:30:00,30.1,9.2,0.1,24.7,33.8,0.59,0.0
2020-12-30 16:45:00,29.8,9.2,0.1,24.7,33.8,0.59,0.0
2020-12-30 17:00:00,29.8,9.5,0.1,24.7,33.8,0.59,0.0
2020-12-30 17:15:00,29.5,9.5,0.1,24.7,33.8,0.59,0.0
2020-12-30 17:30:00,29.5,9.1,0.1,24.7,33.8,0.59,0.0
2020-12-30 17:45:00,29.2,9.1,0.1,24.7,33.8,0.59,0.0
2020-12-30 18:00:00,28.9,9.4,0.1,24.7,33.8,0.59,0.0
2020-12-30 18:15:00,28.6,9.0,0.1,24.7,33.8,0.59,0.0
2020-12-30 18:30:00,28.6,9.3,0.1,24.7,33.8,0.59,0.0
2020-12-30 18:45:00,28.3,8.9,0.1,24.7,33.8,0.59,0.0
2020-12-30 19:00:00,28.0,8.9,0.1,24.7,33.8,0.59,0.0
2020-12-30 19:15:00,28.0,8.9,0.1,24.7,33.8,0.59,0.0
2020-12-30 19:30:00,28.0,9.2,0.1,24.9,33.8,0.59,0.0
2020-12-30 19:45:00,27.5,8.6,0.1,24.9,33.8,0.59,0.0
2020-12-30 20:00:00,27.5,8.8,0.1,24.9,33.8,0.59,0.0
2020-12-30 20:15:00,27.2,8.8,0.1,24.9,33.8,0.59,0.0
2020-12-30 20:30:00,27.2,8.8,0.1,24.9,33.8,0.59,0.0
2020-12-30 20:45:00,26.9,9.1,0.1,24.9,33.8,0.59,0.0
2020-12-30 21:00:00,26.9,9.1,0.1,24.9,33.8,0.59,0.0
2020-12-30 21:15:00,26.7,9.1,0.1,24.9,33.8,0.59,0.0
2020-12-30 21:30:00,26.7,9.3,0.09,24.9,33.8,0.59,0.0
2020-12-30 21:45:00,26.4,9.3,0.09,24.9,33.8,0.59,0.0
2020-12-30 22:00:00,26.4,8.7,0.1,24.9,33.8,0.59,0.0
2020-12-30 22:15:00,26.2,9.0,0.1,24.9,33.8,0.59,0.0
2020-12-30 22:30:00,26.2,9.0,0.1,24.9,33.8,0.59,0.0
2020-12-30 22:45:00,25.9,9.0,0.1,24.9,33.6,0.6,0.0
2020-12-30 23:00:00,25.9,9.0,0.1,24.9,33.8,0.59,0.0
2020-12-30 23:15:00,25.9,9.2,0.09,24.9,33.8,0.59,0.0
2020-12-30 23:30:00,25.6,9.2,0.09,24.9,33.8,0.59,0.0
2020-12-30 23:45:00,25.6,9.2,0.09,24.9,33.8,0.59,0.0
2020-12-31 00:00:00,25.4,9.2,0.09,24.9,33.6,0.6,0.0
2020-12-31 00:15:00,25.4,8.9,0.09,25.1,33.8,0.59,0.0
2020-12-31 00:30:00,25.1,9.1,0.09,25.1,33.6,0.6,0.0
2020-12-31 00:45:00,25.1,8.6,0.1,25.1,33.6,0.6,0.0
2020-12-31 01:00:00,25.1,8.6,0.1,25.1,33.6,0.6,0.0
2020-12-31 01:15:00,24.9,8.6,0.1,25.1,33.6,0.6,0.0
2020-12-31 01:30:00,24.9,8.8,0.09,25.1,33.6,0.6,0.0
2020-12-31 01:45:00,24.7,8.8,0.09,25.1,33.6,0.6,0.0
2020-12-31 02:00:00,24.7,8.8,0.09,25.1,33.6,0.6,0.0
2020-12-31 02:15:00,24.7,8.8,0.09,25.1,33.6,0.6,0.0
2020-12-31 02:30:00,24.4,8.8,0.09,25.1,33.6,0.6,0.0
2020-12-31 02:45:00,24.4,8.8,0.09,25.1,33.6,0.6,0.0
2020-12-31 03:00:00,24.4,9.0,0.09,25.1,33.6,0.6,0.0
2020-12-31 03:15:00,24.2,9.0,0.09,25.1,33.8,0.59,0.0
2020-12-31 03:30:00,24.2,8.5,0.1,25.1,33.6,0.6,0.0
2020-12-31 03:45:00,24.2,9.0,0.09,25.1,33.6,0.6,0.0
2020-12-31 04:00:00,23.9,9.0,0.09,25.1,33.6,0.6,0.0
2020-12-31 04:15:00,23.9,8.5,0.1,25.1,33.6,0.6,0.0
2020-12-31 04:30:00,23.9,8.7,0.09,25.1,33.6,0.6,0.0
2020-12-31 04:45:00,23.9,8.7,0.09,25.1,33.8,0.59,0.0
2020-12-31 05:00:00,23.7,8.7,0.09,25.1,33.6,0.6,0.0
2020-12-31 05:15:00,23.7,8.7,0.09,25.1,33.6,0.6,0.0
2020-12-31 05:30:00,23.7,8.7,0.09,25.1,33.6,0.6,0.0
2020-12-31 05:45:00,23.7,8.7,0.09,25.1,33.6,0.6,0.0
2020-12-31 06:00:00,23.5,8.7,0.09,25.1,33.6,0.6,0.0
2020-12-31 06:15:00,23.5,8.7,0.09,25.1,33.8,0.59,0.0
2020-12-31 06:30:00,23.5,8.7,0.09,24.9,33.6,0.6,0.0
2020-12-31 06:45:00,23.3,8.7,0.09,25.1,33.8,0.59,0.0
2020-12-31 07:00:00,23.3,8.7,0.09,24.9,33.6,0.6,0.0
2020-12-31 07:15:00,23.3,8.9,0.09,24.9,33.6,0.6,0.0
2020-12-31 07:30:00,23.3,8.9,0.09,24.9,33.6,0.6,0.0
2020-12-31 07:45:00,23.0,8.9,0.09,24.9,33.6,0.6,0.0
2020-12-31 08:00:00,23.0,8.9,0.09,24.9,33.6,0.6,0.0
2020-12-31 08:15:00,23.3,8.9,0.09,24.9,33.6,0.6,0.0
2020-12-31 08:30:00,23.3,8.9,0.09,24.9,33.6,0.6,0.0
2020-12-31 08:45:00,23.5,8.7,0.09,24.9,33.8,0.59,0.0
2020-12-31 09:00:00,23.5,8.7,0.09,24.9,33.8,0.59,0.0
2020-12-31 09:15:00,23.7,8.7,0.09,24.9,33.8,0.59,0.0
2020-12-31 09:30:00,23.7,8.7,0.09,24.9,33.8,0.59,0.2
2020-12-31 09:45:00,23.7,8.7,0.09,24.9,33.8,0.59,0.4
2020-12-31 10:00:00,23.9,8.7,0.09,24.9,33.8,0.59,0.2
2020-12-31 10:15:00,23.9,8.5,0.1,24.9,33.8,0.59,0.2
2020-12-31 10:30:00,23.9,8.5,0.1,24.9,33.8,0.59,0.2
2020-12-31 10:45:00,23.9,9.0,0.09,24.9,33.6,0.6,0.0
2020-12-31 11:00:00,23.9,8.5,0.1,24.9,33.8,0.59,0.2
2020-12-31 11:15:00,24.2,9.0,0.09,24.9,33.8,0.59,0.0
2020-12-31 11:30:00,24.2,9.0,0.09,24.9,33.8,0.59,0.0
2020-12-31 11:45:00,24.2,8.1,0.1,24.9,33.8,0.59,0.0
2020-12-31 12:00:00,24.4,8.8,0.09,24.9,33.8,0.59,0.0
2020-12-31 12:15:00,24.7,8.8,0.09,24.9,33.8,0.59,0.0
2020-12-31 12:30:00,24.7,8.8,0.09,24.9,33.8,0.59,0.0
2020-12-31 12:45:00,24.9,8.8,0.09,24.9,33.8,0.59,0.0
2020-12-31 13:00:00,24.9,8.6,0.1,24.9,33.8,0.59,0.0
2020-12-31 13:15:00,25.1,8.6,0.1,24.9,33.8,0.59,0.0
2020-12-31 13:30:00,25.1,8.6,0.1,24.9,33.8,0.59,0.0
2020-12-31 13:45:00,25.1,8.6,0.1,24.9,33.8,0.59,0.0
2020-12-31 14:00:00,25.1,8.6,0.1,24.9,33.8,0.59,0.0
2020-12-31 14:15:00,25.1,8.6,0.1,24.9,33.8,0.59,0.0
2020-12-31 14:30:00,24.9,8.6,0.1,24.9,33.8,0.59,0.0
2020-12-31 14:45:00,24.9,8.6,0.1,24.9,33.8,0.59,0.0
2020-12-31 15:00:00,24.9,8.6,0.1,24.9,33.8,0.59,0.0
2020-12-31 15:15:00,24.9,8.6,0.1,24.9,33.8,0.59,0.0
2020-12-31 15:30:00,24.9,8.6,0.1,24.7,33.8,0.59,0.0
2020-12-31 15:45:00,24.7,8.8,0.09,24.9,33.8,0.59,0.0
2020-12-31 16:00:00,24.7,8.6,0.1,24.9,33.8,0.59,0.0
2020-12-31 16:15:00,24.7,8.8,0.09,24.9,33.8,0.59,0.0
2020-12-31 16:30:00,24.7,8.8,0.09,24.7,33.8,0.59,0.0
2020-12-31 16:45:00,24.7,8.8,0.09,24.9,33.8,0.59,0.0
2020-12-31 17:00:00,24.4,8.8,0.09,24.7,33.8,0.59,0.0
2020-12-31 17:15:00,24.4,8.8,0.09,24.9,33.8,0.59,0.0
2020-12-31 17:30:00,24.4,8.8,0.09,24.7,33.8,0.59,0.0
2020-12-31 17:45:00,24.2,8.8,0.09,24.7,33.8,0.59,0.0
2020-12-31 18:00:00,24.2,8.8,0.09,24.7,33.8,0.59,0.0
2020-12-31 18:15:00,24.2,8.8,0.09,24.7,33.8,0.59,0.0
2020-12-31 18:30:00,23.9,8.8,0.09,24.7,33.8,0.59,0.0
2020-12-31 18:45:00,23.9,8.8,0.09,24.7,33.8,0.59,0.0
2020-12-31 19:00:00,23.9,9.0,0.09,24.7,33.8,0.59,0.0
2020-12-31 19:15:00,23.7,9.0,0.09,24.7,33.8,0.59,0.0
2020-12-31 19:30:00,23.7,9.0,0.09,24.7,33.8,0.59,0.0
2020-12-31 19:45:00,23.7,9.0,0.09,24.7,33.8,0.59,0.0
2020-12-31 20:00:00,23.5,9.0,0.09,24.7,33.8,0.59,0.0
2020-12-31 20:15:00,23.5,9.0,0.09,24.7,33.8,0.59,0.0
2020-12-31 20:30:00,23.5,9.0,0.09,24.7,33.8,0.59,0.0
2020-12-31 20:45:00,23.5,9.0,0.09,24.7,33.8,0.59,0.0
2020-12-31 21:00:00,23.3,9.0,0.09,24.7,33.8,0.59,0.0
2020-12-31 21:15:00,23.3,8.7,0.09,24.7,33.8,0.59,0.0
2020-12-31 21:30:00,23.3,8.7,0.09,24.7,33.8,0.59,0.0
2020-12-31 21:45:00,23.3,8.7,0.09,24.7,33.8,0.59,0.0
2020-12-31 22:00:00,23.0,8.7,0.09,24.7,33.8,0.59,0.0
2020-12-31 22:15:00,23.0,8.7,0.09,24.7,33.8,0.59,0.0
2020-12-31 22:30:00,23.0,8.7,0.09,24.7,33.8,0.59,0.0
2020-12-31 22:45:00,23.0,8.7,0.09,24.7,33.8,0.59,0.0
2020-12-31 23:00:00,22.8,8.7,0.09,24.7,33.8,0.59,0.0
2020-12-31 23:15:00,22.8,8.4,0.1,24.7,33.8,0.59,0.0
2020-12-31 23:30:00,22.8,8.9,0.09,24.7,33.8,0.59,0.0
2020-12-31 23:45:00,22.8,8.9,0.09,24.7,33.8,0.59,0.0
